CELL_LINE_NAME,STRIPPED_CELL_LINE_NAME,DEPMAP_ID,GDSC_COSMIC_ID,SANGER_MODEL_ID,CCLE_NAME,CTRPV2_NAME,DEPMAP_MODEL_ID_ALIAS,OncotreeLineage,OncotreePrimaryDisease,GDSC1_AVAILABLE,GDSC2_AVAILABLE,CTD2_AVAILABLE,CTRPV2_AVAILABLE,PRISM_AVAILABLE,PRISM_HAS_MEASUREMENTS,PRISM_NONMISSING_MEASUREMENTS,GDSC_EXPRESSION_AVAILABLE,DEPMAP_EXPRESSION_AVAILABLE,NOTES
NIH:OVCAR-3,NIHOVCAR3,ACH-000001,905933.0,SIDM00105,NIHOVCAR3_OVARY,,,Ovary/Fallopian Tube,Ovarian Epithelial Tumor,True,True,False,False,True,True,192,True,True,
HL-60,HL60,ACH-000002,905938.0,SIDM00829,HL60_HAEMATOPOIETIC_AND_LYMPHOID_TISSUE,,,Myeloid,Acute Myeloid Leukemia,True,True,True,False,False,False,0,True,True,
CACO2,CACO2,ACH-000003,,SIDM00891,CACO2_LARGE_INTESTINE,,,Bowel,Colorectal Adenocarcinoma,False,False,False,False,False,False,0,False,True,
HEL,HEL,ACH-000004,907053.0,SIDM00594,HEL_HAEMATOPOIETIC_AND_LYMPHOID_TISSUE,HEL,,Myeloid,Acute Myeloid Leukemia,True,True,True,True,True,True,192,True,True,
HEL 92.1.7,HEL9217,ACH-000005,,SIDM00593,HEL9217_HAEMATOPOIETIC_AND_LYMPHOID_TISSUE,,,Myeloid,Acute Myeloid Leukemia,False,False,True,False,True,True,191,False,True,
MONO-MAC-6,MONOMAC6,ACH-000006,908148.0,SIDM01023,MONOMAC6_HAEMATOPOIETIC_AND_LYMPHOID_TISSUE,,,Myeloid,Acute Myeloid Leukemia,True,True,True,False,True,True,152,True,True,
LS513,LS513,ACH-000007,907795.0,SIDM00677,LS513_LARGE_INTESTINE,LS513,ACH-001078,Bowel,Colorectal Adenocarcinoma,True,True,True,True,True,True,1349,True,True,
A101D,A101D,ACH-000008,910921.0,SIDM00801,A101D_SKIN,A101D,,Skin,Melanoma,True,True,True,True,True,True,1415,True,True,
C2BBe1,C2BBE1,ACH-000009,910700.0,SIDM01233,C2BBE1_LARGE_INTESTINE,C2BBE1,,Bowel,Colorectal Adenocarcinoma,True,True,True,True,False,False,0,True,True,
253J,253J,ACH-000011,,,253J_URINARY_TRACT,253J,,Bladder/Urinary Tract,Bladder Urothelial Carcinoma,False,False,False,True,True,True,1364,False,True,
HCC-827,HCC827,ACH-000012,1240146.0,SIDM01067,HCC827_LUNG,HCC827,,Lung,Non-Small Cell Lung Cancer,True,True,True,True,True,True,1463,True,True,
ONCO-DG-1,ONCODG1,ACH-000013,,SIDM00093,ONCODG1_OVARY,ONCODG1,,Ovary/Fallopian Tube,Ovarian Epithelial Tumor,False,False,True,True,True,True,1404,False,True,
Hs 294T,HS294T,ACH-000014,,SIDM00800,HS294T_SKIN,HS294T,,Skin,Melanoma,False,False,True,True,True,True,1419,False,True,
NCI-H1581,NCIH1581,ACH-000015,908471.0,SIDM00748,NCIH1581_LUNG,NCIH1581,ACH-000010,Lung,Non-Small Cell Lung Cancer,True,True,True,True,True,True,1325,True,True,
SLR 21,SLR21,ACH-000016,,,SLR21_KIDNEY,,,Kidney,Renal Cell Carcinoma,False,False,False,False,False,False,0,False,True,
SK-BR-3,SKBR3,ACH-000017,,SIDM00897,SKBR3_BREAST,SKBR3,,Breast,Invasive Breast Carcinoma,False,False,True,True,False,False,0,False,True,
T24,T24,ACH-000018,724812.0,SIDM01184,T24_URINARY_TRACT,T24,,Bladder/Urinary Tract,Bladder Urothelial Carcinoma,True,True,True,True,True,True,1379,True,True,
MCF-7,MCF7,ACH-000019,905946.0,SIDM00148,MCF7_BREAST,MCF7,,Breast,Invasive Breast Carcinoma,True,True,True,True,True,True,1360,True,True,
MHH-CALL-2,MHHCALL2,ACH-000020,908132.0,SIDM00331,MHHCALL2_HAEMATOPOIETIC_AND_LYMPHOID_TISSUE,,,Lymphoid,B-Cell Acute Lymphoblastic Leukemia,True,True,False,False,False,False,0,True,True,
NCI-H1693,NCIH1693,ACH-000021,687802.0,SIDM00742,NCIH1693_LUNG,NCIH1693,,Lung,Non-Small Cell Lung Cancer,True,True,False,True,True,True,1378,True,True,
PA-TU-8988S,PATU8988S,ACH-000022,,SIDM00452,PATU8988S_PANCREAS,PATU8988S,,Pancreas,Pancreatic Adenocarcinoma,False,False,True,True,True,True,1375,False,True,
PA-TU-8988T,PATU8988T,ACH-000023,1240201.0,SIDM00453,PATU8988T_PANCREAS,PATU8988T,,Pancreas,Pancreatic Adenocarcinoma,True,True,True,True,True,True,1444,True,True,
OPM-2,OPM2,ACH-000024,909249.0,SIDM00457,OPM2_HAEMATOPOIETIC_AND_LYMPHOID_TISSUE,,,Lymphoid,Mature B-Cell Neoplasms,True,True,True,False,False,False,0,True,True,
CH-157MN,CH157MN,ACH-000025,,,CH157MN_CENTRAL_NERVOUS_SYSTEM,,,CNS/Brain,Meningothelial Tumor,False,False,False,False,True,True,191,False,True,
253J-BV,253JBV,ACH-000026,,,253JBV_URINARY_TRACT,253JBV,,Bladder/Urinary Tract,Bladder Urothelial Carcinoma,False,False,False,True,True,True,1428,False,True,
GOS-3,GOS3,ACH-000027,,,GOS3_CENTRAL_NERVOUS_SYSTEM,GOS3,,CNS/Brain,Adult-Type Diffuse Glioma,False,False,True,True,True,True,1408,False,True,
KPL-1,KPL1,ACH-000028,,SIDM00147,KPL1_BREAST,KPL1,,Breast,Invasive Breast Carcinoma,False,False,True,True,False,False,0,False,True,
HCC-827-GR5,HCC827GR5,ACH-000029,,,HCC827GR5_LUNG,,,Lung,Non-Small Cell Lung Cancer,False,False,False,False,False,False,0,False,True,
PC-14,PC14,ACH-000030,753608.0,SIDM00237,PC14_LUNG,PC14,,Lung,Non-Small Cell Lung Cancer,True,True,True,True,True,True,966,True,True,
Panc 02.13,PANC0213,ACH-000031,,,PANC0213_PANCREAS,,,Pancreas,Pancreatic Adenocarcinoma,False,False,False,False,False,False,0,False,True,
MHH-CALL-3,MHHCALL3,ACH-000032,,,MHHCALL3_HAEMATOPOIETIC_AND_LYMPHOID_TISSUE,,,Lymphoid,B-Cell Acute Lymphoblastic Leukemia,False,False,True,False,False,False,0,False,True,
NCI-H1819,NCIH1819,ACH-000033,,,NCIH1819_LUNG,,,Lung,Non-Small Cell Lung Cancer,False,False,False,False,False,False,0,False,True,
PLB-985,PLB985,ACH-000034,,SIDM00811,PLB985_HAEMATOPOIETIC_AND_LYMPHOID_TISSUE,,,Myeloid,Acute Myeloid Leukemia,False,False,False,False,False,False,0,False,True,
NCI-H1650,NCIH1650,ACH-000035,687800.0,SIDM00745,NCIH1650_LUNG,NCIH1650,,Lung,Non-Small Cell Lung Cancer,True,True,True,True,True,True,1416,True,True,
U343,U343,ACH-000036,,,U343_CENTRAL_NERVOUS_SYSTEM,,,CNS/Brain,Adult-Type Diffuse Glioma,False,False,False,False,True,True,190,False,True,
S-117,S117,ACH-000037,,SIDM00035,S117_THYROID,,,Soft Tissue,"Sarcoma, NOS",False,False,False,False,True,True,1365,False,True,
EHEB,EHEB,ACH-000038,906854.0,SIDM01049,EHEB_HAEMATOPOIETIC_AND_LYMPHOID_TISSUE,,,Lymphoid,Non-Cancerous,True,False,True,False,False,False,0,True,True,
SK-N-MC,SKNMC,ACH-000039,,SIDM00634,SKNMC_BONE,SKNMC,,Bone,Ewing Sarcoma,False,False,True,True,True,True,191,False,True,
U-118 MG,U118MG,ACH-000040,687588.0,SIDM01193,U118MG_CENTRAL_NERVOUS_SYSTEM,U118MG,,CNS/Brain,Adult-Type Diffuse Glioma,True,True,True,True,True,True,1398,True,True,
RD-ES,RDES,ACH-000041,,,RDES_BONE,,,Bone,Ewing Sarcoma,False,False,True,False,True,True,189,False,True,
Panc 02.03,PANC0203,ACH-000042,1298475.0,SIDM01139,PANC0203_PANCREAS,PANC0203,,Pancreas,Pancreatic Adenocarcinoma,True,True,True,True,True,True,1369,True,True,
Hs 895.T,HS895T,ACH-000043,,,HS895T_FIBROBLAST,HS895T,,Fibroblast,Non-Cancerous,False,False,True,True,False,False,0,False,True,
MDA-MB-134-VI,MDAMB134VI,ACH-000044,,SIDM00005,MDAMB134VI_BREAST,,,Breast,Invasive Breast Carcinoma,False,False,False,False,False,False,0,False,True,
MV4-11,MV411,ACH-000045,908156.0,SIDM00657,MV411_HAEMATOPOIETIC_AND_LYMPHOID_TISSUE,,ACH-001288,Myeloid,Acute Myeloid Leukemia,True,True,True,False,False,False,0,True,True,
ACHN,ACHN,ACH-000046,905950.0,SIDM00123,ACHN_KIDNEY,ACHN,,Kidney,Renal Cell Carcinoma,True,True,True,True,True,True,1445,True,True,
GCIY,GCIY,ACH-000047,906869.0,SIDM00274,GCIY_STOMACH,,,Esophagus/Stomach,Esophagogastric Adenocarcinoma,True,True,False,False,True,True,1356,True,False,
TOV-112D,TOV112D,ACH-000048,1299070.0,SIDM01170,TOV112D_OVARY,TOV112D,,Ovary/Fallopian Tube,Ovarian Epithelial Tumor,True,True,True,True,True,True,1423,True,True,
HEK TE,HEKTE,ACH-000049,,,HEKTE_KIDNEY,,,Kidney,Non-Cancerous,False,False,False,False,False,False,0,False,True,
NCI-H929,NCIH929,ACH-000050,724825.0,SIDM01148,NCIH929_HAEMATOPOIETIC_AND_LYMPHOID_TISSUE,,,Lymphoid,Mature B-Cell Neoplasms,True,True,True,False,False,False,0,True,True,
TE 617.T,TE617T,ACH-000051,,,TE617T_SOFT_TISSUE,TE617T,,Soft Tissue,Rhabdomyosarcoma,False,False,True,True,True,True,188,False,True,
A-673,A673,ACH-000052,684052.0,SIDM00848,A673_BONE,A673,,Bone,Ewing Sarcoma,True,True,True,True,True,True,1373,True,True,
KARPAS-299,KARPAS299,ACH-000053,907273.0,SIDM01010,KARPAS299_HAEMATOPOIETIC_AND_LYMPHOID_TISSUE,,,Lymphoid,Mature T and NK Neoplasms,True,True,True,False,True,True,192,True,True,
HT-1080,HT1080,ACH-000054,907064.0,SIDM00828,HT1080_SOFT_TISSUE,HT1080,,Soft Tissue,Fibrosarcoma,True,True,True,True,True,True,1253,True,True,
D283 Med,D283MED,ACH-000055,906834.0,SIDM00888,D283MED_CENTRAL_NERVOUS_SYSTEM,D283MED,,CNS/Brain,Embryonal Tumor,True,True,True,True,False,False,0,True,True,
DOHH-2,DOHH2,ACH-000056,906842.0,SIDM00981,DOHH2_HAEMATOPOIETIC_AND_LYMPHOID_TISSUE,,,Lymphoid,Mature B-Cell Neoplasms,True,True,True,False,True,True,189,True,True,
OPM-1,OPM1,ACH-000057,,SIDM00456,OPM1_HAEMATOPOIETIC_AND_LYMPHOID_TISSUE,,,Lymphoid,Mature B-Cell Neoplasms,False,False,False,False,False,False,0,False,True,
ML-1,ML1,ACH-000058,1240178.0,SIDM00442,ML1_THYROID,ML1,,Thyroid,Well-Differentiated Thyroid Cancer,True,True,True,True,False,False,0,True,True,
SUP-B15,SUPB15,ACH-000059,1247871.0,SIDM01176,SUPB15_HAEMATOPOIETIC_AND_LYMPHOID_TISSUE,,,Lymphoid,B-Cell Acute Lymphoblastic Leukemia,True,True,True,False,True,True,192,True,True,
Panc 10.05,PANC1005,ACH-000060,925348.0,SIDM01135,PANC1005_PANCREAS,PANC1005,,Pancreas,Pancreatic Adenocarcinoma,True,True,True,True,True,True,1264,True,True,
HH,HH,ACH-000061,907056.0,SIDM00671,HH_HAEMATOPOIETIC_AND_LYMPHOID_TISSUE,,,Lymphoid,Non-Hodgkin Lymphoma,True,True,True,False,True,True,190,True,True,
RERF-LC-MS,RERFLCMS,ACH-000062,910931.0,SIDM00355,RERFLCMS_LUNG,RERFLCMS,,Lung,Non-Small Cell Lung Cancer,True,True,True,True,True,True,1236,True,True,
Hs 616.T,HS616T,ACH-000063,,SIDM01566,HS616T_FIBROBLAST,,,Fibroblast,Non-Cancerous,False,False,False,False,False,False,0,False,True,
SALE,SALE,ACH-000064,,,SALE_LUNG,,,Lung,Non-Cancerous,False,False,False,False,False,False,0,False,True,
OCI-AML5,OCIAML5,ACH-000065,1330983.0,SIDM00461,OCIAML5_HAEMATOPOIETIC_AND_LYMPHOID_TISSUE,,,Myeloid,Acute Myeloid Leukemia,True,True,True,False,True,True,192,True,True,
HCC4006,HCC4006,ACH-000066,,,HCC4006_LUNG,HCC4006,,Lung,Non-Small Cell Lung Cancer,False,False,True,True,True,True,1435,False,True,
Hs 683,HS683,ACH-000067,1240150.0,SIDM00666,HS683_CENTRAL_NERVOUS_SYSTEM,HS683,,CNS/Brain,Adult-Type Diffuse Glioma,True,True,True,True,True,True,190,True,True,
REC-1,REC1,ACH-000068,,SIDM01773,REC1_HAEMATOPOIETIC_AND_LYMPHOID_TISSUE,,,Lymphoid,Mature B-Cell Neoplasms,False,False,True,False,False,False,0,False,True,
Hs 611.T,HS611T,ACH-000069,,,HS611T_HAEMATOPOIETIC_AND_LYMPHOID_TISSUE,HS611T,,Lymphoid,Hodgkin Lymphoma,False,False,True,True,True,True,189,False,True,
697,697,ACH-000070,906800.0,SIDM01076,697_HAEMATOPOIETIC_AND_LYMPHOID_TISSUE,,,Lymphoid,B-Cell Acute Lymphoblastic Leukemia,True,True,True,False,True,True,188,True,True,
Hs 706.T,HS706T,ACH-000071,,SIDM01704,HS706T_BONE,,,Fibroblast,Non-Cancerous,False,False,False,False,False,False,0,False,True,
MEG-01,MEG01,ACH-000072,908126.0,SIDM00526,MEG01_HAEMATOPOIETIC_AND_LYMPHOID_TISSUE,,,Myeloid,Myeloproliferative Neoplasms,True,True,False,False,True,True,186,True,True,
GRANTA-519,GRANTA519,ACH-000073,1303897.0,SIDM01058,GRANTA519_HAEMATOPOIETIC_AND_LYMPHOID_TISSUE,,,Lymphoid,Mature B-Cell Neoplasms,True,True,True,False,True,True,189,True,True,
KU812,KU812,ACH-000074,907311.0,SIDM00308,KU812_HAEMATOPOIETIC_AND_LYMPHOID_TISSUE,,,Myeloid,Myeloproliferative Neoplasms,True,True,True,False,True,True,192,True,True,
U-87 MG,U87MG,ACH-000075,687590.0,SIDM01189,U87MG_CENTRAL_NERVOUS_SYSTEM,U87MG,,CNS/Brain,Adult-Type Diffuse Glioma,True,True,True,True,True,True,190,True,True,
NCO2,NCO2,ACH-000076,,,NCO2_HAEMATOPOIETIC_AND_LYMPHOID_TISSUE,,,Myeloid,Myeloproliferative Neoplasms,False,False,True,False,True,True,153,False,True,
MJ,MJ,ACH-000077,,,MJ_HAEMATOPOIETIC_AND_LYMPHOID_TISSUE,,,Lymphoid,Non-Hodgkin Lymphoma,False,False,True,False,False,False,0,False,True,
MHH-NB-11,MHHNB11,ACH-000078,908135.0,SIDM00387,MHHNB11_AUTONOMIC_GANGLIA,MHHNB11,,Peripheral Nervous System,Neuroblastoma,True,True,True,True,True,True,192,True,True,
TE 125.T,TE125T,ACH-000079,,SIDM01763,TE125T_FIBROBLAST,,,Fibroblast,Non-Cancerous,False,False,False,False,False,False,0,False,True,
BDCM,BDCM,ACH-000080,,,BDCM_HAEMATOPOIETIC_AND_LYMPHOID_TISSUE,,,Myeloid,Acute Myeloid Leukemia,False,False,True,False,True,True,154,False,True,
GDM-1,GDM1,ACH-000081,906870.0,SIDM01057,GDM1_HAEMATOPOIETIC_AND_LYMPHOID_TISSUE,,,Myeloid,Acute Myeloid Leukemia,True,True,True,False,True,True,115,True,True,
"G-292, clone A141B1",G292CLONEA141B1,ACH-000082,1290807.0,SIDM00858,G292CLONEA141B1_BONE,G292CLONEA141B1,,Bone,Osteosarcoma,True,True,True,True,True,True,1276,True,True,
Hs 281.T,HS281T,ACH-000083,,SIDM01594,HS281T_FIBROBLAST,,,Fibroblast,Non-Cancerous,False,False,False,False,False,False,0,False,True,
MUTZ-3,MUTZ3,ACH-000084,,,MUTZ3_HAEMATOPOIETIC_AND_LYMPHOID_TISSUE,,,Myeloid,Acute Myeloid Leukemia,False,False,False,False,False,False,0,False,True,
T3M-4,T3M4,ACH-000085,,,T3M4_PANCREAS,,,Pancreas,Pancreatic Adenocarcinoma,False,False,False,False,False,False,0,False,True,
ACC-MESO-1,ACCMESO1,ACH-000086,,,ACCMESO1_PLEURA,ACCMESO1,,Pleura,Pleural Mesothelioma,False,False,True,True,True,True,960,False,True,
SK-ES-1,SKES1,ACH-000087,684072.0,SIDM01111,SKES1_BONE,SKES1,,Bone,Ewing Sarcoma,True,True,True,True,True,True,1376,True,True,
Hs 172.T,HS172T,ACH-000088,,SIDM01616,HS172T_FIBROBLAST,,,Fibroblast,Non-Cancerous,False,False,False,False,False,False,0,False,True,
NCI-H684,NCIH684,ACH-000089,,SIDM01665,NCIH684_LARGE_INTESTINE,,,Bowel,Colorectal Adenocarcinoma,False,False,False,False,False,False,0,False,True,
PC-3,PC3,ACH-000090,905934.0,SIDM00088,PC3_PROSTATE,PC3,,Prostate,Prostate Adenocarcinoma,True,True,True,True,True,True,1362,True,True,
OV56,OV56,ACH-000091,1480362.0,SIDM00475,OV56_OVARY,OV56,,Ovary/Fallopian Tube,Ovarian Epithelial Tumor,True,True,True,True,True,True,1022,True,True,
NCI-H2452,NCIH2452,ACH-000092,908462.0,SIDM00722,NCIH2452_PLEURA,NCIH2452,,Pleura,Pleural Mesothelioma,True,True,True,True,True,True,1410,True,True,
Panc 05.04,PANC0504,ACH-000093,,,PANC0504_PANCREAS,PANC0504,,Pancreas,Pancreatic Adenocarcinoma,False,False,True,True,True,True,189,False,True,
HPAF-II,HPAFII,ACH-000094,724869.0,SIDM00669,HPAFII_PANCREAS,HPAFII,,Pancreas,Pancreatic Adenocarcinoma,True,True,True,True,True,True,192,True,True,
D341 Med,D341MED,ACH-000095,,,D341MED_CENTRAL_NERVOUS_SYSTEM,,ACH-001309,CNS/Brain,Embryonal Tumor,False,False,False,False,False,False,0,False,True,
G-401,G401,ACH-000096,907299.0,SIDM00856,G401_SOFT_TISSUE,G401,,Kidney,Rhabdoid Cancer,True,True,True,True,True,True,1245,True,True,
ZR-75-1,ZR751,ACH-000097,,SIDM00314,ZR751_BREAST,ZR751,,Breast,Invasive Breast Carcinoma,False,False,True,True,True,True,1447,False,True,
GAMG,GAMG,ACH-000098,906868.0,SIDM01055,GAMG_CENTRAL_NERVOUS_SYSTEM,GAMG,,CNS/Brain,Adult-Type Diffuse Glioma,True,True,True,True,True,True,1345,True,True,
SIMA,SIMA,ACH-000099,753620.0,SIDM00395,SIMA_AUTONOMIC_GANGLIA,SIMA,,Peripheral Nervous System,Neuroblastoma,True,True,True,True,True,True,1370,True,True,
RH-41,RH41,ACH-000100,1240210.0,SIDM00426,RH41_SOFT_TISSUE,RH41,,Soft Tissue,Rhabdomyosarcoma,True,True,True,True,False,False,0,True,True,
KE-37,KE37,ACH-000101,907277.0,SIDM01003,KE37_HAEMATOPOIETIC_AND_LYMPHOID_TISSUE,,,Lymphoid,T-Lymphoblastic Leukemia/Lymphoma,True,True,True,False,True,True,190,True,True,
GMS-10,GMS10,ACH-000102,906873.0,SIDM01074,GMS10_CENTRAL_NERVOUS_SYSTEM,GMS10,,CNS/Brain,Adult-Type Diffuse Glioma,False,False,True,True,True,True,1355,True,True,
Caov-4,CAOV4,ACH-000103,949090.0,SIDM00918,CAOV4_OVARY,,,Ovary/Fallopian Tube,Ovarian Epithelial Tumor,True,True,False,False,False,False,0,True,True,
Loucy,LOUCY,ACH-000104,907789.0,SIDM00342,LOUCY_HAEMATOPOIETIC_AND_LYMPHOID_TISSUE,,,Lymphoid,T-Lymphoblastic Leukemia/Lymphoma,True,True,False,False,False,False,0,True,True,
ALL-SIL,ALLSIL,ACH-000105,1295740.0,SIDM00994,ALLSIL_HAEMATOPOIETIC_AND_LYMPHOID_TISSUE,ALLSIL,,Lymphoid,T-Lymphoblastic Leukemia/Lymphoma,True,True,True,True,True,True,192,True,True,
JVM-2,JVM2,ACH-000106,907269.0,SIDM01013,JVM2_HAEMATOPOIETIC_AND_LYMPHOID_TISSUE,JVM2,,Lymphoid,Mature B-Cell Neoplasms,True,True,True,True,False,False,0,True,True,
Capan-2,CAPAN2,ACH-000107,910915.0,SIDM00943,CAPAN2_PANCREAS,CAPAN2,,Pancreas,Pancreatic Adenocarcinoma,True,True,True,True,True,True,1392,True,True,
KP-3,KP3,ACH-000108,1298219.0,SIDM00571,KP3_PANCREAS,KP3,,Pancreas,Adenosquamous Carcinoma of the Pancreas,True,True,True,True,True,True,1331,True,True,
NCI-H3255,NCIH3255,ACH-000109,,SIDM00046,NCIH3255_LUNG,,ACH-002137,Lung,Non-Small Cell Lung Cancer,True,True,False,False,False,False,0,False,True,
NCC-StC-K140,NCCSTCK140,ACH-000110,,,NCCSTCK140_STOMACH,,,Esophagus/Stomach,Esophagogastric Adenocarcinoma,False,False,True,False,False,False,0,False,True,
HCC1187,HCC1187,ACH-000111,749711.0,SIDM00885,HCC1187_BREAST,,,Breast,Invasive Breast Carcinoma,True,True,False,False,False,False,0,True,True,
SIG-M5,SIGM5,ACH-000112,909715.0,SIDM00396,SIGM5_HAEMATOPOIETIC_AND_LYMPHOID_TISSUE,,,Myeloid,Acute Myeloid Leukemia,True,True,True,False,False,False,0,True,True,
OCI-AML2,OCIAML2,ACH-000113,910947.0,SIDM00446,OCIAML2_HAEMATOPOIETIC_AND_LYMPHOID_TISSUE,,,Myeloid,Acute Myeloid Leukemia,True,True,True,False,True,True,192,True,True,
SU.86.86,SU8686,ACH-000114,1240218.0,SIDM01188,SU8686_PANCREAS,SU8686,,Pancreas,Pancreatic Adenocarcinoma,True,True,True,True,False,False,0,True,True,
VCaP,VCAP,ACH-000115,1299075.0,SIDM01077,VCAP_PROSTATE,VCAP,,Prostate,Prostate Adenocarcinoma,True,True,True,True,False,False,0,True,True,
OAW28,OAW28,ACH-000116,946360.0,SIDM00481,OAW28_OVARY,OAW28,,Ovary/Fallopian Tube,Ovarian Epithelial Tumor,True,True,True,True,False,False,0,True,True,
EFM-192A,EFM192A,ACH-000117,1290798.0,SIDM01002,EFM192A_BREAST,EFM192A,,Breast,Invasive Breast Carcinoma,True,True,True,True,True,True,1339,True,True,
HUP-T3,HUPT3,ACH-000118,907285.0,SIDM00533,HUPT3_PANCREAS,HUPT3,,Pancreas,Pancreatic Adenocarcinoma,True,True,True,True,True,True,1421,True,True,
Hs 863.T,HS863T,ACH-000119,,SIDM01726,HS863T_FIBROBLAST,,,Fibroblast,Non-Cancerous,False,False,False,False,False,False,0,False,True,
CHP-212,CHP212,ACH-000120,906820.0,SIDM00910,CHP212_AUTONOMIC_GANGLIA,CHP212,,Peripheral Nervous System,Neuroblastoma,True,True,True,True,True,True,154,True,True,
NCI-H2405,NCIH2405,ACH-000121,687821.0,SIDM00724,NCIH2405_LUNG,NCIH2405,,Lung,Non-Small Cell Lung Cancer,True,True,True,True,False,False,0,True,True,
SUP-T11,SUPT11,ACH-000122,,,SUPT11_HAEMATOPOIETIC_AND_LYMPHOID_TISSUE,,,Lymphoid,T-Lymphoblastic Leukemia/Lymphoma,False,False,True,False,True,True,191,False,True,
COV434,COV434,ACH-000123,,,COV434_OVARY,COV434,,Ovary/Fallopian Tube,Ovarian Epithelial Tumor,False,False,True,True,True,True,1307,False,True,
OCI-LY-19,OCILY19,ACH-000124,1330984.0,SIDM00460,OCILY19_HAEMATOPOIETIC_AND_LYMPHOID_TISSUE,,,Lymphoid,Mature B-Cell Neoplasms,True,True,True,False,True,True,190,True,True,
TO 175.T,TO175T,ACH-000125,,SIDM01759,TO175T_FIBROBLAST,,,Fibroblast,Non-Cancerous,False,False,False,False,False,False,0,False,True,
KG-1-C,KG1C,ACH-000126,,SIDM00784,KG1C_CENTRAL_NERVOUS_SYSTEM,KG1C,,CNS/Brain,Diffuse Glioma,False,False,True,True,False,False,0,False,True,
SLR 20,SLR20,ACH-000127,,,SLR20_KIDNEY,,,Bladder/Urinary Tract,Bladder Urothelial Carcinoma,False,False,False,False,False,False,0,False,True,
LN-319,LN319,ACH-000128,,,LN319_CENTRAL_NERVOUS_SYSTEM,,,CNS/Brain,Adult-Type Diffuse Glioma,False,False,False,False,False,False,0,False,True,
NCI-H1341,NCIH1341,ACH-000129,1330964.0,SIDM00646,NCIH1341_LUNG,NCIH1341,,Cervix,Small Cell Neuroendocrine Carcinoma of the Cervix,True,True,True,True,True,True,191,True,True,
NALM-19,NALM19,ACH-000130,,SIDM01685,NALM19_HAEMATOPOIETIC_AND_LYMPHOID_TISSUE,,,Lymphoid,B-Cell Acute Lymphoblastic Leukemia,False,False,False,False,False,False,0,False,True,
Hs 229.T,HS229T,ACH-000131,,,HS229T_FIBROBLAST,,,Fibroblast,Non-Cancerous,False,False,False,False,False,False,0,False,True,
JHOS-2,JHOS2,ACH-000132,1479995.0,SIDM00305,JHOS2_OVARY,JHOS2,,Ovary/Fallopian Tube,Ovarian Epithelial Tumor,True,True,True,True,True,True,1391,True,True,
Hs 729,HS729,ACH-000133,,,HS729_SOFT_TISSUE,HS729,,Fibroblast,Non-Cancerous,False,False,True,True,True,True,1386,False,True,
Hs 274.T,HS274T,ACH-000134,,SIDM01592,HS274T_FIBROBLAST,,,Fibroblast,Non-Cancerous,False,False,False,False,False,False,0,False,True,
Hs 940.T,HS940T,ACH-000135,1298145.0,SIDM00662,HS940T_FIBROBLAST,HS940T,,Fibroblast,Non-Cancerous,True,True,True,True,False,False,0,True,True,
CHP-126,CHP126,ACH-000136,910567.0,SIDM00286,CHP126_AUTONOMIC_GANGLIA,,,Peripheral Nervous System,Neuroblastoma,True,True,True,False,False,False,0,True,True,
8-MG-BA,8MGBA,ACH-000137,687562.0,SIDM00998,8MGBA_CENTRAL_NERVOUS_SYSTEM,8MGBA,,CNS/Brain,Adult-Type Diffuse Glioma,True,True,True,True,True,True,1377,True,True,
CFPAC-1,CFPAC1,ACH-000138,906821.0,SIDM00130,CFPAC1_PANCREAS,CFPAC1,,Pancreas,Pancreatic Adenocarcinoma,True,True,True,True,True,True,1411,True,True,
Panc 03.27,PANC0327,ACH-000139,925346.0,SIDM01138,PANC0327_PANCREAS,PANC0327,,Pancreas,Pancreatic Adenocarcinoma,True,True,True,True,True,True,1338,True,True,
Pfeiffer,PFEIFFER,ACH-000140,,,PFEIFFER_HAEMATOPOIETIC_AND_LYMPHOID_TISSUE,,,Lymphoid,Mature B-Cell Neoplasms,False,False,True,False,False,False,0,False,True,
SNU-308,SNU308,ACH-000141,,SIDM00161,SNU308_BILIARY_TRACT,SNU308,,Biliary Tract,Intracholecystic Papillary Neoplasm,False,False,True,True,True,True,1402,False,True,
CAL-29,CAL29,ACH-000142,1290730.0,SIDM00936,CAL29_URINARY_TRACT,CAL29,,Bladder/Urinary Tract,Bladder Urothelial Carcinoma,True,True,True,True,True,True,1440,True,True,
HCC2429,HCC2429,ACH-000143,,,HCC2429_LUNG,,,Lung,Non-Small Cell Lung Cancer,False,False,False,False,False,False,0,False,True,
RERF-GC-1B,RERFGC1B,ACH-000144,1240209.0,SIDM00358,RERFGC1B_STOMACH,,,Esophagus/Stomach,Esophagogastric Adenocarcinoma,True,True,False,False,True,True,192,True,True,
SK-LMS-1,SKLMS1,ACH-000145,909720.0,SIDM01109,SKLMS1_SOFT_TISSUE,SKLMS1,,Soft Tissue,Leiomyosarcoma,True,True,False,True,False,False,0,True,True,
THP-1,THP1,ACH-000146,909771.0,SIDM01172,THP1_HAEMATOPOIETIC_AND_LYMPHOID_TISSUE,,,Myeloid,Acute Myeloid Leukemia,True,True,True,False,True,True,189,True,True,
T-47D,T47D,ACH-000147,905945.0,SIDM00097,T47D_BREAST,T47D,,Breast,Invasive Breast Carcinoma,True,True,True,True,True,True,1425,True,True,
Hs 578T,HS578T,ACH-000148,905957.0,SIDM00135,HS578T_BREAST,HS578T,,Breast,Invasive Breast Carcinoma,True,True,True,True,False,False,0,True,True,
SK-N-SH,SKNSH,ACH-000149,717431.0,SIDM01098,SKNSH_AUTONOMIC_GANGLIA,SKNSH,,Peripheral Nervous System,Neuroblastoma,True,True,True,True,True,True,148,True,True,
HCC2935,HCC2935,ACH-000150,,,HCC2935_LUNG,HCC2935,,Lung,Non-Small Cell Lung Cancer,False,False,True,True,False,False,0,False,True,
JM1,JM1,ACH-000151,1327768.0,SIDM00689,JM1_HAEMATOPOIETIC_AND_LYMPHOID_TISSUE,,,Lymphoid,B-Cell Acute Lymphoblastic Leukemia,True,True,True,False,True,True,191,True,True,
M059K,M059K,ACH-000152,,SIDM00639,M059K_CENTRAL_NERVOUS_SYSTEM,M059K,,CNS/Brain,Adult-Type Diffuse Glioma,False,False,True,True,True,True,187,False,True,
NCI-H2052,NCIH2052,ACH-000153,688058.0,SIDM00713,NCIH2052_PLEURA,NCIH2052,,Pleura,Pleural Mesothelioma,True,True,True,True,True,True,1363,True,True,
Hs 888.T,HS888T,ACH-000154,,SIDM01746,HS888T_FIBROBLAST,HS888T,,Fibroblast,Non-Cancerous,False,False,True,True,False,False,0,False,True,
SW 1990,SW1990,ACH-000155,910907.0,SIDM01165,SW1990_PANCREAS,SW1990,,Pancreas,Pancreatic Adenocarcinoma,True,True,True,True,True,True,1295,True,True,
MHH-CALL-4,MHHCALL4,ACH-000156,908133.0,SIDM00376,MHHCALL4_HAEMATOPOIETIC_AND_LYMPHOID_TISSUE,,,Lymphoid,B-Cell Acute Lymphoblastic Leukemia,False,True,True,False,False,False,0,True,True,
A4/Fuk,A4FUK,ACH-000157,910934.0,SIDM00502,A4FUK_HAEMATOPOIETIC_AND_LYMPHOID_TISSUE,,,Lymphoid,Mature B-Cell Neoplasms,True,True,True,False,False,False,0,True,True,
OCI-LY3,OCILY3,ACH-000158,,,OCILY3_HAEMATOPOIETIC_AND_LYMPHOID_TISSUE,,,Lymphoid,Mature B-Cell Neoplasms,False,False,True,False,False,False,0,False,True,
OS-RC-2,OSRC2,ACH-000159,909250.0,SIDM00239,OSRC2_KIDNEY,OSRC2,,Kidney,Renal Cell Carcinoma,True,True,True,True,True,True,1393,True,True,
BT-12,BT12,ACH-000160,,,BT12_SOFT_TISSUE,,,CNS/Brain,Embryonal Tumor,False,False,True,False,True,True,192,False,True,
COR-L105,CORL105,ACH-000161,906805.0,SIDM00513,CORL105_LUNG,CORL105,,Lung,Non-Small Cell Lung Cancer,True,True,True,True,True,True,1433,True,True,
GA-10,GA10,ACH-000162,1303896.0,SIDM00854,GA10_HAEMATOPOIETIC_AND_LYMPHOID_TISSUE,,,Lymphoid,Mature B-Cell Neoplasms,True,True,True,False,False,False,0,True,True,
SW579,SW579,ACH-000163,,SIDM01167,SW579_THYROID,SW579,,Head and Neck,Head and Neck Squamous Cell Carcinoma,False,False,True,True,True,True,1376,False,True,
PANC-1,PANC1,ACH-000164,,SIDM00610,PANC1_PANCREAS,PANC1,,Pancreas,Pancreatic Adenocarcinoma,False,False,True,True,True,True,1392,False,True,
Hs 751.T,HS751T,ACH-000165,,SIDM01700,HS751T_FIBROBLAST,,,Fibroblast,Non-Cancerous,False,False,False,False,False,False,0,False,True,
Kasumi-6,KASUMI6,ACH-000166,,,KASUMI6_HAEMATOPOIETIC_AND_LYMPHOID_TISSUE,,,Myeloid,Acute Myeloid Leukemia,False,False,False,False,False,False,0,False,True,
KE-97,KE97,ACH-000167,,,KE97_STOMACH,,,Lymphoid,Mature B-Cell Neoplasms,False,False,True,False,False,False,0,False,True,
NOMO-1,NOMO1,ACH-000168,908451.0,SIDM00580,NOMO1_HAEMATOPOIETIC_AND_LYMPHOID_TISSUE,,,Myeloid,Acute Myeloid Leukemia,True,True,True,False,True,True,191,True,True,
RD,RD,ACH-000169,909264.0,SIDM00847,RD_SOFT_TISSUE,RD,ACH-001790,Soft Tissue,Rhabdomyosarcoma,True,True,True,True,True,True,1035,True,True,
PrEC LH,PRECLH,ACH-000170,,,PRECLH_PROSTATE,,,Prostate,Non-Cancerous,False,False,False,False,False,False,0,False,True,
VMRC-RCZ,VMRCRCZ,ACH-000171,909781.0,SIDM00317,VMRCRCZ_KIDNEY,VMRCRCZ,,Kidney,Renal Cell Carcinoma,True,True,True,True,True,True,1399,True,True,
TM-87,TM87,ACH-000172,,,TM87_SOFT_TISSUE,,,Soft Tissue,Rhabdoid Cancer,False,False,False,False,True,True,1350,False,True,
JHUEM-3,JHUEM3,ACH-000173,,,JHUEM3_ENDOMETRIUM,JHUEM3,,Uterus,Endometrial Carcinoma,False,False,True,True,False,False,0,False,True,
CAL-62,CAL62,ACH-000174,906828.0,SIDM00931,CAL62_THYROID,CAL62,,Thyroid,Anaplastic Thyroid Cancer,True,True,True,True,True,True,1325,True,True,
TE159T,TE159T,ACH-000175,,SIDM01761,TE159T_FIBROBLAST,,,Fibroblast,Non-Cancerous,False,False,False,False,False,False,0,False,True,
LOU-NH91,LOUNH91,ACH-000176,1298226.0,SIDM00341,LOUNH91_LUNG,LOUNH91,,Lung,Non-Small Cell Lung Cancer,True,True,True,True,True,True,1420,True,True,
NCI-H660,NCIH660,ACH-000177,1330975.0,SIDM01123,NCIH660_PROSTATE,,,Prostate,Prostate Small Cell Carcinoma,False,True,True,False,False,False,0,True,True,
Hs 766T,HS766T,ACH-000178,1298141.0,SIDM00664,HS766T_PANCREAS,HS766T,,Pancreas,Pancreatic Adenocarcinoma,True,True,True,True,True,True,1368,True,True,
NCI-H1618,NCIH1618,ACH-000179,,,NCIH1618_LUNG,,,Lung,Lung Neuroendocrine Tumor,False,False,False,False,False,False,0,False,True,
Hs 839.T,HS839T,ACH-000180,,SIDM01724,HS839T_FIBROBLAST,HS839T,,Fibroblast,Non-Cancerous,False,False,True,True,False,False,0,False,True,
SCC-9,SCC9,ACH-000181,909709.0,SIDM01080,SCC9_UPPER_AERODIGESTIVE_TRACT,SCC9,,Head and Neck,Head and Neck Squamous Cell Carcinoma,True,True,True,True,True,True,185,True,True,
SNU-869,SNU869,ACH-000182,,SIDM00159,SNU869_BILIARY_TRACT,SNU869,,Ampulla of Vater,Ampullary Carcinoma,False,False,True,True,True,True,1402,False,True,
L-363,L363,ACH-000183,924239.0,SIDM00312,L363_HAEMATOPOIETIC_AND_LYMPHOID_TISSUE,,,Lymphoid,Mature B-Cell Neoplasms,True,True,True,False,True,True,190,True,True,
Hs  343.T,HS343T,ACH-000184,,SIDM01590,HS343T_FIBROBLAST,,,Fibroblast,Non-Cancerous,False,False,False,False,False,False,0,False,True,
Hs 737.T,HS737T,ACH-000185,,SIDM01703,HS737T_FIBROBLAST,,,Fibroblast,Non-Cancerous,False,False,False,False,False,False,0,False,True,
NCI-H2444,NCIH2444,ACH-000186,1298356.0,SIDM00723,NCIH2444_LUNG,NCIH2444,,Lung,Non-Small Cell Lung Cancer,True,True,True,True,True,True,1358,True,True,
COR-L311,CORL311,ACH-000187,687980.0,SIDM00509,CORL311_LUNG,,,Lung,Lung Neuroendocrine Tumor,True,True,False,False,False,False,0,True,True,
SCC-25,SCC25,ACH-000188,910701.0,SIDM01082,SCC25_UPPER_AERODIGESTIVE_TRACT,SCC25,ACH-001319,Head and Neck,Head and Neck Squamous Cell Carcinoma,True,True,False,True,True,True,1372,True,True,
RCC10RGB,RCC10RGB,ACH-000189,909974.0,SIDM00235,RCC10RGB_KIDNEY,RCC10RGB,,Kidney,Renal Cell Carcinoma,True,True,True,True,True,True,1393,True,True,
HD-MY-Z,HDMYZ,ACH-000190,907050.0,SIDM01063,HDMYZ_HAEMATOPOIETIC_AND_LYMPHOID_TISSUE,HDMYZ,,Myeloid,Acute Myeloid Leukemia,False,False,True,True,True,True,190,True,True,
BHT-101,BHT101,ACH-000191,906696.0,SIDM00987,BHT101_THYROID,BHT101,,Thyroid,Anaplastic Thyroid Cancer,True,True,True,True,True,True,1341,True,True,
MFE-280,MFE280,ACH-000192,908129.0,SIDM00335,MFE280_ENDOMETRIUM,,,Uterus,Endometrial Carcinoma,True,True,False,False,True,True,1448,True,True,
KARPAS-620,KARPAS620,ACH-000193,1327775.0,SIDM01006,KARPAS620_HAEMATOPOIETIC_AND_LYMPHOID_TISSUE,,,Lymphoid,Mature B-Cell Neoplasms,True,True,True,False,True,True,190,True,True,
Hs 934.T,HS934T,ACH-000194,,,HS934T_FIBROBLAST,HS934T,,Fibroblast,Non-Cancerous,False,False,True,True,False,False,0,False,True,
Set-2,SET2,ACH-000195,,SIDM00397,SET2_HAEMATOPOIETIC_AND_LYMPHOID_TISSUE,,,Myeloid,Acute Myeloid Leukemia,False,False,True,False,False,False,0,False,True,
HCC1599,HCC1599,ACH-000196,749713.0,SIDM00877,HCC1599_BREAST,,,Breast,Invasive Breast Carcinoma,True,True,False,False,False,False,0,True,True,
TALL-1,TALL1,ACH-000197,909762.0,SIDM00370,TALL1_HAEMATOPOIETIC_AND_LYMPHOID_TISSUE,,,Lymphoid,T-Lymphoblastic Leukemia/Lymphoma,False,True,True,False,True,True,192,False,True,
EOL-1,EOL1,ACH-000198,906856.0,SIDM00277,EOL1_HAEMATOPOIETIC_AND_LYMPHOID_TISSUE,,,Myeloid,Acute Myeloid Leukemia,True,True,True,False,True,True,188,True,True,
Hs 255.T,HS255T,ACH-000199,,SIDM01613,HS255T_FIBROBLAST,,,Fibroblast,Non-Cancerous,False,False,False,False,False,False,0,False,True,
NMC-G1,NMCG1,ACH-000200,908449.0,SIDM00575,NMCG1_CENTRAL_NERVOUS_SYSTEM,NMCG1,,CNS/Brain,Adult-Type Diffuse Glioma,True,True,True,True,False,False,0,True,True,
A-204,A204,ACH-000201,910784.0,SIDM00798,A204_SOFT_TISSUE,A204,,Kidney,Rhabdoid Cancer,True,True,True,True,True,True,1281,True,True,
COLO-320,COLO320,ACH-000202,,SIDM00071,COLO320_LARGE_INTESTINE,,,Bowel,Colorectal Adenocarcinoma,False,False,True,False,True,True,191,False,True,
NH-6,NH6,ACH-000203,,,NH6_AUTONOMIC_GANGLIA,NH6,,Peripheral Nervous System,Neuroblastoma,False,False,True,True,False,False,0,False,True,
LP-1,LP1,ACH-000204,907791.0,SIDM00340,LP1_HAEMATOPOIETIC_AND_LYMPHOID_TISSUE,,,Lymphoid,Mature B-Cell Neoplasms,True,True,True,False,True,True,189,True,True,
PK-59,PK59,ACH-000205,,,PK59_PANCREAS,PK59,,Pancreas,Pancreatic Adenocarcinoma,False,False,True,True,True,True,1449,False,True,
C8166,C8166,ACH-000206,,SIDM00072,C8166_HAEMATOPOIETIC_AND_LYMPHOID_TISSUE,,,Lymphoid,Non-Cancerous,False,False,False,False,True,True,191,False,True,
Detroit 562,DETROIT562,ACH-000207,906837.0,SIDM00831,DETROIT562_UPPER_AERODIGESTIVE_TRACT,DETROIT562,,Head and Neck,Head and Neck Squamous Cell Carcinoma,True,True,True,True,True,True,1431,True,True,
U-178,U178,ACH-000208,,,U178_CENTRAL_NERVOUS_SYSTEM,,,CNS/Brain,Adult-Type Diffuse Glioma,False,False,False,False,True,True,191,False,True,
SNU-1079,SNU1079,ACH-000209,,SIDM00164,SNU1079_BILIARY_TRACT,SNU1079,,Biliary Tract,Intraductal Papillary Neoplasm of the Bile Duct,False,False,True,True,True,True,1348,False,True,
CADO-ES1,CADOES1,ACH-000210,753539.0,SIDM00961,CADOES1_BONE,CADOES1,,Bone,Ewing Sarcoma,True,True,True,True,True,True,1298,True,True,
Daoy,DAOY,ACH-000211,906833.0,SIDM00887,DAOY_CENTRAL_NERVOUS_SYSTEM,DAOY,,CNS/Brain,Embryonal Tumor,True,True,True,True,True,True,1377,True,True,
CAL-120,CAL120,ACH-000212,906826.0,SIDM00940,CAL120_BREAST,CAL120,,Breast,Invasive Breast Carcinoma,True,True,True,True,True,True,1351,True,True,
HUP-T4,HUPT4,ACH-000213,907286.0,SIDM00531,HUPT4_PANCREAS,HUPT4,,Pancreas,Pancreatic Adenocarcinoma,True,True,True,True,True,True,192,True,True,
Hs 675.T,HS675T,ACH-000214,,SIDM01564,HS675T_FIBROBLAST,,,Fibroblast,Non-Cancerous,False,False,False,False,False,False,0,False,True,
LN382,LN382,ACH-000215,,,LN382_CENTRAL_NERVOUS_SYSTEM,,ACH-001299,CNS/Brain,Adult-Type Diffuse Glioma,False,False,False,False,True,True,184,False,True,
JH-EsoAd1,JHESOAD1,ACH-000216,,,JHESOAD1_OESOPHAGUS,,,Esophagus/Stomach,Esophagogastric Adenocarcinoma,False,False,False,False,False,False,0,False,True,
JHH-6,JHH6,ACH-000217,1240159.0,SIDM00615,JHH6_LIVER,,,Liver,Hepatocellular Carcinoma,True,True,True,False,True,True,1258,True,True,
PL-21,PL21,ACH-000218,1330991.0,SIDM00450,PL21_HAEMATOPOIETIC_AND_LYMPHOID_TISSUE,,,Myeloid,Acute Myeloid Leukemia,True,True,True,False,True,True,189,True,True,
A-375,A375,ACH-000219,906793.0,SIDM00795,A375_SKIN,,"ACH-002874, ACH-003606",Skin,Melanoma,True,True,True,False,True,True,1366,True,True,
Mino,MINO,ACH-000220,,,MINO_HAEMATOPOIETIC_AND_LYMPHOID_TISSUE,,,Lymphoid,Mature B-Cell Neoplasms,False,False,True,False,False,False,0,False,True,
SNU-398,SNU398,ACH-000221,1240217.0,SIDM01181,SNU398_LIVER,SNU398,,Liver,Hepatocellular Carcinoma,True,True,True,True,True,True,1424,True,True,
AsPC-1,ASPC1,ACH-000222,910702.0,SIDM00899,ASPC1_PANCREAS,ASPC1,,Pancreas,Pancreatic Adenocarcinoma,True,True,True,True,True,True,1362,True,True,
HCC1937,HCC1937,ACH-000223,749714.0,SIDM00874,HCC1937_BREAST,,,Breast,Invasive Breast Carcinoma,True,True,False,False,True,True,1358,True,True,
Hs 819.T,HS819T,ACH-000224,,SIDM01699,HS819T_FIBROBLAST,,,Fibroblast,Non-Cancerous,False,False,False,False,False,False,0,False,True,
ECC12,ECC12,ACH-000225,906849.0,SIDM00279,ECC12_STOMACH,ECC12,,Esophagus/Stomach,Esophagogastric Adenocarcinoma,True,True,False,True,False,False,0,True,True,
SUP-M2,SUPM2,ACH-000226,1331040.0,SIDM00421,SUPM2_HAEMATOPOIETIC_AND_LYMPHOID_TISSUE,,,Lymphoid,Mature T and NK Neoplasms,True,True,True,False,False,False,0,True,True,
KP-N-YN,KPNYN,ACH-000227,907314.0,SIDM00556,KPNYN_AUTONOMIC_GANGLIA,KPNYN,,Peripheral Nervous System,Neuroblastoma,True,True,True,True,True,True,153,True,True,
BICR 31,BICR31,ACH-000228,1290725.0,SIDM00078,BICR31_UPPER_AERODIGESTIVE_TRACT,BICR31,,Head and Neck,Head and Neck Squamous Cell Carcinoma,True,True,True,True,True,True,1409,True,True,
Hs 822.T,HS822T,ACH-000229,,,HS822T_FIBROBLAST,HS822T,,Fibroblast,Non-Cancerous,False,False,True,True,False,False,0,False,True,
Hs 742.T,HS742T,ACH-000230,,SIDM01701,HS742T_FIBROBLAST,,,Fibroblast,Non-Cancerous,False,False,False,False,False,False,0,False,True,
KALS-1,KALS1,ACH-000231,907271.0,SIDM00613,KALS1_CENTRAL_NERVOUS_SYSTEM,KALS1,,CNS/Brain,Adult-Type Diffuse Glioma,True,True,True,True,True,True,1234,True,True,
U-251 MG,U251MG,ACH-000232,905983.0,SIDM00111,U251MG_CENTRAL_NERVOUS_SYSTEM,U251MG,,CNS/Brain,Adult-Type Diffuse Glioma,True,True,True,True,True,True,1300,True,True,
DEL,DEL,ACH-000233,906836.0,SIDM00949,DEL_HAEMATOPOIETIC_AND_LYMPHOID_TISSUE,,,Lymphoid,Mature T and NK Neoplasms,True,True,True,False,True,True,191,True,True,
Caki-2,CAKI2,ACH-000234,,,CAKI2_KIDNEY,CAKI2,,Kidney,Renal Cell Carcinoma,False,False,True,True,False,False,0,False,True,
Panc 04.03,PANC0403,ACH-000235,1298476.0,SIDM01137,PANC0403_PANCREAS,PANC0403,,Pancreas,Pancreatic Adenocarcinoma,True,True,True,True,True,True,1244,True,True,
SW1417,SW1417,ACH-000236,909747.0,SIDM00812,SW1417_LARGE_INTESTINE,SW1417,,Bowel,Colorectal Adenocarcinoma,True,True,True,True,False,False,0,True,True,
JHOM-1,JHOM1,ACH-000237,,,JHOM1_OVARY,JHOM1,,Ovary/Fallopian Tube,Ovarian Epithelial Tumor,False,False,True,True,True,True,1437,False,True,
SCC-4,SCC4,ACH-000238,910904.0,SIDM01081,SCC4_UPPER_AERODIGESTIVE_TRACT,SCC4,ACH-001320,Head and Neck,Head and Neck Squamous Cell Carcinoma,True,True,True,True,False,False,0,True,True,
HuG1-N,HUG1N,ACH-000239,,,HUG1N_STOMACH,,,Esophagus/Stomach,Esophagogastric Adenocarcinoma,False,False,True,False,True,True,189,False,True,
Hs 600.T,HS600T,ACH-000240,,,HS600T_FIBROBLAST,,,Fibroblast,Non-Cancerous,False,False,False,False,False,False,0,False,True,
JK-1,JK1,ACH-000241,,,JK1_HAEMATOPOIETIC_AND_LYMPHOID_TISSUE,,,Myeloid,Myeloproliferative Neoplasms,False,False,True,False,False,False,0,False,True,
RT4,RT4,ACH-000242,687455.0,SIDM01085,RT4_URINARY_TRACT,RT4,,Bladder/Urinary Tract,Bladder Urothelial Carcinoma,True,True,True,True,True,True,1400,True,True,
DAN-G,DANG,ACH-000243,1290797.0,SIDM00950,DANG_PANCREAS,DANG,,Pancreas,Pancreatic Adenocarcinoma,True,True,True,True,True,True,1433,True,True,
DK-MG,DKMG,ACH-000244,906839.0,SIDM00947,DKMG_CENTRAL_NERVOUS_SYSTEM,DKMG,,CNS/Brain,Adult-Type Diffuse Glioma,True,True,True,True,True,True,1360,True,True,
BL-41,BL41,ACH-000245,910706.0,SIDM00985,BL41_HAEMATOPOIETIC_AND_LYMPHOID_TISSUE,,,Lymphoid,Mature B-Cell Neoplasms,True,True,True,False,False,False,0,True,True,
SLR 23,SLR23,ACH-000246,,,SLR23_KIDNEY,,,Kidney,Renal Cell Carcinoma,False,False,False,False,False,False,0,False,False,
OCUM-1,OCUM1,ACH-000247,1298358.0,SIDM00568,OCUM1_STOMACH,OCUM1,,Esophagus/Stomach,Esophagogastric Adenocarcinoma,True,True,True,True,False,False,0,True,True,
AU565,AU565,ACH-000248,910704.0,SIDM00898,AU565_BREAST,AU565,,Breast,Invasive Breast Carcinoma,True,True,True,True,True,True,152,True,True,
CL-11,CL11,ACH-000249,1290769.0,SIDM00944,CL11_LARGE_INTESTINE,CL11,,Bowel,Colorectal Adenocarcinoma,True,True,True,True,True,True,188,True,True,
KMRC-20,KMRC20,ACH-000250,1298169.0,SIDM00609,KMRC20_KIDNEY,KMRC20,,Kidney,Renal Cell Carcinoma,True,True,True,True,True,True,1434,True,True,
NCI-H2887,NCIH2887,ACH-000251,,,NCIH2887_LUNG,,,Lung,Non-Small Cell Lung Cancer,False,False,False,False,False,False,0,False,True,
LS1034,LS1034,ACH-000252,917486.0,SIDM00681,LS1034_LARGE_INTESTINE,,,Bowel,Colorectal Adenocarcinoma,True,True,True,False,True,True,1383,True,True,
COLO 201,COLO201,ACH-000253,,SIDM00823,COLO201_LARGE_INTESTINE,COLO201,,Bowel,Colorectal Adenocarcinoma,False,False,True,True,False,False,0,False,True,
SCC-15,SCC15,ACH-000254,910911.0,SIDM01083,SCC15_UPPER_AERODIGESTIVE_TRACT,,,Head and Neck,Head and Neck Squamous Cell Carcinoma,True,True,False,False,False,False,0,True,True,
LMSU,LMSU,ACH-000255,,,LMSU_STOMACH,LMSU,,Esophagus/Stomach,Esophagogastric Adenocarcinoma,False,False,True,True,True,True,1400,False,True,
COV318,COV318,ACH-000256,,,COV318_OVARY,COV318,,Ovary/Fallopian Tube,Ovarian Epithelial Tumor,False,False,False,True,True,True,191,False,True,
COR-L279,CORL279,ACH-000257,910937.0,SIDM00511,CORL279_LUNG,,,Lung,Lung Neuroendocrine Tumor,True,True,True,False,True,True,191,True,True,
Du4475,DU4475,ACH-000258,906844.0,SIDM01001,DU4475_BREAST,,,Breast,Invasive Breast Carcinoma,True,True,True,False,True,True,187,True,True,
KELLY,KELLY,ACH-000259,753618.0,SIDM01009,KELLY_AUTONOMIC_GANGLIA,KELLY,,Peripheral Nervous System,Neuroblastoma,True,True,True,True,True,True,1271,True,True,
SK-N-AS,SKNAS,ACH-000260,724828.0,SIDM01101,SKNAS_AUTONOMIC_GANGLIA,SKNAS,,Peripheral Nervous System,Neuroblastoma,True,True,True,True,True,True,1352,True,True,
RERF-LC-AI,RERFLCAI,ACH-000261,,SIDM00307,RERFLCAI_LUNG,RERFLCAI,,Lung,Non-Small Cell Lung Cancer,False,False,True,True,True,True,1290,False,True,
UOK101,UOK101,ACH-000262,,,UOK101_KIDNEY,,,Kidney,Renal Cell Carcinoma,False,False,False,False,False,False,0,False,True,
KASUMI-1,KASUMI1,ACH-000263,907275.0,SIDM01005,KASUMI1_HAEMATOPOIETIC_AND_LYMPHOID_TISSUE,,,Myeloid,Acute Myeloid Leukemia,True,True,True,False,False,False,0,True,True,
Calu-6,CALU6,ACH-000264,724859.0,SIDM00921,CALU6_LUNG,CALU6,,Lung,Non-Small Cell Lung Cancer,True,True,True,True,True,True,1322,True,True,
KP-4,KP4,ACH-000265,753572.0,SIDM00301,KP4_PANCREAS,KP4,,Pancreas,Pancreatic Adenocarcinoma,True,True,True,True,True,True,994,True,True,
SNU-213,SNU213,ACH-000266,,,SNU213_PANCREAS,SNU213,,Pancreas,Pancreatic Adenocarcinoma,False,False,True,True,True,True,1384,False,True,
HDLM-2,HDLM2,ACH-000267,924110.0,SIDM01064,HDLM2_HAEMATOPOIETIC_AND_LYMPHOID_TISSUE,,,Lymphoid,Hodgkin Lymphoma,True,True,True,False,False,False,0,True,True,
SNU-245,SNU245,ACH-000268,,SIDM00162,SNU245_BILIARY_TRACT,SNU245,,Biliary Tract,Intraductal Papillary Neoplasm of the Bile Duct,False,False,True,True,True,True,1335,False,True,
AM-38,AM38,ACH-000269,910933.0,SIDM00492,AM38_CENTRAL_NERVOUS_SYSTEM,AM38,,CNS/Brain,Adult-Type Diffuse Glioma,True,True,True,True,True,True,190,True,True,
HPAC,HPAC,ACH-000270,1298136.0,SIDM00670,HPAC_PANCREAS,HPAC,,Pancreas,Pancreatic Adenocarcinoma,True,True,True,True,True,True,1369,True,True,
SU-DHL-10,SUDHL10,ACH-000271,1331033.0,SIDM00389,SUDHL10_HAEMATOPOIETIC_AND_LYMPHOID_TISSUE,,,Lymphoid,Mature B-Cell Neoplasms,True,True,True,False,False,False,0,True,True,
SLR 24,SLR24,ACH-000272,,,SLR24_KIDNEY,,,Kidney,Renal Cell Carcinoma,False,False,False,False,False,False,0,False,True,
SF539,SF539,ACH-000273,905984.0,SIDM00083,SF539_CENTRAL_NERVOUS_SYSTEM,SF539,,CNS/Brain,Diffuse Glioma,True,True,True,True,True,True,1351,True,True,
Hs 852.T,HS852T,ACH-000274,,,HS852T_SKIN,HS852T,,Skin,Melanoma,False,False,True,True,True,True,1221,False,True,
Hs 834.T,HS834T,ACH-000275,,SIDM01709,HS834T_FIBROBLAST,,,Fibroblast,Non-Cancerous,False,False,False,False,False,False,0,False,True,
HCC38,HCC38,ACH-000276,749717.0,SIDM00675,HCC38_BREAST,,,Breast,Invasive Breast Carcinoma,True,True,True,False,True,True,1380,True,True,
HCC1419,HCC1419,ACH-000277,907045.0,SIDM00882,HCC1419_BREAST,HCC1419,,Breast,Invasive Breast Carcinoma,True,True,True,True,True,True,1415,True,True,
COV362,COV362,ACH-000278,,,COV362_OVARY,COV362,,Ovary/Fallopian Tube,Ovarian Epithelial Tumor,False,False,True,True,True,True,1340,False,True,
EWS502,EWS502,ACH-000279,,,EWS502_BONE,,,Bone,Ewing Sarcoma,False,False,False,False,True,True,1259,False,True,
SNU-840,SNU840,ACH-000280,,,SNU840_OVARY,SNU840,,Ovary/Fallopian Tube,Ovarian Epithelial Tumor,False,False,True,True,True,True,1470,False,True,
KP-2,KP2,ACH-000281,1298218.0,SIDM00582,KP2_PANCREAS,KP2,,Pancreas,Pancreatic Adenocarcinoma,True,True,True,True,True,True,1378,True,True,
NCI-H1755,NCIH1755,ACH-000282,908475.0,SIDM00738,NCIH1755_LUNG,NCIH1755,,Lung,Non-Small Cell Lung Cancer,True,True,True,True,False,False,0,True,True,
A1207,A1207,ACH-000283,,,A1207_CENTRAL_NERVOUS_SYSTEM,,,CNS/Brain,Adult-Type Diffuse Glioma,False,False,False,False,True,True,191,False,True,
Hs 840.T,HS840T,ACH-000284,,SIDM01725,HS840T_FIBROBLAST,,,Fibroblast,Non-Cancerous,False,False,False,False,False,False,0,False,True,
Toledo,TOLEDO,ACH-000285,,,TOLEDO_HAEMATOPOIETIC_AND_LYMPHOID_TISSUE,,,Lymphoid,Mature B-Cell Neoplasms,False,False,True,False,True,True,78,False,True,
SNU-1033,SNU1033,ACH-000286,,SIDM00192,SNU1033_LARGE_INTESTINE,SNU1033,,Bowel,Colorectal Adenocarcinoma,False,False,True,True,False,False,0,False,True,
NU-DUL-1,NUDUL1,ACH-000287,1330982.0,SIDM00443,NUDUL1_HAEMATOPOIETIC_AND_LYMPHOID_TISSUE,,,Lymphoid,Mature B-Cell Neoplasms,True,True,False,False,False,False,0,True,True,
BT-549,BT549,ACH-000288,905951.0,SIDM00122,BT549_BREAST,BT549,,Breast,Invasive Breast Carcinoma,True,True,True,True,True,True,1390,True,True,
SNU-466,SNU466,ACH-000289,,,SNU466_CENTRAL_NERVOUS_SYSTEM,SNU466,,CNS/Brain,Adult-Type Diffuse Glioma,False,False,True,True,True,True,1362,False,True,
NCI-H209,NCIH209,ACH-000290,688013.0,SIDM00706,NCIH209_LUNG,,,Lung,Lung Neuroendocrine Tumor,True,True,True,False,False,False,0,True,True,
OV-90,OV90,ACH-000291,1240197.0,SIDM01141,OV90_OVARY,OV90,,Ovary/Fallopian Tube,Ovarian Epithelial Tumor,True,True,True,True,False,False,0,True,True,
NCI-H841,NCIH841,ACH-000292,1240192.0,SIDM01134,NCIH841_LUNG,NCIH841,,Lung,SMARCA4-deficient undifferentiated tumor,True,True,True,True,True,True,1360,True,True,
KLE,KLE,ACH-000293,924187.0,SIDM00686,KLE_ENDOMETRIUM,KLE,,Uterus,Endometrial Carcinoma,True,True,True,True,True,True,191,True,True,
NB-4,NB4,ACH-000294,1323913.0,SIDM00428,NB4_HAEMATOPOIETIC_AND_LYMPHOID_TISSUE,,,Myeloid,Acute Myeloid Leukemia,True,True,True,False,True,True,189,True,True,
EM-2,EM2,ACH-000295,906855.0,SIDM01047,EM2_HAEMATOPOIETIC_AND_LYMPHOID_TISSUE,,,Myeloid,Myeloproliferative Neoplasms,True,True,True,False,True,True,187,True,True,
OUMS-23,OUMS23,ACH-000296,,SIDM00036,OUMS23_LARGE_INTESTINE,OUMS23,,Bowel,Colorectal Adenocarcinoma,False,False,True,True,True,True,1408,False,True,
NCI-H889,NCIH889,ACH-000297,,,NCIH889_LUNG,,,Lung,Lung Neuroendocrine Tumor,False,False,True,False,False,False,0,False,True,
NCI-H2029,NCIH2029,ACH-000298,688011.0,SIDM00735,NCIH2029_LUNG,NCIH2029,,Lung,Lung Neuroendocrine Tumor,True,True,True,True,False,False,0,True,True,
HNT-34,HNT34,ACH-000299,,,HNT34_HAEMATOPOIETIC_AND_LYMPHOID_TISSUE,,,Myeloid,Acute Myeloid Leukemia,False,False,False,False,False,False,0,False,True,
SLR 25,SLR25,ACH-000300,,,SLR25_KIDNEY,,,Kidney,Renal Cell Carcinoma,False,False,False,False,False,False,0,False,True,
LAMA-84,LAMA84,ACH-000301,907783.0,SIDM00346,LAMA84_HAEMATOPOIETIC_AND_LYMPHOID_TISSUE,LAMA84,,Myeloid,Myeloproliferative Neoplasms,True,True,True,True,True,True,192,True,True,
SNU-1077,SNU1077,ACH-000302,,SIDM00166,SNU1077_ENDOMETRIUM,SNU1077,,Uterus,Endometrial Carcinoma,False,False,True,True,True,True,1305,False,True,
SNU-5,SNU5,ACH-000303,908445.0,SIDM01144,SNU5_STOMACH,,,Esophagus/Stomach,Esophagogastric Adenocarcinoma,True,True,True,False,False,False,0,True,True,
WM-115,WM115,ACH-000304,909784.0,SIDM01000,WM115_SKIN,WM115,,Skin,Melanoma,True,True,True,True,False,False,0,True,True,
EC-GI-10,ECGI10,ACH-000305,753555.0,SIDM00278,ECGI10_OESOPHAGUS,ECGI10,,Esophagus/Stomach,Esophageal Squamous Cell Carcinoma,True,True,True,True,True,True,1424,True,True,
Hs 688(A).T,HS688AT,ACH-000306,,,HS688AT_FIBROBLAST,HS688AT,,Fibroblast,Non-Cancerous,False,False,True,True,False,False,0,False,True,
PK-1,PK1,ACH-000307,,,PK1_PANCREAS,PK1,,Pancreas,Pancreatic Adenocarcinoma,False,False,True,True,True,True,1446,False,True,
EFO-21,EFO21,ACH-000308,911905.0,SIDM01052,EFO21_OVARY,EFO21,,Ovary/Fallopian Tube,Ovarian Epithelial Tumor,True,True,True,True,True,True,1290,True,True,
SK-LU-1,SKLU1,ACH-000309,909721.0,SIDM01108,SKLU1_LUNG,SKLU1,,Lung,Non-Small Cell Lung Cancer,True,True,True,True,True,True,1394,True,False,
IMR-32,IMR32,ACH-000310,,SIDM00226,IMR32_AUTONOMIC_GANGLIA,IMR32,,Peripheral Nervous System,Neuroblastoma,False,False,True,True,False,False,0,False,True,
NCI-H2122,NCIH2122,ACH-000311,722046.0,SIDM00702,NCIH2122_LUNG,NCIH2122,,Lung,Non-Small Cell Lung Cancer,True,True,True,True,True,True,697,True,True,
SK-N-BE(2),SKNBE2,ACH-000312,,SIDM00894,SKNBE2_AUTONOMIC_GANGLIA,SKNBE2,,Peripheral Nervous System,Neuroblastoma,False,False,True,True,True,True,1373,False,True,
KMRC-3,KMRC3,ACH-000313,,,KMRC3_KIDNEY,KMRC3,,Kidney,Renal Cell Carcinoma,False,False,True,True,True,True,1131,False,True,
HCC-2108,HCC2108,ACH-000314,,,HCC2108_LUNG,HCC2108,,Lung,Non-Small Cell Lung Cancer,False,False,False,True,True,True,192,False,True,
KARPAS-422,KARPAS422,ACH-000315,907274.0,SIDM01008,KARPAS422_HAEMATOPOIETIC_AND_LYMPHOID_TISSUE,,,Lymphoid,Mature B-Cell Neoplasms,True,True,True,False,False,False,0,True,True,
SNU-886,SNU886,ACH-000316,,,SNU886_LIVER,SNU886,,Liver,Hepatocellular Carcinoma,False,False,True,True,True,True,1386,False,True,
TUHR14TKB,TUHR14TKB,ACH-000317,,,TUHR14TKB_KIDNEY,TUHR14TKB,,Kidney,Renal Cell Carcinoma,False,False,True,True,False,False,0,False,True,
TE-10,TE10,ACH-000318,753622.0,SIDM00349,TE10_OESOPHAGUS,TE10,,Esophagus/Stomach,Esophageal Squamous Cell Carcinoma,True,True,True,True,True,True,1410,True,True,
MPP 89,MPP89,ACH-000319,908150.0,SIDM00222,MPP89_PLEURA,MPP89,,Pleura,Pleural Mesothelioma,True,True,True,True,True,True,1337,True,True,
PSN1,PSN1,ACH-000320,910546.0,SIDM00469,PSN1_PANCREAS,PSN1,,Pancreas,Pancreatic Adenocarcinoma,True,True,True,True,True,True,1037,True,True,
MOLM-6,MOLM6,ACH-000321,,,MOLM6_HAEMATOPOIETIC_AND_LYMPHOID_TISSUE,,,Myeloid,Myeloproliferative Neoplasms,False,False,True,False,False,False,0,False,True,
HT-144,HT144,ACH-000322,907067.0,SIDM00695,HT144_SKIN,,,Skin,Melanoma,True,True,True,False,True,True,1139,True,True,
42-MG-BA,42MGBA,ACH-000323,687561.0,SIDM00982,42MGBA_CENTRAL_NERVOUS_SYSTEM,42MGBA,,CNS/Brain,Adult-Type Diffuse Glioma,True,True,True,True,True,True,1344,True,True,
JHOC-5,JHOC5,ACH-000324,,,JHOC5_OVARY,JHOC5,,Ovary/Fallopian Tube,Ovarian Epithelial Tumor,False,False,True,True,True,True,1392,False,True,
SNU-620,SNU620,ACH-000325,,,SNU620_STOMACH,,,Esophagus/Stomach,Esophagogastric Adenocarcinoma,False,False,True,False,False,False,0,False,True,
JURL-MK1,JURLMK1,ACH-000326,1327771.0,SIDM01015,JURLMK1_HAEMATOPOIETIC_AND_LYMPHOID_TISSUE,,,Myeloid,Myeloproliferative Neoplasms,True,True,True,False,True,True,192,True,True,
NCI-H1395,NCIH1395,ACH-000327,684681.0,SIDM00644,NCIH1395_LUNG,NCIH1395,,Lung,Non-Small Cell Lung Cancer,False,False,True,True,False,False,0,True,True,
LN-215,LN215,ACH-000328,,,LN215_CENTRAL_NERVOUS_SYSTEM,,,CNS/Brain,Adult-Type Diffuse Glioma,False,False,False,False,False,False,0,False,True,
CCF-STTG1,CCFSTTG1,ACH-000329,906823.0,SIDM00131,CCFSTTG1_CENTRAL_NERVOUS_SYSTEM,CCFSTTG1,,CNS/Brain,Adult-Type Diffuse Glioma,False,False,True,True,True,True,1362,True,True,
EFM-19,EFM19,ACH-000330,906851.0,SIDM01056,EFM19_BREAST,,ACH-001821,Breast,Invasive Breast Carcinoma,True,True,False,False,True,True,190,True,True,
IST-MES2,ISTMES2,ACH-000331,,,ISTMES2_PLEURA,,,Pleura,Pleural Mesothelioma,False,False,False,False,True,True,1285,False,True,
YAPC,YAPC,ACH-000332,909904.0,SIDM00411,YAPC_PANCREAS,YAPC,,Pancreas,Pancreatic Adenocarcinoma,True,True,True,True,True,True,1410,True,True,
JHOM-2B,JHOM2B,ACH-000333,,,JHOM2B_OVARY,,,Ovary/Fallopian Tube,Ovarian Epithelial Tumor,False,False,False,False,False,False,0,False,True,
DB,DB,ACH-000334,906832.0,SIDM00886,DB_HAEMATOPOIETIC_AND_LYMPHOID_TISSUE,,,Lymphoid,Mature B-Cell Neoplasms,True,True,True,False,False,False,0,True,True,
MSTO-211H,MSTO211H,ACH-000335,908152.0,SIDM00640,MSTO211H_PLEURA,MSTO211H,,Pleura,Pleural Mesothelioma,True,True,True,True,True,True,1465,True,True,
OCI-AML3,OCIAML3,ACH-000336,1290455.0,SIDM00462,OCIAML3_HAEMATOPOIETIC_AND_LYMPHOID_TISSUE,,,Myeloid,Acute Myeloid Leukemia,True,True,True,False,True,True,189,True,True,
NCI-H3122,NCIH3122,ACH-000337,1240190.0,SIDM00137,NCIH3122_LUNG,,,Lung,Non-Small Cell Lung Cancer,True,True,False,False,False,False,0,True,True,
SR-786,SR786,ACH-000338,905965.0,SIDM00096,SR786_HAEMATOPOIETIC_AND_LYMPHOID_TISSUE,,ACH-001665,Lymphoid,Mature T and NK Neoplasms,True,True,True,False,True,True,191,True,True,
HCC-461,HCC461,ACH-000339,,,HCC461_LUNG,,,Lung,Non-Small Cell Lung Cancer,False,False,False,False,False,False,0,False,True,
Hs 870.T,HS870T,ACH-000340,,SIDM01749,HS870T_FIBROBLAST,,,Fibroblast,Non-Cancerous,False,False,False,False,False,False,0,False,True,
SK-N-FI,SKNFI,ACH-000341,688087.0,SIDM01099,SKNFI_AUTONOMIC_GANGLIA,SKNFI,,Peripheral Nervous System,Neuroblastoma,True,True,True,True,True,True,186,True,True,
CL-14,CL14,ACH-000342,,,CL14_LARGE_INTESTINE,,,Bowel,Colorectal Adenocarcinoma,False,False,False,False,False,False,0,False,True,
NCI-H522,NCIH522,ACH-000343,905944.0,SIDM00116,NCIH522_LUNG,NCIH522,,Lung,Non-Small Cell Lung Cancer,True,True,True,True,True,True,1372,True,True,
SNU-668,SNU668,ACH-000344,,,SNU668_STOMACH,SNU668,,Esophagus/Stomach,Esophagogastric Adenocarcinoma,False,False,True,True,True,True,1448,False,True,
KP-N-RT-BM-1,KPNRTBM1,ACH-000345,924189.0,SIDM00557,KPNRTBM1_AUTONOMIC_GANGLIA,,,Peripheral Nervous System,Neuroblastoma,True,True,False,False,False,False,0,False,True,
JVM-3,JVM3,ACH-000346,907270.0,SIDM01012,JVM3_HAEMATOPOIETIC_AND_LYMPHOID_TISSUE,,,Lymphoid,Mature B-Cell Neoplasms,True,True,True,False,True,True,192,True,True,
QGP-1,QGP1,ACH-000347,1298534.0,SIDM00360,QGP1_PANCREAS,QGP1,,Pancreas,Pancreatic Neuroendocrine Tumor,True,True,True,True,True,True,1373,True,True,
RPMI-7951,RPMI7951,ACH-000348,910903.0,SIDM01087,RPMI7951_SKIN,RPMI7951,,Skin,Melanoma,True,True,True,True,True,True,188,True,True,
HCC1500,HCC1500,ACH-000349,1303900.0,SIDM00879,HCC1500_BREAST,HCC1500,,Breast,Breast Ductal Carcinoma In Situ,True,True,True,True,False,False,0,True,True,
COLO-678,COLO678,ACH-000350,910689.0,SIDM00957,COLO678_LARGE_INTESTINE,COLO678,,Bowel,Colorectal Adenocarcinoma,True,True,True,True,True,True,191,True,True,
MKN1,MKN1,ACH-000351,908138.0,SIDM00271,MKN1_STOMACH,MKN1,,Esophagus/Stomach,Esophagogastric Adenocarcinoma,True,True,True,True,True,True,1421,True,True,
HCC1428,HCC1428,ACH-000352,1290905.0,SIDM00881,HCC1428_BREAST,HCC1428,,Breast,Invasive Breast Carcinoma,True,True,True,True,True,True,1407,True,True,
TE-15,TE15,ACH-000353,753614.0,SIDM00249,TE15_OESOPHAGUS,TE15,,Esophagus/Stomach,Esophageal Squamous Cell Carcinoma,True,True,True,True,True,True,192,True,True,
Capan-1,CAPAN1,ACH-000354,753624.0,SIDM00934,CAPAN1_PANCREAS,CAPAN1,,Pancreas,Pancreatic Adenocarcinoma,True,True,True,True,False,False,0,True,True,
NCI-H82,NCIH82,ACH-000355,688031.0,SIDM01131,NCIH82_LUNG,,,Lung,Lung Neuroendocrine Tumor,True,True,False,False,True,True,190,True,True,
MKN-45,MKN45,ACH-000356,925340.0,SIDM00247,MKN45_STOMACH,MKN45,,Esophagus/Stomach,Esophagogastric Adenocarcinoma,True,True,True,True,True,True,1137,True,True,
JeKo-1,JEKO1,ACH-000357,1327765.0,SIDM01038,JEKO1_HAEMATOPOIETIC_AND_LYMPHOID_TISSUE,,,Lymphoid,Mature B-Cell Neoplasms,True,True,True,False,True,True,190,True,True,
NCI-H69,NCIH69,ACH-000358,688027.0,SIDM01121,NCIH69_LUNG,,,Lung,Lung Neuroendocrine Tumor,True,True,True,False,False,False,0,True,True,
MG-63,MG63,ACH-000359,908131.0,SIDM00525,MG63_BONE,MG63,,Bone,Osteosarcoma,True,True,True,True,True,True,1450,True,True,
NCI-H508,NCIH508,ACH-000360,908442.0,SIDM00777,NCIH508_LARGE_INTESTINE,NCIH508,,Bowel,Colorectal Adenocarcinoma,True,True,True,True,True,True,192,False,True,
SK-HEP-1,SKHEP1,ACH-000361,909719.0,SIDM01110,SKHEP1_LIVER,SKHEP1,,Liver,Hepatocellular Carcinoma,True,True,True,True,True,True,1418,True,True,
MOLM-13,MOLM13,ACH-000362,1330947.0,SIDM00437,MOLM13_HAEMATOPOIETIC_AND_LYMPHOID_TISSUE,,,Myeloid,Acute Myeloid Leukemia,True,True,True,False,True,True,191,True,True,
SK-MM-2,SKMM2,ACH-000363,753612.0,SIDM00391,SKMM2_HAEMATOPOIETIC_AND_LYMPHOID_TISSUE,,,Lymphoid,Mature B-Cell Neoplasms,True,True,True,False,True,True,116,True,True,
U-2 OS,U2OS,ACH-000364,909776.0,SIDM01191,U2OS_BONE,U2OS,,Bone,Osteosarcoma,True,True,True,True,True,True,1344,True,True,
SU-DHL-4,SUDHL4,ACH-000365,1331035.0,SIDM00405,SUDHL4_HAEMATOPOIETIC_AND_LYMPHOID_TISSUE,,,Lymphoid,Mature B-Cell Neoplasms,True,True,True,False,False,False,0,True,True,
SK-N-DZ,SKNDZ,ACH-000366,688086.0,SIDM01100,SKNDZ_AUTONOMIC_GANGLIA,SKNDZ,,Peripheral Nervous System,Neuroblastoma,True,True,True,True,True,True,189,True,True,
NCI-H226,NCIH226,ACH-000367,905941.0,SIDM00139,NCIH226_LUNG,NCIH226,,Pleura,Pleural Mesothelioma,True,True,True,True,True,True,1436,True,True,
SNU-1105,SNU1105,ACH-000368,,,SNU1105_CENTRAL_NERVOUS_SYSTEM,SNU1105,,CNS/Brain,Adult-Type Diffuse Glioma,False,False,True,True,True,True,1400,False,True,
MOLM-16,MOLM16,ACH-000369,1330948.0,SIDM00435,MOLM16_HAEMATOPOIETIC_AND_LYMPHOID_TISSUE,,,Myeloid,Acute Myeloid Leukemia,True,True,True,False,True,True,154,True,True,
SNU-626,SNU626,ACH-000370,,,SNU626_CENTRAL_NERVOUS_SYSTEM,SNU626,,CNS/Brain,Adult-Type Diffuse Glioma,False,False,False,True,False,False,0,False,True,
RL,RL,ACH-000371,910861.0,SIDM01089,RL_HAEMATOPOIETIC_AND_LYMPHOID_TISSUE,,,Lymphoid,Mature B-Cell Neoplasms,True,True,True,False,True,True,191,True,True,
P12-ICHIKAWA,P12ICHIKAWA,ACH-000372,909251.0,SIDM00463,P12ICHIKAWA_HAEMATOPOIETIC_AND_LYMPHOID_TISSUE,,,Lymphoid,T-Lymphoblastic Leukemia/Lymphoma,True,True,True,False,True,True,192,True,True,
SKM-1,SKM1,ACH-000373,909722.0,SIDM00380,SKM1_HAEMATOPOIETIC_AND_LYMPHOID_TISSUE,,,Myeloid,Acute Myeloid Leukemia,True,True,True,False,True,True,190,True,True,
HCC1143,HCC1143,ACH-000374,749710.0,SIDM00866,HCC1143_BREAST,,,Breast,Invasive Breast Carcinoma,True,True,True,False,True,True,1414,True,True,
G-402,G402,ACH-000375,907298.0,SIDM00855,G402_SOFT_TISSUE,G402,,Kidney,Rhabdoid Cancer,True,True,True,True,True,True,1325,True,True,
SF-295,SF295,ACH-000376,905985.0,SIDM00084,SF295_CENTRAL_NERVOUS_SYSTEM,SF295,,CNS/Brain,Adult-Type Diffuse Glioma,True,True,True,True,True,True,1346,True,True,
SNU-478,SNU478,ACH-000377,,SIDM00160,SNU478_BILIARY_TRACT,SNU478,,Ampulla of Vater,Ampullary Carcinoma,False,False,True,True,True,True,113,False,True,
NCI-H647,NCIH647,ACH-000378,1240191.0,SIDM01125,NCIH647_LUNG,NCIH647,,Lung,Non-Small Cell Lung Cancer,True,True,True,True,True,True,192,True,True,
NCI-H1781,NCIH1781,ACH-000379,1298350.0,SIDM00754,NCIH1781_LUNG,,,Lung,Non-Small Cell Lung Cancer,True,True,False,False,False,False,0,True,True,
KMS-12-BM,KMS12BM,ACH-000380,907281.0,SIDM01020,KMS12BM_HAEMATOPOIETIC_AND_LYMPHOID_TISSUE,,,Lymphoid,Mature B-Cell Neoplasms,True,True,True,False,True,True,191,True,True,
T84,T84,ACH-000381,909761.0,SIDM00782,T84_LARGE_INTESTINE,T84,,Bowel,Colorectal Adenocarcinoma,True,True,True,True,True,True,191,True,True,
COR-L24,CORL24,ACH-000382,,,CORL24_LUNG,,,Lung,Lung Neuroendocrine Tumor,False,False,False,False,False,False,0,False,True,
OE33,OE33,ACH-000383,910549.0,SIDM00477,OE33_OESOPHAGUS,OE33,,Esophagus/Stomach,Esophagogastric Adenocarcinoma,True,True,True,True,True,True,1435,True,True,
SW 780,SW780,ACH-000384,687457.0,SIDM01160,SW780_URINARY_TRACT,,,Bladder/Urinary Tract,Bladder Urothelial Carcinoma,True,True,False,False,True,True,1361,True,True,
SK-RC-52,SKRC52,ACH-000385,,,SKRC52_KIDNEY,,ACH-001195,Kidney,Renal Cell Carcinoma,False,False,False,False,False,False,0,False,True,
KG-1,KG1,ACH-000386,907278.0,SIDM00785,KG1_HAEMATOPOIETIC_AND_LYMPHOID_TISSUE,,,Myeloid,Acute Myeloid Leukemia,True,True,False,False,False,False,0,True,True,
TF-1,TF1,ACH-000387,,,TF1_HAEMATOPOIETIC_AND_LYMPHOID_TISSUE,,,Myeloid,Acute Myeloid Leukemia,False,False,True,False,True,True,192,False,True,
NU-DHL-1,NUDHL1,ACH-000388,,,NUDHL1_HAEMATOPOIETIC_AND_LYMPHOID_TISSUE,,,Lymphoid,Mature B-Cell Neoplasms,False,False,True,False,True,True,192,False,True,
H4,H4,ACH-000389,907042.0,SIDM00852,H4_CENTRAL_NERVOUS_SYSTEM,,,CNS/Brain,Adult-Type Diffuse Glioma,True,True,False,False,True,True,1327,True,True,
LUDLU-1,LUDLU1,ACH-000390,,,LUDLU1_LUNG,LUDLU1,,Lung,Non-Small Cell Lung Cancer,False,False,True,True,True,True,1385,False,True,
MHH-ES-1,MHHES1,ACH-000391,908134.0,SIDM00386,MHHES1_BONE,MHHES1,,Bone,Ewing Sarcoma,True,True,True,True,True,True,1352,False,True,
Calu-3,CALU3,ACH-000392,687777.0,SIDM00922,CALU3_LUNG,CALU3,,Lung,Non-Small Cell Lung Cancer,True,True,True,True,False,False,0,True,True,
HLF,HLF,ACH-000393,,SIDM00065,HLF_LIVER,HLF,,Liver,Hepatocellular Carcinoma,False,False,True,True,True,True,1335,False,True,
NCI-H2081,NCIH2081,ACH-000394,908480.0,SIDM00710,NCIH2081_LUNG,,,Lung,Lung Neuroendocrine Tumor,True,True,True,False,False,False,0,False,True,
NCI-H520,NCIH520,ACH-000395,908443.0,SIDM01130,NCIH520_LUNG,NCIH520,,Lung,Non-Small Cell Lung Cancer,True,True,True,True,True,True,1361,True,True,
J82,J82,ACH-000396,753566.0,SIDM00693,J82_URINARY_TRACT,,,Bladder/Urinary Tract,Bladder Urothelial Carcinoma,True,True,True,False,True,True,1339,True,True,
TEN,TEN,ACH-000397,,,TEN_ENDOMETRIUM,,,Uterus,Endometrial Carcinoma,False,False,False,False,True,True,1313,False,True,
RI-1,RI1,ACH-000398,,,RI1_HAEMATOPOIETIC_AND_LYMPHOID_TISSUE,,,Lymphoid,Mature B-Cell Neoplasms,False,False,True,False,True,True,192,False,True,
NCI-H2196,NCIH2196,ACH-000399,908481.0,SIDM00731,NCIH2196_LUNG,NCIH2196,ACH-003162,Lung,Lung Neuroendocrine Tumor,True,True,True,True,True,True,114,True,True,
SK-CO-1,SKCO1,ACH-000400,909718.0,SIDM01096,SKCO1_LARGE_INTESTINE,SKCO1,,Bowel,Colorectal Adenocarcinoma,True,True,True,True,False,False,0,True,True,
COLO-800,COLO800,ACH-000401,906813.0,SIDM00515,COLO800_SKIN,COLO800,,Skin,Melanoma,True,True,True,True,True,True,1392,True,True,
BL-70,BL70,ACH-000402,,SIDM00074,BL70_HAEMATOPOIETIC_AND_LYMPHOID_TISSUE,,,Lymphoid,Mature B-Cell Neoplasms,False,False,True,False,False,False,0,False,True,
NCI-H747,NCIH747,ACH-000403,908457.0,SIDM00778,NCIH747_LARGE_INTESTINE,NCIH747,,Bowel,Colorectal Adenocarcinoma,True,True,True,True,True,True,1356,True,True,
K029AX,K029AX,ACH-000404,,,K029AX_SKIN,K029AX,,Skin,Melanoma,False,False,True,True,True,True,1361,False,True,
MEC-1,MEC1,ACH-000405,,SIDM00001,MEC1_HAEMATOPOIETIC_AND_LYMPHOID_TISSUE,,,Lymphoid,Mature B-Cell Neoplasms,False,False,True,False,False,False,0,False,True,
U-937,U937,ACH-000406,,SIDM01195,U937_HAEMATOPOIETIC_AND_LYMPHOID_TISSUE,,,Myeloid,Acute Myeloid Leukemia,False,False,True,False,True,True,189,False,True,
SNU-685,SNU685,ACH-000407,,SIDM00165,SNU685_ENDOMETRIUM,SNU685,,Uterus,Endometrial Carcinoma,False,False,True,True,True,True,1374,False,True,
TE-5,TE5,ACH-000408,735784.0,SIDM00347,TE5_OESOPHAGUS,TE5,,Esophagus/Stomach,Esophageal Squamous Cell Carcinoma,True,True,True,True,True,True,1437,True,True,
OVSAHO,OVSAHO,ACH-000409,,,OVSAHO_OVARY,OVSAHO,,Ovary/Fallopian Tube,Ovarian Epithelial Tumor,False,False,True,True,False,False,0,False,True,
Saos-2,SAOS2,ACH-000410,909707.0,SIDM01084,SAOS2_BONE,SAOS2,,Bone,Osteosarcoma,True,True,False,True,True,True,190,True,True,
769-P,769P,ACH-000411,910922.0,SIDM00803,769P_KIDNEY,769P,,Kidney,Renal Cell Carcinoma,True,True,True,True,True,True,1445,True,True,
SNU-1197,SNU1197,ACH-000412,,SIDM00171,SNU1197_LARGE_INTESTINE,,,Bowel,Colorectal Adenocarcinoma,False,False,False,False,False,False,0,False,True,
Hs 739.T,HS739T,ACH-000413,,SIDM01702,HS739T_FIBROBLAST,,,Fibroblast,Non-Cancerous,False,False,False,False,False,False,0,False,True,
NCI-H1944,NCIH1944,ACH-000414,1240185.0,SIDM00762,NCIH1944_LUNG,NCIH1944,,Lung,Non-Small Cell Lung Cancer,True,True,True,True,True,True,1445,True,True,
BICR 6,BICR6,ACH-000415,,,BICR6_UPPER_AERODIGESTIVE_TRACT,BICR6,,Head and Neck,Head and Neck Squamous Cell Carcinoma,False,False,True,True,True,True,1349,False,True,
NCI-H838,NCIH838,ACH-000416,910399.0,SIDM01150,NCIH838_LUNG,NCIH838,,Lung,Non-Small Cell Lung Cancer,True,True,True,True,True,True,1254,True,True,
Panc 08.13,PANC0813,ACH-000417,925347.0,SIDM01136,PANC0813_PANCREAS,PANC0813,,Pancreas,Pancreatic Adenocarcinoma,True,True,True,True,True,True,1366,True,True,
SW 1353,SW1353,ACH-000418,,,SW1353_BONE,SW1353,,Bone,Chondrosarcoma,False,False,True,True,True,True,1292,False,True,
KMS-28BM,KMS28BM,ACH-000419,,,KMS28BM_HAEMATOPOIETIC_AND_LYMPHOID_TISSUE,,,Lymphoid,Mature B-Cell Neoplasms,False,False,True,False,True,True,190,False,True,
SNU-449,SNU449,ACH-000420,909738.0,SIDM01194,SNU449_LIVER,SNU449,,Liver,Hepatocellular Carcinoma,True,True,True,True,True,True,1351,True,True,
SW837,SW837,ACH-000421,909755.0,SIDM00833,SW837_LARGE_INTESTINE,,,Bowel,Colorectal Adenocarcinoma,True,True,False,False,True,True,1339,True,True,
SNU-475,SNU475,ACH-000422,909739.0,SIDM01196,SNU475_LIVER,SNU475,,Liver,Hepatocellular Carcinoma,True,False,True,True,False,False,0,True,True,
SK-MEL-3,SKMEL3,ACH-000423,909724.0,SIDM01105,SKMEL3_SKIN,SKMEL3,,Skin,Melanoma,True,True,False,True,True,True,1355,True,True,
TC-71,TC71,ACH-000424,1240221.0,SIDM00419,TC71_BONE,,,Bone,Ewing Sarcoma,True,True,True,False,True,True,191,True,True,
UACC-62,UACC62,ACH-000425,905976.0,SIDM00107,UACC62_SKIN,,,Skin,Melanoma,True,True,True,False,True,True,1288,True,True,
KMS-20,KMS20,ACH-000426,,,KMS20_HAEMATOPOIETIC_AND_LYMPHOID_TISSUE,,,Lymphoid,Mature B-Cell Neoplasms,False,False,True,False,False,False,0,False,False,
NCI-N87,NCIN87,ACH-000427,908461.0,SIDM01147,NCIN87_STOMACH,NCIN87,,Esophagus/Stomach,Esophagogastric Adenocarcinoma,True,True,True,True,True,True,1334,True,True,
UO-31,UO31,ACH-000428,905981.0,SIDM00112,UO31_KIDNEY,,ACH-002203,Kidney,Renal Cell Carcinoma,True,True,True,False,True,True,1380,True,True,
A-704,A704,ACH-000429,910920.0,SIDM00849,A704_KIDNEY,,,Kidney,Renal Cell Carcinoma,True,True,False,False,True,True,1283,True,True,
TYK-nu,TYKNU,ACH-000430,909774.0,SIDM00321,TYKNU_OVARY,TYKNU,,Ovary/Fallopian Tube,Ovarian Epithelial Tumor,True,True,True,True,True,True,191,True,True,
NCI-H1694,NCIH1694,ACH-000431,688006.0,SIDM00741,NCIH1694_LUNG,,,Lung,Lung Neuroendocrine Tumor,True,True,True,False,True,True,192,True,True,
BV-173,BV173,ACH-000432,910710.0,SIDM00962,BV173_HAEMATOPOIETIC_AND_LYMPHOID_TISSUE,,,Lymphoid,B-Cell Acute Lymphoblastic Leukemia,True,True,True,False,True,True,191,True,True,
Caki-1,CAKI1,ACH-000433,905963.0,SIDM00941,CAKI1_KIDNEY,CAKI1,,Kidney,Renal Cell Carcinoma,True,True,True,True,True,True,1404,True,True,
NCI-H1915,NCIH1915,ACH-000434,1240184.0,SIDM00763,NCIH1915_LUNG,NCIH1915,,Lung,Non-Small Cell Lung Cancer,True,True,True,True,True,True,1431,True,True,
EFE-184,EFE184,ACH-000435,,,EFE184_ENDOMETRIUM,EFE184,,Uterus,Endometrial Carcinoma,False,False,True,True,True,True,192,False,True,
OCI-My7,OCIMY7,ACH-000436,,,OCIMY7_HAEMATOPOIETIC_AND_LYMPHOID_TISSUE,,,Lymphoid,Mature B-Cell Neoplasms,False,False,False,False,False,False,0,False,True,
SW 1088,SW1088,ACH-000437,909745.0,SIDM01155,SW1088_CENTRAL_NERVOUS_SYSTEM,SW1088,,CNS/Brain,Adult-Type Diffuse Glioma,True,True,False,True,True,True,1440,True,True,
Lu-65,LU65,ACH-000438,724863.0,SIDM00547,LU65_LUNG,,,Lung,Non-Small Cell Lung Cancer,True,True,True,False,False,False,0,True,True,
ME-1,ME1,ACH-000439,1330942.0,SIDM00338,ME1_HAEMATOPOIETIC_AND_LYMPHOID_TISSUE,,,Myeloid,Acute Myeloid Leukemia,True,True,True,False,False,False,0,True,True,
CA46,CA46,ACH-000440,910703.0,SIDM00907,CA46_HAEMATOPOIETIC_AND_LYMPHOID_TISSUE,,,Lymphoid,Mature B-Cell Neoplasms,True,True,True,False,False,False,0,True,True,
SH-4,SH4,ACH-000441,909713.0,SIDM01079,SH4_SKIN,SH4,,Skin,Melanoma,True,True,True,True,True,True,1215,True,True,
RERF-LC-Sq1,RERFLCSQ1,ACH-000442,1298538.0,SIDM00354,RERFLCSQ1_LUNG,,,Lung,Non-Small Cell Lung Cancer,True,True,False,False,False,False,0,True,True,
OVKATE,OVKATE,ACH-000443,1240199.0,SIDM00466,OVKATE_OVARY,,,Ovary/Fallopian Tube,Ovarian Epithelial Tumor,True,True,False,False,True,True,77,True,True,
LU99,LU99,ACH-000444,,SIDM00546,LU99_LUNG,LU99,,Lung,Non-Small Cell Lung Cancer,False,False,True,True,True,True,1367,False,True,
KNS-60,KNS60,ACH-000445,,,KNS60_CENTRAL_NERVOUS_SYSTEM,KNS60,,CNS/Brain,Adult-Type Diffuse Glioma,False,False,True,True,True,True,1352,False,True,
KP-N-SI9s,KPNSI9S,ACH-000446,,,KPNSI9S_AUTONOMIC_GANGLIA,KPNSI9S,ACH-002567,Peripheral Nervous System,Neuroblastoma,False,False,True,True,False,False,0,False,True,
NCI-H2228,NCIH2228,ACH-000447,687816.0,SIDM00729,NCIH2228_LUNG,NCIH2228,,Lung,Non-Small Cell Lung Cancer,True,True,True,True,True,True,1385,True,True,
NCI-H1666,NCIH1666,ACH-000448,908473.0,SIDM00743,NCIH1666_LUNG,NCIH1666,,Lung,Non-Small Cell Lung Cancer,True,True,False,True,False,False,0,True,True,
MES-SA,MESSA,ACH-000449,908127.0,SIDM00625,MESSA_SOFT_TISSUE,MESSA,,Uterus,Uterine Sarcoma/Mesenchymal,True,True,True,True,True,True,1404,True,True,
MEL-HO,MELHO,ACH-000450,908124.0,SIDM00337,MELHO_SKIN,MELHO,,Skin,Melanoma,True,True,True,True,True,True,1107,True,True,
NCI-H2085,NCIH2085,ACH-000451,687812.0,SIDM00709,NCIH2085_LUNG,NCIH2085,,Lung,Non-Small Cell Lung Cancer,True,True,True,True,False,False,0,True,True,
TE-8,TE8,ACH-000452,753623.0,SIDM00326,TE8_OESOPHAGUS,TE8,,Esophagus/Stomach,Esophageal Squamous Cell Carcinoma,True,True,True,True,True,True,1252,True,True,
MOLP-2,MOLP2,ACH-000453,,,MOLP2_HAEMATOPOIETIC_AND_LYMPHOID_TISSUE,,,Lymphoid,Mature B-Cell Neoplasms,False,False,True,False,True,True,191,False,True,
HCC-95,HCC95,ACH-000454,,,HCC95_LUNG,HCC95,,Lung,Non-Small Cell Lung Cancer,False,False,True,True,True,True,997,False,True,
LN-428,LN428,ACH-000455,,,LN428_CENTRAL_NERVOUS_SYSTEM,,,CNS/Brain,Adult-Type Diffuse Glioma,False,False,False,False,False,False,0,False,True,
B-CPAP,BCPAP,ACH-000456,924104.0,SIDM00992,BCPAP_THYROID,BCPAP,,Thyroid,Poorly Differentiated Thyroid Cancer,True,True,True,True,True,True,1238,True,True,
CAL-54,CAL54,ACH-000457,910952.0,SIDM00932,CAL54_KIDNEY,CAL54,,Kidney,Renal Cell Carcinoma,True,True,True,True,True,True,1387,True,True,
CJM,CJM,ACH-000458,,,CJM_SKIN,CJM,,Skin,Melanoma,False,False,True,True,True,True,1405,False,True,
TUHR10TKB,TUHR10TKB,ACH-000459,,,TUHR10TKB_KIDNEY,TUHR10TKB,,Kidney,Renal Cell Carcinoma,False,False,True,True,False,False,0,False,True,
SNU-8,SNU8,ACH-000460,,,SNU8_OVARY,SNU8,,Ovary/Fallopian Tube,Ovarian Epithelial Tumor,False,False,True,True,False,False,0,False,True,
SNU-1196,SNU1196,ACH-000461,,SIDM00163,SNU1196_BILIARY_TRACT,SNU1196,,Biliary Tract,Intraductal Papillary Neoplasm of the Bile Duct,False,False,True,True,True,True,1395,False,True,
NALM-1,NALM1,ACH-000462,,,NALM1_HAEMATOPOIETIC_AND_LYMPHOID_TISSUE,,,Myeloid,Myeloproliferative Neoplasms,False,False,False,False,False,False,0,False,True,
NCI-H460,NCIH460,ACH-000463,905943.0,SIDM00144,NCIH460_LUNG,NCIH460,,Lung,Non-Small Cell Lung Cancer,True,True,True,True,True,True,1425,False,True,
CAS-1,CAS1,ACH-000464,910943.0,SIDM00212,CAS1_CENTRAL_NERVOUS_SYSTEM,CAS1,,CNS/Brain,Adult-Type Diffuse Glioma,True,True,True,True,True,True,148,True,True,
SK-MEL-1,SKMEL1,ACH-000465,909723.0,SIDM01107,SKMEL1_SKIN,,,Skin,Melanoma,True,True,False,False,False,False,0,True,True,
SNU-216,SNU216,ACH-000466,,,SNU216_STOMACH,SNU216,,Esophagus/Stomach,Esophagogastric Adenocarcinoma,False,False,True,True,True,True,191,False,True,
HCC-56,HCC56,ACH-000467,1290907.0,SIDM00597,HCC56_LARGE_INTESTINE,HCC56,,Bowel,Colorectal Adenocarcinoma,False,False,True,True,True,True,1270,True,True,
PK-45H,PK45H,ACH-000468,,,PK45H_PANCREAS,PK45H,,Pancreas,Pancreatic Adenocarcinoma,False,False,True,True,True,True,1423,False,True,
YH-13,YH13,ACH-000469,909905.0,SIDM00316,YH13_CENTRAL_NERVOUS_SYSTEM,YH13,,CNS/Brain,Adult-Type Diffuse Glioma,True,True,True,True,True,True,1383,True,True,
SW1463,SW1463,ACH-000470,909748.0,SIDM00834,SW1463_LARGE_INTESTINE,SW1463,,Bowel,Colorectal Adenocarcinoma,True,True,True,True,True,True,191,True,True,
Li-7,LI7,ACH-000471,,,LI7_LIVER,LI7,,Liver,Hepatocellular Carcinoma,False,False,True,True,True,True,1347,False,True,
HSC-2,HSC2,ACH-000472,753562.0,SIDM00590,HSC2_UPPER_AERODIGESTIVE_TRACT,HSC2,ACH-001311,Head and Neck,Head and Neck Squamous Cell Carcinoma,True,True,True,True,True,True,1440,True,True,
RT-112,RT112,ACH-000473,909704.0,SIDM00402,RT112_URINARY_TRACT,RT112,,Bladder/Urinary Tract,Bladder Urothelial Carcinoma,True,True,True,True,True,True,1375,True,True,
huH-1,HUH1,ACH-000475,1298146.0,SIDM00586,HUH1_LIVER,HUH1,,Liver,Hepatocellular Carcinoma,True,True,True,True,True,True,187,True,True,
JHH-4,JHH4,ACH-000476,1240158.0,SIDM00616,JHH4_LIVER,JHH4,,Liver,Hepatocellular Carcinoma,True,True,True,True,True,True,977,True,True,
Malme-3M,MALME3M,ACH-000477,,SIDM00011,MALME3M_SKIN,MALME3M,,Skin,Melanoma,False,False,True,True,True,True,1325,False,True,
SNU-387,SNU387,ACH-000478,909736.0,SIDM01180,SNU387_LIVER,SNU387,,Liver,Hepatocellular Carcinoma,True,True,True,True,False,False,0,True,True,
KNS-81,KNS81,ACH-000479,,SIDM00605,KNS81_CENTRAL_NERVOUS_SYSTEM,KNS81,,CNS/Brain,Adult-Type Diffuse Glioma,False,False,True,True,True,True,1389,False,True,
HuH-7,HUH7,ACH-000480,907071.0,SIDM00585,HUH7_LIVER,,,Liver,Hepatocellular Carcinoma,True,True,False,False,True,True,1035,True,True,
NCI-H2170,NCIH2170,ACH-000481,687815.0,SIDM00716,NCIH2170_LUNG,NCIH2170,,Lung,Non-Small Cell Lung Cancer,True,True,True,True,True,True,1409,True,True,
RERF-LC-KJ,RERFLCKJ,ACH-000482,1298537.0,SIDM00356,RERFLCKJ_LUNG,,,Lung,Non-Small Cell Lung Cancer,True,True,False,False,True,True,1395,True,True,
SNU-182,SNU182,ACH-000483,1240216.0,SIDM01151,SNU182_LIVER,SNU182,,Liver,Hepatocellular Carcinoma,False,False,True,True,True,True,191,True,True,
VMRC-RCW,VMRCRCW,ACH-000484,1240224.0,SIDM00318,VMRCRCW_KIDNEY,VMRCRCW,,Kidney,Renal Cell Carcinoma,True,True,True,True,True,True,1319,False,True,
GSU,GSU,ACH-000485,,,GSU_STOMACH,GSU,,Esophagus/Stomach,Esophagogastric Adenocarcinoma,False,False,True,True,True,True,187,False,True,
KU-19-19,KU1919,ACH-000486,907312.0,SIDM01033,KU1919_URINARY_TRACT,KU1919,,Bladder/Urinary Tract,Bladder Urothelial Carcinoma,True,True,True,True,True,True,1466,True,True,
F-36P,F36P,ACH-000487,,,F36P_HAEMATOPOIETIC_AND_LYMPHOID_TISSUE,,,Myeloid,Acute Myeloid Leukemia,False,False,True,False,False,False,0,False,True,
TE-11,TE11,ACH-000488,946354.0,SIDM00348,TE11_OESOPHAGUS,TE11,,Esophagus/Stomach,Esophageal Squamous Cell Carcinoma,True,True,True,True,True,True,1343,True,True,
SW1116,SW1116,ACH-000489,909746.0,SIDM00835,SW1116_LARGE_INTESTINE,SW1116,,Bowel,Colorectal Adenocarcinoma,True,True,True,True,True,True,154,True,True,
SF767,SF767,ACH-000490,,SIDM00626,SF767_CENTRAL_NERVOUS_SYSTEM,,,Cervix,Cervical Squamous Cell Carcinoma,False,False,False,False,False,False,0,False,True,
NCI-H716,NCIH716,ACH-000491,908458.0,SIDM00779,NCIH716_LARGE_INTESTINE,,,Bowel,Colorectal Adenocarcinoma,True,True,True,False,False,False,0,True,True,
MUTZ-5,MUTZ5,ACH-000492,,SIDM01689,MUTZ5_HAEMATOPOIETIC_AND_LYMPHOID_TISSUE,,,Lymphoid,B-Cell Acute Lymphoblastic Leukemia,False,False,False,False,False,False,0,False,True,
SNU-423,SNU423,ACH-000493,909737.0,SIDM01199,SNU423_LIVER,SNU423,,Liver,Hepatocellular Carcinoma,True,True,True,True,True,True,1398,True,True,
OELE,OELE,ACH-000494,,,OELE_OVARY,,,Ovary/Fallopian Tube,Non-Cancerous,False,False,False,False,False,False,0,False,True,
TUHR4TKB,TUHR4TKB,ACH-000495,,,TUHR4TKB_KIDNEY,TUHR4TKB,,Kidney,Renal Cell Carcinoma,False,False,True,True,True,True,1440,False,True,
NCI-H1792,NCIH1792,ACH-000496,724868.0,SIDM00771,NCIH1792_LUNG,NCIH1792,,Lung,Non-Small Cell Lung Cancer,True,True,True,True,True,True,1384,True,True,
KO52,KO52,ACH-000498,1330932.0,SIDM00018,KO52_HAEMATOPOIETIC_AND_LYMPHOID_TISSUE,,,Myeloid,Acute Myeloid Leukemia,False,False,True,False,False,False,0,False,True,
EW8,EW8,ACH-000499,,,EW8_BONE,,,Bone,Ewing Sarcoma,False,False,False,False,True,True,192,False,True,
SNU-46,SNU46,ACH-000500,,,SNU46_UPPER_AERODIGESTIVE_TRACT,SNU46,,Head and Neck,Head and Neck Squamous Cell Carcinoma,False,False,True,True,True,True,1449,False,True,
LS123,LS123,ACH-000501,907792.0,SIDM00776,LS123_LARGE_INTESTINE,LS123,,Bowel,Colorectal Adenocarcinoma,True,True,True,True,False,False,0,True,True,
TCC-PAN2,TCCPAN2,ACH-000502,,,TCCPAN2_PANCREAS,TCCPAN2,,Pancreas,Pancreatic Adenocarcinoma,False,False,True,True,True,True,1369,False,True,
BICR 16,BICR16,ACH-000503,,,BICR16_UPPER_AERODIGESTIVE_TRACT,BICR16,,Head and Neck,Head and Neck Squamous Cell Carcinoma,False,False,True,True,True,True,1377,False,True,
SNB75,SNB75,ACH-000504,905982.0,SIDM00095,SNB75_CENTRAL_NERVOUS_SYSTEM,SNB75,,CNS/Brain,Adult-Type Diffuse Glioma,True,True,True,True,True,True,1356,True,True,
RKN,RKN,ACH-000505,1298539.0,SIDM00353,RKN_SOFT_TISSUE,RKN,,Soft Tissue,Leiomyosarcoma,True,True,True,True,True,True,1365,True,True,
NCI-H146,NCIH146,ACH-000506,910899.0,SIDM00698,NCIH146_LUNG,,,Lung,Lung Neuroendocrine Tumor,True,True,True,False,False,False,0,True,True,
KE-39,KE39,ACH-000507,,,KE39_STOMACH,KE39,,Esophagus/Stomach,Esophagogastric Adenocarcinoma,False,False,True,True,True,True,191,False,True,
COR-L88,CORL88,ACH-000508,906808.0,SIDM00506,CORL88_LUNG,,,Lung,Lung Neuroendocrine Tumor,True,True,True,False,True,True,152,True,True,
HuT 78,HUT78,ACH-000509,,SIDM00851,HUT78_HAEMATOPOIETIC_AND_LYMPHOID_TISSUE,,,Lymphoid,Mature T and NK Neoplasms,False,False,True,False,True,True,191,False,True,
NCI-H1299,NCIH1299,ACH-000510,724831.0,SIDM00649,NCIH1299_LUNG,NCIH1299,,Lung,Non-Small Cell Lung Cancer,True,True,True,True,True,True,925,True,True,
Calu-1,CALU1,ACH-000511,,,CALU1_LUNG,CALU1,,Lung,Non-Small Cell Lung Cancer,False,False,True,True,False,False,0,False,True,
INA6,INA6,ACH-000512,,,INA6_HAEMATOPOIETIC_AND_LYMPHOID_TISSUE,,,Lymphoid,Mature B-Cell Neoplasms,False,False,False,False,False,False,0,False,True,
SNU-1272,SNU1272,ACH-000513,,SIDM01335,SNU1272_KIDNEY,SNU1272,,Kidney,Renal Cell Carcinoma,False,False,True,True,False,False,0,False,True,
NCI-H1092,NCIH1092,ACH-000514,687997.0,SIDM00653,NCIH1092_LUNG,,,Lung,Lung Neuroendocrine Tumor,True,True,True,False,True,True,192,True,True,
HCC-33,HCC33,ACH-000515,1303901.0,SIDM01071,HCC33_LUNG,HCC33,,Lung,Lung Neuroendocrine Tumor,True,True,True,True,True,True,188,False,True,
CAL-78,CAL78,ACH-000516,1290765.0,SIDM00929,CAL78_BONE,CAL78,,Bone,Chondrosarcoma,True,True,True,True,True,True,1348,True,True,
SNU-410,SNU410,ACH-000517,,,SNU410_PANCREAS,SNU410,,Pancreas,Pancreatic Adenocarcinoma,False,False,True,True,True,True,1311,False,True,
CAL-33,CAL33,ACH-000518,753541.0,SIDM00942,CAL33_UPPER_AERODIGESTIVE_TRACT,CAL33,,Head and Neck,Head and Neck Squamous Cell Carcinoma,True,True,True,True,True,True,192,True,True,
PEER,PEER,ACH-000519,,SIDM00991,PEER_HAEMATOPOIETIC_AND_LYMPHOID_TISSUE,,,Lymphoid,T-Lymphoblastic Leukemia/Lymphoma,False,False,True,False,False,False,0,False,True,
59M,59M,ACH-000520,,,59M_OVARY,,,Ovary/Fallopian Tube,Ovarian Epithelial Tumor,False,False,False,False,False,False,0,False,True,
NCI-H2030,NCIH2030,ACH-000521,722045.0,SIDM00715,NCIH2030_LUNG,NCIH2030,,Lung,Non-Small Cell Lung Cancer,True,True,True,True,True,True,1459,True,True,
UM-UC-3,UMUC3,ACH-000522,724838.0,SIDM01182,UMUC3_URINARY_TRACT,UMUC3,,Bladder/Urinary Tract,Bladder Urothelial Carcinoma,True,True,True,True,False,False,0,True,True,
NCI-H1184,NCIH1184,ACH-000523,,,NCIH1184_LUNG,NCIH1184,,Lung,Lung Neuroendocrine Tumor,False,False,True,True,False,False,0,False,True,
KURAMOCHI,KURAMOCHI,ACH-000524,909975.0,SIDM00554,KURAMOCHI_OVARY,KURAMOCHI,,Ovary/Fallopian Tube,Ovarian Epithelial Tumor,True,True,True,True,True,True,1365,True,True,
NCI-H2171,NCIH2171,ACH-000525,688015.0,SIDM00733,NCIH2171_LUNG,,,Lung,Lung Neuroendocrine Tumor,True,True,True,False,True,True,190,False,True,
Hs 821.T,HS821T,ACH-000526,,SIDM01698,HS821T_FIBROBLAST,,,Fibroblast,Non-Cancerous,False,False,False,False,False,False,0,False,True,
OVISE,OVISE,ACH-000527,1240198.0,SIDM00564,OVISE_OVARY,OVISE,,Ovary/Fallopian Tube,Ovarian Epithelial Tumor,True,True,True,True,True,True,1395,True,True,
ABC-1,ABC1,ACH-000528,906791.0,SIDM00494,ABC1_LUNG,,,Lung,Non-Small Cell Lung Cancer,True,True,False,False,True,True,1437,True,True,
T1-73,T173,ACH-000529,,,T173_FIBROBLAST,,,Fibroblast,Non-Cancerous,False,False,False,False,False,False,0,False,True,
DMS 114,DMS114,ACH-000530,687983.0,SIDM00865,DMS114_LUNG,DMS114,,Lung,SMARCA4-deficient undifferentiated tumor,True,True,True,True,False,False,0,True,True,
RS-5,RS5,ACH-000531,,SIDM01772,RS5_FIBROBLAST,,,Fibroblast,Non-Cancerous,False,False,False,False,False,False,0,False,True,
SNU-61,SNU61,ACH-000532,1660035.0,SIDM00194,SNU61_LARGE_INTESTINE,SNU61,,Bowel,Colorectal Adenocarcinoma,True,True,True,True,True,True,1338,True,True,
NCI-H2004 RT,NCIH2004RT,ACH-000533,,,NCIH2004RT_SOFT_TISSUE,,,Kidney,Rhabdoid Cancer,False,False,False,False,True,True,188,False,True,
WSU-DLCL2,WSUDLCL2,ACH-000534,1331050.0,SIDM00413,WSUDLCL2_HAEMATOPOIETIC_AND_LYMPHOID_TISSUE,,,Lymphoid,Mature B-Cell Neoplasms,True,True,True,False,True,True,191,True,False,
BxPC-3,BXPC3,ACH-000535,906693.0,SIDM00132,BXPC3_PANCREAS,BXPC3,,Pancreas,Pancreatic Adenocarcinoma,True,True,True,True,True,True,1188,True,True,
BT-20,BT20,ACH-000536,906801.0,SIDM00893,BT20_BREAST,BT20,,Breast,Invasive Breast Carcinoma,True,True,True,True,False,False,0,True,True,
SNU-761,SNU761,ACH-000537,,,SNU761_LIVER,SNU761,,Liver,Hepatocellular Carcinoma,False,False,True,True,True,True,1253,False,True,
HUTU80,HUTU80,ACH-000538,907073.0,SIDM00694,HUTU80_SMALL_INTESTINE,,,Bowel,Small Bowel Cancer,True,True,False,False,False,False,0,True,True,
Hs 618.T,HS618T,ACH-000539,,,HS618T_FIBROBLAST,,,Fibroblast,Non-Cancerous,False,False,False,False,False,False,0,False,True,
Hs 606.T,HS606T,ACH-000540,,SIDM01591,HS606T_FIBROBLAST,,,Fibroblast,Non-Cancerous,False,False,False,False,False,False,0,False,True,
KMS-34,KMS34,ACH-000541,,,KMS34_HAEMATOPOIETIC_AND_LYMPHOID_TISSUE,,,Lymphoid,Mature B-Cell Neoplasms,False,False,True,False,True,True,191,False,True,
Hey-A8,HEYA8,ACH-000542,,SIDM01215,HEYA8_OVARY,HEYA8,,Ovary/Fallopian Tube,Ovarian Epithelial Tumor,False,False,True,True,True,True,1192,False,True,
SNU-489,SNU489,ACH-000543,,,SNU489_CENTRAL_NERVOUS_SYSTEM,SNU489,,CNS/Brain,Adult-Type Diffuse Glioma,False,False,True,True,True,True,188,False,True,
OE21,OE21,ACH-000544,1298359.0,SIDM00478,OE21_OESOPHAGUS,OE21,,Esophagus/Stomach,Esophageal Squamous Cell Carcinoma,True,True,True,True,True,True,1377,True,True,
VM-CUB1,VMCUB1,ACH-000545,909780.0,SIDM00414,VMCUB1_URINARY_TRACT,VMCUB1,,Bladder/Urinary Tract,Bladder Urothelial Carcinoma,False,False,False,True,True,True,1333,True,True,
HSC-4,HSC4,ACH-000546,907062.0,SIDM00588,HSC4_UPPER_AERODIGESTIVE_TRACT,HSC4,,Head and Neck,Head and Neck Squamous Cell Carcinoma,True,True,True,True,False,False,0,True,True,
HT-1197,HT1197,ACH-000547,907065.0,SIDM00676,HT1197_URINARY_TRACT,HT1197,,Bladder/Urinary Tract,Bladder Urothelial Carcinoma,True,True,True,True,True,True,190,True,True,
BHY,BHY,ACH-000548,753535.0,SIDM00986,BHY_UPPER_AERODIGESTIVE_TRACT,BHY,,Head and Neck,Head and Neck Squamous Cell Carcinoma,True,True,True,True,True,True,191,True,True,
SNU-1076,SNU1076,ACH-000549,,SIDM00168,SNU1076_UPPER_AERODIGESTIVE_TRACT,SNU1076,,Head and Neck,Head and Neck Squamous Cell Carcinoma,False,False,True,True,True,True,1337,False,True,
IGR-39,IGR39,ACH-000550,,SIDM01065,IGR39_SKIN,IGR39,,Skin,Melanoma,False,False,True,True,True,True,192,False,True,
K-562,K562,ACH-000551,905940.0,SIDM00791,K562_HAEMATOPOIETIC_AND_LYMPHOID_TISSUE,,,Myeloid,Myeloproliferative Neoplasms,True,True,False,False,True,True,192,True,True,
HT-29,HT29,ACH-000552,905939.0,SIDM00136,HT29_LARGE_INTESTINE,HT29,"ACH-002519, ACH-002520",Bowel,Colorectal Adenocarcinoma,True,True,True,True,True,True,1410,True,True,
Sq-1,SQ1,ACH-000553,,,SQ1_LUNG,SQ1,,Lung,Non-Small Cell Lung Cancer,False,False,True,True,True,True,1377,False,True,
UACC-893,UACC893,ACH-000554,909778.0,SIDM01186,UACC893_BREAST,,,Breast,Invasive Breast Carcinoma,True,True,False,False,False,False,0,True,True,
A-498,A498,ACH-000555,905948.0,SIDM00124,A498_KIDNEY,A498,,Kidney,Renal Cell Carcinoma,True,True,True,True,True,True,192,True,True,
SIHA,SIHA,ACH-000556,930297.0,SIDM01093,SIHA_CERVIX,,,Cervix,Cervical Squamous Cell Carcinoma,True,True,False,False,False,False,0,True,True,
AML-193,AML193,ACH-000557,,,AML193_HAEMATOPOIETIC_AND_LYMPHOID_TISSUE,,,Myeloid,Acute Myeloid Leukemia,False,False,True,False,False,False,0,False,True,
A-172,A172,ACH-000558,687563.0,SIDM00799,A172_CENTRAL_NERVOUS_SYSTEM,A172,,CNS/Brain,Adult-Type Diffuse Glioma,True,True,True,True,True,True,1337,True,True,
NCI-H1836,NCIH1836,ACH-000559,1240182.0,SIDM00770,NCIH1836_LUNG,,,Lung,Lung Neuroendocrine Tumor,True,True,False,False,False,False,0,True,True,
ECC10,ECC10,ACH-000560,906848.0,SIDM00280,ECC10_STOMACH,ECC10,,Esophagus/Stomach,Esophagogastric Adenocarcinoma,True,True,True,True,True,True,190,True,True,
T.T,TDOTT,ACH-000561,1299064.0,SIDM00322,TT_OESOPHAGUS,,,Esophagus/Stomach,Esophageal Squamous Cell Carcinoma,True,True,False,False,True,True,1429,True,True,
HCC-78,HCC78,ACH-000562,1290908.0,SIDM01068,HCC78_LUNG,HCC78,,Lung,Non-Small Cell Lung Cancer,True,True,True,True,True,True,1426,True,True,
EBC-1,EBC1,ACH-000563,753554.0,SIDM00486,EBC1_LUNG,EBC1,,Lung,Non-Small Cell Lung Cancer,True,True,True,True,True,True,1351,True,True,
KHM-1B,KHM1B,ACH-000564,,,KHM1B_HAEMATOPOIETIC_AND_LYMPHOID_TISSUE,,,Lymphoid,Mature B-Cell Neoplasms,False,False,True,False,True,True,150,False,True,
RCM-1,RCM1,ACH-000565,909263.0,SIDM00359,RCM1_LARGE_INTESTINE,RCM1,,Bowel,Colorectal Adenocarcinoma,True,True,True,True,True,True,1349,True,True,
SW-1710,SW1710,ACH-000566,909749.0,SIDM00420,SW1710_URINARY_TRACT,SW1710,,Bladder/Urinary Tract,Bladder Urothelial Carcinoma,True,True,True,True,True,True,1426,True,True,
ST486,ST486,ACH-000567,910906.0,SIDM01198,ST486_HAEMATOPOIETIC_AND_LYMPHOID_TISSUE,,,Lymphoid,Mature B-Cell Neoplasms,True,True,True,False,False,False,0,True,True,
UACC-812,UACC812,ACH-000568,910910.0,SIDM01187,UACC812_BREAST,,,Breast,Invasive Breast Carcinoma,True,True,True,False,False,False,0,True,True,
IST-MES1,ISTMES1,ACH-000569,907173.0,SIDM00224,ISTMES1_PLEURA,ISTMES1,,Pleura,Pleural Mesothelioma,True,True,True,True,True,True,1440,True,True,
YKG1,YKG1,ACH-000570,687592.0,SIDM00315,YKG1_CENTRAL_NERVOUS_SYSTEM,YKG1,,CNS/Brain,Adult-Type Diffuse Glioma,True,True,True,True,True,True,1270,True,True,
T98G,T98G,ACH-000571,687586.0,SIDM01171,T98G_CENTRAL_NERVOUS_SYSTEM,T98G,,CNS/Brain,Adult-Type Diffuse Glioma,True,True,True,True,True,True,1455,True,True,
G-361,G361,ACH-000572,906865.0,SIDM00857,G361_SKIN,G361,,Skin,Melanoma,True,True,True,True,True,True,1387,True,True,
MDA-MB-436,MDAMB436,ACH-000573,1240172.0,SIDM00629,MDAMB436_BREAST,,,Breast,Invasive Breast Carcinoma,True,True,False,False,True,True,1426,True,True,
FU-OV-1,FUOV1,ACH-000574,1240129.0,SIDM01040,FUOV1_OVARY,FUOV1,,Ovary/Fallopian Tube,Ovarian Epithelial Tumor,True,True,True,True,False,False,0,True,True,
HCC-364,HCC364,ACH-000575,,,HCC364_LUNG,,,Lung,Non-Small Cell Lung Cancer,False,False,False,False,False,False,0,False,True,
KMS-27,KMS27,ACH-000576,,,KMS27_HAEMATOPOIETIC_AND_LYMPHOID_TISSUE,,,Lymphoid,Mature B-Cell Neoplasms,False,False,True,False,True,True,192,False,True,
JHH-2,JHH2,ACH-000577,1240157.0,SIDM00617,JHH2_LIVER,JHH2,,Liver,Hepatocellular Carcinoma,True,True,True,True,False,False,0,True,True,
HCC-1171,HCC1171,ACH-000578,,,HCC1171_LUNG,HCC1171,,Lung,Non-Small Cell Lung Cancer,False,False,True,True,False,False,0,False,True,
UACC-257,UACC257,ACH-000579,905977.0,SIDM00108,UACC257_SKIN,UACC257,,Skin,Melanoma,True,True,True,True,True,True,1396,True,True,
C32,C32,ACH-000580,906830.0,SIDM00890,C32_SKIN,C32,,Skin,Melanoma,True,True,True,True,True,True,192,True,True,
SNU-16,SNU16,ACH-000581,908446.0,SIDM01145,SNU16_STOMACH,,,Esophagus/Stomach,Esophagogastric Adenocarcinoma,True,True,True,False,False,False,0,True,True,
COLO 741,COLO741,ACH-000582,,,COLO741_SKIN,COLO741,,Skin,Melanoma,False,False,True,True,True,True,1402,False,True,
MC116,MC116,ACH-000583,907799.0,SIDM00637,MC116_HAEMATOPOIETIC_AND_LYMPHOID_TISSUE,,,Lymphoid,Non-Hodgkin Lymphoma,True,True,True,False,True,True,189,True,True,
JHOS-4,JHOS4,ACH-000584,1480359.0,SIDM00303,JHOS4_OVARY,,,Ovary/Fallopian Tube,Ovarian Epithelial Tumor,True,True,False,False,False,False,0,True,True,
EPLC-272H,EPLC272H,ACH-000585,753556.0,SIDM01044,EPLC272H_LUNG,EPLC272H,,Lung,Non-Small Cell Lung Cancer,True,True,True,True,False,False,0,True,True,
NCI-H1876,NCIH1876,ACH-000586,1330972.0,SIDM00766,NCIH1876_LUNG,,,Lung,Lung Neuroendocrine Tumor,True,True,False,False,True,True,189,True,True,
NCI-H1975,NCIH1975,ACH-000587,924244.0,SIDM00759,NCIH1975_LUNG,,,Lung,Non-Small Cell Lung Cancer,True,True,True,False,True,True,1419,True,True,
KMS-26,KMS26,ACH-000588,,,KMS26_HAEMATOPOIETIC_AND_LYMPHOID_TISSUE,,,Lymphoid,Mature B-Cell Neoplasms,False,False,True,False,False,False,0,False,True,
NCI-H1437,NCIH1437,ACH-000589,687794.0,SIDM00734,NCIH1437_LUNG,,,Lung,Non-Small Cell Lung Cancer,True,True,False,False,True,True,1449,False,True,
NCI-H2073,NCIH2073,ACH-000590,,SIDM00757,NCIH2073_LUNG,,,Lung,Non-Small Cell Lung Cancer,False,False,False,False,False,False,0,False,True,
LN-235,LN235,ACH-000591,,,LN235_CENTRAL_NERVOUS_SYSTEM,,,CNS/Brain,Adult-Type Diffuse Glioma,False,False,False,False,False,False,0,False,True,
TM-31,TM31,ACH-000592,,,TM31_CENTRAL_NERVOUS_SYSTEM,TM31,,CNS/Brain,Adult-Type Diffuse Glioma,False,False,True,True,True,True,1353,False,True,
BC-3C,BC3C,ACH-000593,,,BC3C_URINARY_TRACT,BC3C,,Bladder/Urinary Tract,Bladder Urothelial Carcinoma,False,False,True,True,True,True,1300,False,True,
DMS-153,DMS153,ACH-000594,,,DMS153_LUNG,,,Lung,Lung Neuroendocrine Tumor,False,False,False,False,False,False,0,False,True,
LN-229,LN229,ACH-000595,1240169.0,SIDM00684,LN229_CENTRAL_NERVOUS_SYSTEM,LN229,,CNS/Brain,Adult-Type Diffuse Glioma,True,True,True,True,True,True,1417,True,True,
LCLC-97TM1,LCLC97TM1,ACH-000596,946361.0,SIDM00344,LCLC97TM1_LUNG,LCLC97TM1,,Lung,Non-Small Cell Lung Cancer,True,True,True,True,False,False,0,True,True,
TTC-709,TTC709,ACH-000597,,,TTC709_SOFT_TISSUE,,,Soft Tissue,Rhabdoid Cancer,False,False,True,False,True,True,191,False,True,
KMS-21BM,KMS21BM,ACH-000598,,,KMS21BM_HAEMATOPOIETIC_AND_LYMPHOID_TISSUE,,,Lymphoid,Mature B-Cell Neoplasms,False,False,True,False,True,True,190,False,True,
PA-TU-8902,PATU8902,ACH-000599,1298526.0,SIDM00455,PATU8902_PANCREAS,PATU8902,,Pancreas,Pancreatic Adenocarcinoma,True,True,True,True,True,True,1422,True,True,
SLR 26,SLR26,ACH-000600,,,SLR26_KIDNEY,,,Kidney,Renal Cell Carcinoma,False,False,False,False,False,False,0,False,True,
MIA PaCa-2,MIAPACA2,ACH-000601,724870.0,SIDM00505,MIAPACA2_PANCREAS,MIAPACA2,,Pancreas,Pancreatic Adenocarcinoma,True,True,True,True,True,True,1376,True,True,
M-07e,M07E,ACH-000602,,,M07E_HAEMATOPOIETIC_AND_LYMPHOID_TISSUE,,,Myeloid,Acute Myeloid Leukemia,False,False,True,False,False,False,0,False,True,
BEN,BEN,ACH-000603,753534.0,SIDM00990,BEN_LUNG,BEN,,Lung,Non-Small Cell Lung Cancer,True,True,True,True,True,True,1435,True,True,
KYO-1,KYO1,ACH-000604,,,KYO1_HAEMATOPOIETIC_AND_LYMPHOID_TISSUE,,,Myeloid,Myeloproliferative Neoplasms,False,False,True,False,True,True,192,False,True,
TE-6,TE6,ACH-000605,946355.0,SIDM00328,TE6_OESOPHAGUS,TE6,,Esophagus/Stomach,Esophageal Squamous Cell Carcinoma,True,True,True,True,True,True,1371,True,True,
PE/CA-PJ34 (clone C12),PECAPJ34CLONEC12,ACH-000606,,,PECAPJ34CLONEC12_UPPER_AERODIGESTIVE_TRACT,PECAPJ34CLONEC12,ACH-001314,Head and Neck,Head and Neck Squamous Cell Carcinoma,False,False,True,True,False,False,0,False,True,
KYM-1,KYM1,ACH-000607,1240166.0,SIDM00552,KYM1_SOFT_TISSUE,KYM1,,Kidney,Rhabdoid Cancer,True,True,True,True,True,True,186,True,True,
COV644,COV644,ACH-000608,,,COV644_OVARY,COV644,,Ovary/Fallopian Tube,Ovarian Epithelial Tumor,False,False,True,True,True,True,191,False,True,
SF126,SF126,ACH-000609,909712.0,SIDM00382,SF126_CENTRAL_NERVOUS_SYSTEM,SF126,,CNS/Brain,Adult-Type Diffuse Glioma,True,True,True,True,True,True,1305,True,True,
NCI-H2227,NCIH2227,ACH-000610,688018.0,SIDM00730,NCIH2227_LUNG,,,Lung,Lung Neuroendocrine Tumor,True,True,False,False,False,False,0,True,True,
SU-DHL-6,SUDHL6,ACH-000611,1331037.0,SIDM00407,SUDHL6_HAEMATOPOIETIC_AND_LYMPHOID_TISSUE,,,Lymphoid,Mature B-Cell Neoplasms,True,True,True,False,False,False,0,True,True,
HuT 102,HUT102,ACH-000612,,SIDM01734,HUT102_HAEMATOPOIETIC_AND_LYMPHOID_TISSUE,,,Lymphoid,Mature T and NK Neoplasms,False,False,False,False,False,False,0,False,True,
HOS,HOS,ACH-000613,907060.0,SIDM00806,HOS_BONE,HOS,,Bone,Osteosarcoma,True,True,True,True,True,True,1363,True,True,
RVH-421,RVH421,ACH-000614,909706.0,SIDM00401,RVH421_SKIN,,ACH-002875,Skin,Melanoma,True,True,True,False,True,True,1434,True,True,
SK-MEL-28,SKMEL28,ACH-000615,905954.0,SIDM00081,SKMEL28_SKIN,SKMEL28,,Skin,Melanoma,True,True,True,True,True,True,188,True,True,
Hs 746T,HS746T,ACH-000616,1240151.0,SIDM00665,HS746T_STOMACH,HS746T,,Esophagus/Stomach,Esophagogastric Adenocarcinoma,True,True,True,True,False,False,0,True,True,
OVCAR-4,OVCAR4,ACH-000617,905990.0,SIDM00092,OVCAR4_OVARY,OVCAR4,,Ovary/Fallopian Tube,Ovarian Epithelial Tumor,True,True,True,True,False,False,0,True,True,
SNU-1041,SNU1041,ACH-000618,,SIDM00173,SNU1041_UPPER_AERODIGESTIVE_TRACT,SNU1041,,Head and Neck,Head and Neck Squamous Cell Carcinoma,False,False,False,True,True,True,1441,False,True,
PE/CA-PJ15,PECAPJ15,ACH-000619,1240207.0,SIDM00473,PECAPJ15_UPPER_AERODIGESTIVE_TRACT,PECAPJ15,,Head and Neck,Head and Neck Squamous Cell Carcinoma,True,True,True,True,True,True,1421,True,True,
JHH-1,JHH1,ACH-000620,1298151.0,SIDM00618,JHH1_LIVER,JHH1,,Liver,Hepatocellular Carcinoma,True,True,True,True,True,True,1414,True,True,
MDA-MB-157,MDAMB157,ACH-000621,925338.0,SIDM00529,MDAMB157_BREAST,MDAMB157,ACH-001120,Breast,Invasive Breast Carcinoma,True,True,False,True,False,False,0,True,True,
KNS-42,KNS42,ACH-000622,907282.0,SIDM00607,KNS42_CENTRAL_NERVOUS_SYSTEM,KNS42,,CNS/Brain,Adult-Type Diffuse Glioma,True,True,True,True,True,True,1421,True,True,
SNU-201,SNU201,ACH-000623,,SIDM00158,SNU201_CENTRAL_NERVOUS_SYSTEM,SNU201,,CNS/Brain,Adult-Type Diffuse Glioma,False,False,True,True,True,True,187,False,True,
HCC1806,HCC1806,ACH-000624,907047.0,SIDM00875,HCC1806_BREAST,HCC1806,,Breast,Breast Ductal Carcinoma In Situ,True,True,True,True,True,True,1413,True,True,
Hep 3B2.1-7,HEP3B217,ACH-000625,1240147.0,SIDM00672,HEP3B217_LIVER,HEP3B217,,Liver,Hepatocellular Carcinoma,True,True,True,True,True,True,1389,True,True,
U266B1,U266B1,ACH-000626,753615.0,SIDM00417,U266B1_HAEMATOPOIETIC_AND_LYMPHOID_TISSUE,,,Lymphoid,Mature B-Cell Neoplasms,True,True,True,False,True,True,192,True,True,
LCLC-103H,LCLC103H,ACH-000627,753586.0,SIDM00345,LCLC103H_LUNG,LCLC103H,,Lung,Non-Small Cell Lung Cancer,True,True,True,True,True,True,1446,True,True,
NCI-H596,NCIH596,ACH-000628,908459.0,SIDM01127,NCIH596_LUNG,,,Lung,Non-Small Cell Lung Cancer,True,True,False,False,True,True,927,True,True,
IOMM-Lee,IOMMLEE,ACH-000629,,,IOMMLEE_CENTRAL_NERVOUS_SYSTEM,,,CNS/Brain,Meningothelial Tumor,False,False,False,False,False,False,0,False,True,
YD-8,YD8,ACH-000630,,,YD8_UPPER_AERODIGESTIVE_TRACT,YD8,,Head and Neck,Head and Neck Squamous Cell Carcinoma,False,False,True,True,True,True,1334,False,True,
KS-1,KS1,ACH-000631,907313.0,SIDM00555,KS1_CENTRAL_NERVOUS_SYSTEM,,,CNS/Brain,Adult-Type Diffuse Glioma,True,True,False,False,True,True,188,True,True,
Hs 944.T,HS944T,ACH-000632,,SIDM00063,HS944T_SKIN,HS944T,,Skin,Melanoma,False,False,True,True,True,True,1294,False,True,
FU97,FU97,ACH-000633,1290806.0,SIDM00503,FU97_STOMACH,FU97,,Esophagus/Stomach,Esophagogastric Adenocarcinoma,True,True,True,True,False,False,0,True,True,
LN-340,LN340,ACH-000634,,,LN340_CENTRAL_NERVOUS_SYSTEM,,,CNS/Brain,Adult-Type Diffuse Glioma,False,False,False,False,False,False,0,False,True,
SNU-119,SNU119,ACH-000635,,,SNU119_OVARY,SNU119,,Ovary/Fallopian Tube,Ovarian Epithelial Tumor,False,False,True,True,True,True,152,False,True,
RPMI-8402,RPMI8402,ACH-000636,909702.0,SIDM00403,RPMI8402_HAEMATOPOIETIC_AND_LYMPHOID_TISSUE,,,Lymphoid,T-Lymphoblastic Leukemia/Lymphoma,True,True,True,False,True,True,191,True,True,
KYSE-520,KYSE520,ACH-000637,753575.0,SIDM01025,KYSE520_OESOPHAGUS,KYSE520,,Esophagus/Stomach,Esophageal Squamous Cell Carcinoma,True,True,True,True,True,True,1381,True,True,
NCI-H441,NCIH441,ACH-000638,908460.0,SIDM00925,NCIH441_LUNG,NCIH441,,Lung,Non-Small Cell Lung Cancer,True,True,True,True,True,True,187,True,True,
NCI-H211,NCIH211,ACH-000639,1240189.0,SIDM00704,NCIH211_LUNG,NCIH211,,Lung,Lung Neuroendocrine Tumor,True,True,True,True,True,True,192,True,True,
SK-MEL-31,SKMEL31,ACH-000640,909727.0,SIDM01104,SKMEL31_SKIN,SKMEL31,,Skin,Melanoma,True,True,True,True,False,False,0,True,True,
CMK,CMK,ACH-000641,910566.0,SIDM00959,CMK_HAEMATOPOIETIC_AND_LYMPHOID_TISSUE,,,Myeloid,Acute Myeloid Leukemia,True,False,True,False,False,False,0,True,True,
HMEL,HMEL,ACH-000642,,,HMEL_BREAST,,,Breast,Non-Cancerous,False,False,False,False,False,False,0,False,True,
HDQ-P1,HDQP1,ACH-000643,1290922.0,SIDM01062,HDQP1_BREAST,HDQP1,,Breast,Invasive Breast Carcinoma,True,True,True,True,True,True,1438,True,True,
COLO 829,COLO829,ACH-000644,687448.0,SIDM00909,COLO829_SKIN,,,Skin,Melanoma,True,True,True,False,False,False,0,True,True,
JL-1,JL1,ACH-000645,,,JL1_PLEURA,JL1,,Pleura,Pleural Mesothelioma,False,False,True,True,True,True,190,False,True,
OVMANA,OVMANA,ACH-000646,,,OVMANA_OVARY,,,Ovary/Fallopian Tube,Ovarian Epithelial Tumor,False,False,False,False,False,False,0,False,True,
TE-1,TE1,ACH-000647,753621.0,SIDM00369,TE1_OESOPHAGUS,TE1,,Esophagus/Stomach,Esophageal Squamous Cell Carcinoma,True,True,True,True,True,True,1402,True,True,
NCI-H28,NCIH28,ACH-000648,908470.0,SIDM00720,NCIH28_PLEURA,NCIH28,,Pleura,Pleural Mesothelioma,True,True,True,True,True,True,1317,True,True,
786-O,786O,ACH-000649,905947.0,SIDM00125,786O_KIDNEY,786O,,Kidney,Renal Cell Carcinoma,True,True,True,True,True,True,1416,True,True,
IGR-37,IGR37,ACH-000650,1240153.0,SIDM01066,IGR37_SKIN,IGR37,,Skin,Melanoma,True,True,True,True,True,True,1342,True,True,
SW 620,SW620,ACH-000651,905962.0,SIDM00841,SW620_LARGE_INTESTINE,SW620,,Bowel,Colorectal Adenocarcinoma,True,True,True,True,True,True,1344,True,True,
SUIT-2,SUIT2,ACH-000652,1240219.0,SIDM00371,SUIT2_PANCREAS,SUIT2,,Pancreas,Pancreatic Adenocarcinoma,True,True,True,True,True,True,1147,True,True,
JJN-3,JJN3,ACH-000653,1327766.0,SIDM01036,JJN3_HAEMATOPOIETIC_AND_LYMPHOID_TISSUE,,,Lymphoid,Mature B-Cell Neoplasms,True,True,True,False,True,True,188,True,True,
Raji,RAJI,ACH-000654,909262.0,SIDM00844,RAJI_HAEMATOPOIETIC_AND_LYMPHOID_TISSUE,,,Lymphoid,Non-Hodgkin Lymphoma,True,True,True,False,False,False,0,True,True,
SF268,SF268,ACH-000655,905986.0,SIDM00085,SF268_CENTRAL_NERVOUS_SYSTEM,SF268,,CNS/Brain,Adult-Type Diffuse Glioma,True,True,True,True,False,False,0,True,True,
SU-DHL-8,SUDHL8,ACH-000656,1331038.0,SIDM00423,SUDHL8_HAEMATOPOIETIC_AND_LYMPHOID_TISSUE,,,Lymphoid,Mature B-Cell Neoplasms,True,True,True,False,True,True,192,True,True,
A2780,A2780,ACH-000657,906804.0,SIDM00210,A2780_OVARY,A2780,,Ovary/Fallopian Tube,Ovarian Epithelial Tumor,True,True,True,True,True,True,1052,True,True,
KMS-18,KMS18,ACH-000658,,,KMS18_HAEMATOPOIETIC_AND_LYMPHOID_TISSUE,,,Lymphoid,Mature B-Cell Neoplasms,False,False,True,False,True,True,189,False,False,
SCLC-21H,SCLC21H,ACH-000659,,SIDM00029,SCLC21H_LUNG,,,Lung,Lung Neuroendocrine Tumor,False,False,True,False,True,True,181,False,True,
SU-DHL-5,SUDHL5,ACH-000660,1331036.0,SIDM00406,SUDHL5_HAEMATOPOIETIC_AND_LYMPHOID_TISSUE,,,Lymphoid,Mature B-Cell Neoplasms,True,True,False,False,False,False,0,True,True,
WM1799,WM1799,ACH-000661,,,WM1799_SKIN,WM1799,,Skin,Melanoma,False,False,False,True,True,True,1433,False,True,
COR-L23,CORL23,ACH-000662,687780.0,SIDM00512,CORL23_LUNG,,,Lung,Non-Small Cell Lung Cancer,True,True,False,False,True,True,1344,True,True,
OVTOKO,OVTOKO,ACH-000663,1298365.0,SIDM00425,OVTOKO_OVARY,OVTOKO,,Ovary/Fallopian Tube,Ovarian Epithelial Tumor,True,True,True,True,True,True,1434,True,True,
SU-DHL-1,SUDHL1,ACH-000664,909742.0,SIDM00390,SUDHL1_HAEMATOPOIETIC_AND_LYMPHOID_TISSUE,,,Lymphoid,Mature T and NK Neoplasms,True,True,True,False,True,True,191,True,True,
SK-MES-1,SKMES1,ACH-000665,909728.0,SIDM01103,SKMES1_LUNG,SKMES1,,Lung,Non-Small Cell Lung Cancer,True,True,True,True,True,True,1244,True,True,
NCI-H1355,NCIH1355,ACH-000666,724866.0,SIDM00645,NCIH1355_LUNG,NCIH1355,,Lung,Non-Small Cell Lung Cancer,True,True,True,True,True,True,1372,True,True,
HCC-44,HCC44,ACH-000667,1240145.0,SIDM01069,HCC44_LUNG,HCC44,,Lung,Non-Small Cell Lung Cancer,True,True,True,True,True,True,1440,True,True,
HCC70,HCC70,ACH-000668,907048.0,SIDM00673,HCC70_BREAST,,,Breast,Invasive Breast Carcinoma,True,True,False,False,False,False,0,True,True,
SW 900,SW900,ACH-000669,724879.0,SIDM01158,SW900_LUNG,,,Lung,Non-Small Cell Lung Cancer,False,False,False,False,True,True,1340,True,True,
SBC-5,SBC5,ACH-000670,713880.0,SIDM00368,SBC5_LUNG,SBC5,,Lung,Lung Neuroendocrine Tumor,True,True,True,True,True,True,1195,True,True,
HuH-6,HUH6,ACH-000671,,SIDM00062,HUH6_LIVER,HUH6,,Liver,Hepatoblastoma,False,False,True,True,True,True,1415,False,True,
IA-LM,IALM,ACH-000672,910779.0,SIDM00306,IALM_LUNG,IALM,,Lung,Non-Small Cell Lung Cancer,True,True,True,True,True,True,1372,True,True,
LN-443,LN443,ACH-000673,,,LN443_CENTRAL_NERVOUS_SYSTEM,,ACH-001297,CNS/Brain,Adult-Type Diffuse Glioma,False,False,False,False,False,False,0,False,True,
NUGC-4,NUGC4,ACH-000674,1298357.0,SIDM00570,NUGC4_STOMACH,,,Esophagus/Stomach,Esophagogastric Adenocarcinoma,True,True,True,False,True,True,1254,True,True,
NCI-H1734,NCIH1734,ACH-000675,722058.0,SIDM00739,NCIH1734_LUNG,NCIH1734,,Lung,Non-Small Cell Lung Cancer,True,True,True,True,False,False,0,True,True,
LN-464,LN464,ACH-000676,,SIDM00058,LN464_CENTRAL_NERVOUS_SYSTEM,,,Skin,Melanoma,False,False,False,False,True,True,191,False,True,
SW 1573,SW1573,ACH-000677,724878.0,SIDM01163,SW1573_LUNG,SW1573,,Lung,Non-Small Cell Lung Cancer,True,True,True,True,True,True,1415,True,True,
MKN7,MKN7,ACH-000678,924250.0,SIDM00560,MKN7_STOMACH,MKN7,,Esophagus/Stomach,Esophagogastric Adenocarcinoma,True,True,True,True,True,True,1398,True,True,
OE-19,OE19,ACH-000679,910079.0,SIDM00479,OE19_OESOPHAGUS,OE19,,Esophagus/Stomach,Esophageal Squamous Cell Carcinoma,True,True,True,True,True,True,1376,True,True,
SW948,SW948,ACH-000680,909757.0,SIDM00832,SW948_LARGE_INTESTINE,SW948,,Bowel,Colorectal Adenocarcinoma,True,True,True,True,True,True,1392,True,True,
A549,A549,ACH-000681,905949.0,SIDM00903,A549_LUNG,A549,,Lung,Non-Small Cell Lung Cancer,True,True,True,True,True,True,1413,True,True,
SNU-1066,SNU1066,ACH-000682,,SIDM00170,SNU1066_UPPER_AERODIGESTIVE_TRACT,SNU1066,,Head and Neck,Head and Neck Squamous Cell Carcinoma,False,False,False,True,True,True,1446,False,True,
SNU-503,SNU503,ACH-000683,,SIDM00497,SNU503_LARGE_INTESTINE,SNU503,,Bowel,Colorectal Adenocarcinoma,False,False,True,True,False,False,0,False,True,
KMRC-1,KMRC1,ACH-000684,1298168.0,SIDM00611,KMRC1_KIDNEY,KMRC1,,Kidney,Renal Cell Carcinoma,True,True,True,True,True,True,1370,True,True,
L3.3,L33,ACH-000685,,,L33_PANCREAS,L33,,Pancreas,Adenosquamous Carcinoma of the Pancreas,False,False,True,True,True,True,1384,False,True,
SNU-878,SNU878,ACH-000686,,,SNU878_LIVER,SNU878,,Liver,Hepatocellular Carcinoma,False,False,True,True,True,True,187,False,True,
CI-1,CI1,ACH-000687,,,CI1_HAEMATOPOIETIC_AND_LYMPHOID_TISSUE,,,Lymphoid,Non-Hodgkin Lymphoma,False,False,True,False,True,True,190,False,True,
OV7,OV7,ACH-000688,1480360.0,SIDM00474,OV7_OVARY,OV7,,Ovary/Fallopian Tube,Ovarian Epithelial Tumor,True,True,True,True,True,True,1038,True,True,
RH-18,RH18,ACH-000689,971774.0,SIDM00454,RH18_SOFT_TISSUE,RH18,,Soft Tissue,Rhabdomyosarcoma,True,True,True,True,False,False,0,True,True,
HCC-2814,HCC2814,ACH-000690,,,HCC2814_LUNG,,,Lung,Non-Small Cell Lung Cancer,False,False,False,False,False,False,0,False,True,
HCC2157,HCC2157,ACH-000691,749715.0,SIDM00774,HCC2157_BREAST,,,Breast,Invasive Breast Carcinoma,True,True,False,False,False,False,0,True,True,
SNU-899,SNU899,ACH-000692,,SIDM00169,SNU899_UPPER_AERODIGESTIVE_TRACT,SNU899,,Head and Neck,Head and Neck Squamous Cell Carcinoma,False,False,True,True,True,True,190,False,True,
KYSE-180,KYSE180,ACH-000693,907318.0,SIDM01030,KYSE180_OESOPHAGUS,KYSE180,,Esophagus/Stomach,Esophageal Squamous Cell Carcinoma,True,True,True,True,True,True,1314,True,True,
TE-9,TE9,ACH-000694,946353.0,SIDM00325,TE9_OESOPHAGUS,TE9,,Esophagus/Stomach,Esophageal Squamous Cell Carcinoma,True,True,True,True,True,True,1385,True,True,
COR-L47,CORL47,ACH-000695,,,CORL47_LUNG,,,Lung,Lung Neuroendocrine Tumor,False,False,True,False,False,False,0,False,True,
OVCAR-8,OVCAR8,ACH-000696,905991.0,SIDM00090,OVCAR8_OVARY,OVCAR8,,Ovary/Fallopian Tube,Ovarian Epithelial Tumor,True,True,True,True,True,True,1438,True,True,
A3/KAW,A3KAW,ACH-000697,910935.0,SIDM00495,A3KAW_HAEMATOPOIETIC_AND_LYMPHOID_TISSUE,,,Lymphoid,Mature B-Cell Neoplasms,True,True,True,False,True,True,192,True,True,
DMS 53,DMS53,ACH-000698,907295.0,SIDM00523,DMS53_LUNG,DMS53,,Lung,Lung Neuroendocrine Tumor,True,True,True,True,True,True,190,True,True,
HCC1395,HCC1395,ACH-000699,749712.0,SIDM00884,HCC1395_BREAST,,,Breast,Invasive Breast Carcinoma,True,True,True,False,True,True,191,True,True,
NCI-H2882,NCIH2882,ACH-000700,,,NCIH2882_LUNG,,,Lung,Non-Small Cell Lung Cancer,False,False,False,False,False,False,0,False,True,
RMUG-S,RMUGS,ACH-000701,,,RMUGS_OVARY,,,Ovary/Fallopian Tube,Ovarian Epithelial Tumor,False,False,False,False,True,True,1419,False,True,
L-1236,L1236,ACH-000702,1330935.0,SIDM00313,L1236_HAEMATOPOIETIC_AND_LYMPHOID_TISSUE,,,Lymphoid,Hodgkin Lymphoma,True,True,True,False,False,False,0,True,True,
DMS 79,DMS79,ACH-000703,753551.0,SIDM00524,DMS79_LUNG,,,Lung,Lung Neuroendocrine Tumor,True,True,True,False,True,True,191,True,True,
OAW42,OAW42,ACH-000704,910548.0,SIDM00480,OAW42_OVARY,OAW42,,Ovary/Fallopian Tube,Ovarian Epithelial Tumor,True,True,True,True,True,True,1264,True,True,
LC-1F,LC1F,ACH-000705,,SIDM00298,LC1F_LUNG,,,Lung,Non-Small Cell Lung Cancer,False,False,True,False,False,False,0,False,True,
EKVX,EKVX,ACH-000706,905970.0,SIDM00119,EKVX_LUNG,EKVX,,Lung,Non-Small Cell Lung Cancer,True,True,True,True,True,True,192,True,True,
P3HR-1,P3HR1,ACH-000707,,SIDM01254,P3HR1_HAEMATOPOIETIC_AND_LYMPHOID_TISSUE,,,Lymphoid,Mature B-Cell Neoplasms,False,False,True,False,False,False,0,False,True,
SNU-283,SNU283,ACH-000708,1659929.0,SIDM00215,SNU283_LARGE_INTESTINE,,,Bowel,Colorectal Adenocarcinoma,False,True,False,False,False,False,0,True,True,
KMRC-2,KMRC2,ACH-000709,,,KMRC2_KIDNEY,KMRC2,,Kidney,Renal Cell Carcinoma,False,False,True,True,False,False,0,False,True,
NCI-H854,NCIH854,ACH-000710,,,NCIH854_LUNG,,,Bowel,Colorectal Adenocarcinoma,False,False,False,False,False,False,0,False,True,
JIMT-1,JIMT1,ACH-000711,1298157.0,SIDM01037,JIMT1_BREAST,JIMT1,,Breast,Invasive Breast Carcinoma,True,True,True,True,True,True,1075,True,True,
HCC-1833,HCC1833,ACH-000712,,,HCC1833_LUNG,HCC1833,,Lung,Non-Small Cell Lung Cancer,False,False,False,True,False,False,0,False,True,
Caov-3,CAOV3,ACH-000713,906825.0,SIDM00919,CAOV3_OVARY,CAOV3,,Ovary/Fallopian Tube,Ovarian Epithelial Tumor,True,True,True,True,True,True,1400,False,True,
KMS-11,KMS11,ACH-000714,1659817.0,SIDM00608,KMS11_HAEMATOPOIETIC_AND_LYMPHOID_TISSUE,KMS11,,Lymphoid,Mature B-Cell Neoplasms,True,True,True,True,True,True,190,True,True,
SNU-1214,SNU1214,ACH-000715,,SIDM00167,SNU1214_UPPER_AERODIGESTIVE_TRACT,SNU1214,,Head and Neck,Head and Neck Squamous Cell Carcinoma,False,False,True,True,True,True,1379,False,True,
TT2609-C02,TT2609C02,ACH-000716,1240223.0,SIDM00418,TT2609C02_THYROID,TT2609C02,,Thyroid,Well-Differentiated Thyroid Cancer,True,True,True,True,True,True,1413,True,True,
COLO-680N,COLO680N,ACH-000717,906817.0,SIDM00956,COLO680N_OESOPHAGUS,COLO680N,,Esophagus/Stomach,Esophageal Squamous Cell Carcinoma,True,True,True,True,True,True,1396,True,True,
NCI-H2291,NCIH2291,ACH-000718,724874.0,SIDM00728,NCIH2291_LUNG,NCIH2291,,Lung,Non-Small Cell Lung Cancer,True,True,True,True,False,False,0,True,True,
RMG-I,RMGI,ACH-000719,909699.0,SIDM00352,RMGI_OVARY,RMGI,,Ovary/Fallopian Tube,Ovarian Epithelial Tumor,True,True,True,True,True,True,1439,True,True,
TCCSUP,TCCSUP,ACH-000720,687459.0,SIDM01190,TCCSUP_URINARY_TRACT,TCCSUP,,Bladder/Urinary Tract,Bladder Urothelial Carcinoma,True,True,True,True,True,True,1408,True,True,
HMC-1-8,HMC18,ACH-000721,,,HMC18_BREAST,HMC18,,Breast,Invasive Breast Carcinoma,False,False,True,True,True,True,770,False,True,
SNU-C1,SNUC1,ACH-000722,910905.0,SIDM01197,SNUC1_LARGE_INTESTINE,,,Bowel,Colorectal Adenocarcinoma,True,True,True,False,False,False,0,True,True,
YD-10B,YD10B,ACH-000723,,,YD10B_UPPER_AERODIGESTIVE_TRACT,YD10B,,Head and Neck,Head and Neck Squamous Cell Carcinoma,False,False,True,True,True,True,1148,False,True,
HT-1376,HT1376,ACH-000724,907066.0,SIDM00678,HT1376_URINARY_TRACT,HT1376,,Bladder/Urinary Tract,Bladder Urothelial Carcinoma,True,True,True,True,True,True,1395,True,True,
HCC202,HCC202,ACH-000725,1290906.0,SIDM00870,HCC202_BREAST,HCC202,,Breast,Breast Ductal Carcinoma In Situ,True,True,True,True,False,False,0,True,True,
TE-14,TE14,ACH-000726,,,TE14_OESOPHAGUS,TE14,,Esophagus/Stomach,Esophageal Squamous Cell Carcinoma,False,False,True,True,True,True,1329,False,True,
NCI-H2066,NCIH2066,ACH-000727,1330973.0,SIDM00711,NCIH2066_LUNG,,,Lung,Lung Neuroendocrine Tumor,True,True,False,False,False,False,0,True,False,
KASUMI-2,KASUMI2,ACH-000728,,,KASUMI2_HAEMATOPOIETIC_AND_LYMPHOID_TISSUE,KASUMI2,,Lymphoid,B-Cell Acute Lymphoblastic Leukemia,False,False,True,True,True,True,115,False,True,
NCI-H1963,NCIH1963,ACH-000729,688010.0,SIDM00760,NCIH1963_LUNG,,,Lung,Lung Neuroendocrine Tumor,True,True,False,False,False,False,0,True,True,
SK-MEL-5,SKMEL5,ACH-000730,905956.0,SIDM00080,SKMEL5_SKIN,SKMEL5,,Skin,Melanoma,True,True,True,True,True,True,1386,True,True,
HCC-2279,HCC2279,ACH-000731,,,HCC2279_LUNG,HCC2279,,Lung,Non-Small Cell Lung Cancer,False,False,True,True,False,False,0,False,True,
PE/CA-PJ41 (clone D2),PECAPJ41CLONED2,ACH-000732,,,PECAPJ41CLONED2_UPPER_AERODIGESTIVE_TRACT,PECAPJ41CLONED2,,Head and Neck,Head and Neck Squamous Cell Carcinoma,False,False,True,True,True,True,1291,False,True,
NCI-H1838,NCIH1838,ACH-000733,687807.0,SIDM00769,NCIH1838_LUNG,NCIH1838,,Lung,Non-Small Cell Lung Cancer,True,True,True,True,True,True,1357,True,True,
JHH-5,JHH5,ACH-000734,,,JHH5_LIVER,JHH5,,Liver,Hepatocellular Carcinoma,False,False,True,True,True,True,1414,False,True,
PE/CA-PJ49,PECAPJ49,ACH-000735,,,PECAPJ49_UPPER_AERODIGESTIVE_TRACT,PECAPJ49,ACH-001315,Head and Neck,Head and Neck Squamous Cell Carcinoma,False,False,True,True,True,True,1445,False,True,
SNU-601,SNU601,ACH-000736,,,SNU601_STOMACH,SNU601,,Esophagus/Stomach,Esophagogastric Adenocarcinoma,False,False,True,True,True,True,784,False,True,
NCI-H1385,NCIH1385,ACH-000737,,,NCIH1385_LUNG,,,Lung,Non-Small Cell Lung Cancer,False,False,True,False,False,False,0,False,True,
GB-1,GB1,ACH-000738,687568.0,SIDM00581,GB1_CENTRAL_NERVOUS_SYSTEM,GB1,,CNS/Brain,Adult-Type Diffuse Glioma,True,True,True,True,True,True,1413,True,True,
Hep G2,HEPG2,ACH-000739,,SIDM00904,HEPG2_LIVER,HEPG2,,Liver,Hepatoblastoma,False,False,True,True,True,True,190,False,True,
A-253,A253,ACH-000740,906794.0,SIDM00796,A253_SALIVARY_GLAND,A253,,Head and Neck,Head and Neck Squamous Cell Carcinoma,True,True,True,True,True,True,190,True,True,
U-BLC1,UBLC1,ACH-000741,,,UBLC1_URINARY_TRACT,UBLC1,,Bladder/Urinary Tract,Bladder Urothelial Carcinoma,False,False,True,True,True,True,1436,False,True,
DM-3,DM3,ACH-000742,,SIDM01505,DM3_FIBROBLAST,,,Fibroblast,Non-Cancerous,False,False,False,False,False,False,0,False,True,
COR-L95,CORL95,ACH-000743,1297439.0,SIDM00521,CORL95_LUNG,CORL95,,Lung,Lung Neuroendocrine Tumor,True,True,True,True,False,False,0,True,True,
NCI-H1623,NCIH1623,ACH-000744,687798.0,SIDM00747,NCIH1623_LUNG,NCIH1623,,Lung,Non-Small Cell Lung Cancer,True,True,True,True,True,True,1283,True,True,
MOLP-8,MOLP8,ACH-000745,1330950.0,SIDM00434,MOLP8_HAEMATOPOIETIC_AND_LYMPHOID_TISSUE,MOLP8,,Lymphoid,Mature B-Cell Neoplasms,True,True,True,True,False,False,0,True,True,
GSS,GSS,ACH-000746,,,GSS_STOMACH,GSS,,Esophagus/Stomach,Esophagogastric Adenocarcinoma,False,False,True,True,True,True,190,False,True,
NCI-H1703,NCIH1703,ACH-000747,908474.0,SIDM00740,NCIH1703_LUNG,NCIH1703,,Lung,Non-Small Cell Lung Cancer,True,True,True,True,True,True,1368,True,True,
SJSA-1,SJSA1,ACH-000748,909717.0,SIDM01112,SJSA1_BONE,SJSA1,,Bone,Osteosarcoma,True,True,True,True,True,True,1358,True,True,
DMS 273,DMS273,ACH-000749,687985.0,SIDM00522,DMS273_LUNG,DMS273,,Lung,Lung Neuroendocrine Tumor,True,True,True,True,True,True,1109,True,True,
LOX IMVI,LOXIMVI,ACH-000750,905974.0,SIDM00149,LOXIMVI_SKIN,LOXIMVI,,Skin,Melanoma,True,True,True,True,True,True,1294,True,True,
OCI-M1,OCIM1,ACH-000751,1330985.0,SIDM00458,OCIM1_HAEMATOPOIETIC_AND_LYMPHOID_TISSUE,,,Myeloid,Acute Myeloid Leukemia,True,True,True,False,True,True,190,True,True,
NCI-H196,NCIH196,ACH-000752,1240186.0,SIDM00761,NCIH196_LUNG,NCIH196,,Lung,SMARCA4-deficient undifferentiated tumor,True,True,True,True,True,True,191,True,True,
JMSU-1,JMSU1,ACH-000753,,,JMSU1_URINARY_TRACT,JMSU1,,Bladder/Urinary Tract,Bladder Urothelial Carcinoma,False,False,True,True,True,True,1407,False,True,
L-428,L428,ACH-000754,907322.0,SIDM00327,L428_HAEMATOPOIETIC_AND_LYMPHOID_TISSUE,,,Lymphoid,Hodgkin Lymphoma,True,True,True,False,False,False,0,True,True,
HCC2218,HCC2218,ACH-000755,749716.0,SIDM00772,HCC2218_BREAST,,,Breast,Breast Ductal Carcinoma In Situ,True,True,True,False,False,False,0,True,True,
GI-1,GI1,ACH-000756,906871.0,SIDM00273,GI1_CENTRAL_NERVOUS_SYSTEM,GI1,,CNS/Brain,Diffuse Glioma,True,True,True,True,True,True,1242,True,True,
A427,A427,ACH-000757,910851.0,SIDM00810,A427_LUNG,,,Lung,Non-Small Cell Lung Cancer,True,True,False,False,True,True,190,True,True,
MKN74,MKN74,ACH-000758,,SIDM00248,MKN74_STOMACH,MKN74,,Esophagus/Stomach,Esophagogastric Adenocarcinoma,False,False,True,True,True,True,1300,False,True,
MDA-MB-175-VII,MDAMB175VII,ACH-000759,908120.0,SIDM00633,MDAMB175VII_BREAST,,,Breast,Invasive Breast Carcinoma,True,True,False,False,True,True,1292,False,True,
LNZ308,LNZ308,ACH-000760,,SIDM00682,LNZ308_CENTRAL_NERVOUS_SYSTEM,,,CNS/Brain,Adult-Type Diffuse Glioma,False,False,False,False,True,True,192,False,True,
NUGC-2,NUGC2,ACH-000761,,,NUGC2_STOMACH,,,Esophagus/Stomach,Esophagogastric Adenocarcinoma,False,False,False,False,False,False,0,False,True,
YD-38,YD38,ACH-000762,,,YD38_UPPER_AERODIGESTIVE_TRACT,YD38,,Head and Neck,Head and Neck Squamous Cell Carcinoma,False,False,True,True,True,True,1382,False,True,
MM1-S,MM1S,ACH-000763,1659818.0,SIDM01265,MM1S_HAEMATOPOIETIC_AND_LYMPHOID_TISSUE,,,Lymphoid,Mature B-Cell Neoplasms,True,True,True,False,True,True,153,True,True,
SH-10-TC,SH10TC,ACH-000764,,,SH10TC_STOMACH,SH10TC,,Esophagus/Stomach,Esophagogastric Adenocarcinoma,False,False,True,True,True,True,1402,False,True,
WM983B,WM983B,ACH-000765,,,WM983B_SKIN,WM983B,,Skin,Melanoma,False,False,True,True,True,True,1399,False,True,
NCI-H1648,NCIH1648,ACH-000766,687799.0,SIDM00746,NCIH1648_LUNG,,,Lung,Non-Small Cell Lung Cancer,True,True,False,False,True,True,1406,True,True,
NCI-H526,NCIH526,ACH-000767,688025.0,SIDM01128,NCIH526_LUNG,,,Lung,Lung Neuroendocrine Tumor,True,True,True,False,False,False,0,True,True,
MDA-MB-231,MDAMB231,ACH-000768,905960.0,SIDM00146,MDAMB231_BREAST,MDAMB231,,Breast,Invasive Breast Carcinoma,True,True,True,True,True,True,1396,True,True,
LK-2,LK2,ACH-000769,687787.0,SIDM00548,LK2_LUNG,LK2,,Lung,Non-Small Cell Lung Cancer,True,True,True,True,True,True,1403,True,True,
P31/FUJ,P31FUJ,ACH-000770,909253.0,SIDM00363,P31FUJ_HAEMATOPOIETIC_AND_LYMPHOID_TISSUE,,,Myeloid,Acute Myeloid Leukemia,True,True,True,False,False,False,0,True,True,
BICR 56,BICR56,ACH-000771,,,BICR56_UPPER_AERODIGESTIVE_TRACT,BICR56,,Head and Neck,Head and Neck Squamous Cell Carcinoma,False,False,True,True,True,True,1391,False,True,
TE 441.T,TE441T,ACH-000772,924248.0,SIDM01173,TE441T_SOFT_TISSUE,TE441T,,Soft Tissue,CIC-DUX4 Sarcoma,True,True,True,True,False,False,0,True,True,
Ki-JK,KIJK,ACH-000773,,,KIJK_HAEMATOPOIETIC_AND_LYMPHOID_TISSUE,,,Lymphoid,Mature T and NK Neoplasms,False,False,True,False,False,False,0,False,True,
RERF-LC-Ad2,RERFLCAD2,ACH-000774,,,RERFLCAD2_LUNG,RERFLCAD2,,Lung,Non-Small Cell Lung Cancer,False,False,True,True,True,True,1375,False,True,
NCI-H727,NCIH727,ACH-000775,724855.0,SIDM01119,NCIH727_LUNG,NCIH727,,Lung,Lung Neuroendocrine Tumor,True,True,True,True,True,True,1369,True,True,
ONS-76,ONS76,ACH-000776,909248.0,SIDM00567,ONS76_CENTRAL_NERVOUS_SYSTEM,ONS76,,CNS/Brain,Embryonal Tumor,True,True,True,True,True,True,1464,True,True,
KYSE-30,KYSE30,ACH-000777,,SIDM00015,KYSE30_OESOPHAGUS,KYSE30,,Esophagus/Stomach,Esophageal Squamous Cell Carcinoma,False,False,True,True,True,True,1412,False,True,
HSC-3,HSC3,ACH-000778,907061.0,SIDM00589,HSC3_UPPER_AERODIGESTIVE_TRACT,HSC3,ACH-001312,Head and Neck,Head and Neck Squamous Cell Carcinoma,True,True,True,True,True,True,1449,True,True,
PC-9,PC9,ACH-000779,,SIDM00236,PC9_LUNG,,,Lung,Non-Small Cell Lung Cancer,False,False,False,False,False,False,0,False,True,
NCI-H1105,NCIH1105,ACH-000780,908468.0,SIDM00652,NCIH1105_LUNG,,,Lung,Lung Neuroendocrine Tumor,True,True,True,False,True,True,40,True,True,
NCI-H2023,NCIH2023,ACH-000781,1240187.0,SIDM00753,NCIH2023_LUNG,NCIH2023,,Lung,Non-Small Cell Lung Cancer,True,True,True,True,True,True,1293,True,True,
SEM,SEM,ACH-000782,,,SEM_HAEMATOPOIETIC_AND_LYMPHOID_TISSUE,,,Lymphoid,B-Cell Acute Lymphoblastic Leukemia,False,False,True,False,True,True,192,False,True,
CAMA-1,CAMA1,ACH-000783,946382.0,SIDM00920,CAMA1_BREAST,CAMA1,,Breast,Invasive Breast Carcinoma,True,True,True,True,True,True,1328,True,True,
KYSE-70,KYSE70,ACH-000784,753576.0,SIDM01024,KYSE70_OESOPHAGUS,KYSE70,,Esophagus/Stomach,Esophageal Squamous Cell Carcinoma,True,True,True,True,True,True,1352,True,True,
NCI-H2126,NCIH2126,ACH-000785,,SIDM00775,NCIH2126_LUNG,NCIH2126,,Lung,Non-Small Cell Lung Cancer,False,False,True,True,True,True,1409,False,True,
Daudi,DAUDI,ACH-000786,906831.0,SIDM00845,DAUDI_HAEMATOPOIETIC_AND_LYMPHOID_TISSUE,,,Lymphoid,Mature B-Cell Neoplasms,True,True,True,False,False,False,0,True,True,
LXF-289,LXF289,ACH-000787,753592.0,SIDM00339,LXF289_LUNG,LXF289,,Lung,Non-Small Cell Lung Cancer,True,True,True,True,True,True,1391,True,True,
A2058,A2058,ACH-000788,906792.0,SIDM00797,A2058_SKIN,A2058,,Skin,Melanoma,True,True,True,True,True,True,1436,True,True,
NCI-H810,NCIH810,ACH-000789,925341.0,SIDM01116,NCIH810_LUNG,NCIH810,,Lung,Non-Small Cell Lung Cancer,True,True,True,True,False,False,0,True,True,
SHP-77,SHP77,ACH-000790,724872.0,SIDM01078,SHP77_LUNG,,,Lung,Lung Neuroendocrine Tumor,True,True,True,False,True,True,190,True,True,
RERF-LC-Ad1,RERFLCAD1,ACH-000791,,,RERFLCAD1_LUNG,RERFLCAD1,,Lung,Non-Small Cell Lung Cancer,False,False,True,True,True,True,1310,False,True,
BFTC-909,BFTC909,ACH-000792,910698.0,SIDM00988,BFTC909_KIDNEY,BFTC909,,Kidney,Renal Cell Carcinoma,True,True,True,True,True,True,1314,True,True,
KATO III,KATOIII,ACH-000793,907276.0,SIDM00687,KATOIII_STOMACH,,,Esophagus/Stomach,Esophagogastric Adenocarcinoma,True,True,True,False,True,True,191,True,True,
BICR 22,BICR22,ACH-000794,1240121.0,SIDM00485,BICR22_UPPER_AERODIGESTIVE_TRACT,BICR22,,Head and Neck,Head and Neck Squamous Cell Carcinoma,True,True,True,True,True,True,191,True,True,
MOLT-13,MOLT13,ACH-000795,908146.0,SIDM00433,MOLT13_HAEMATOPOIETIC_AND_LYMPHOID_TISSUE,,,Lymphoid,T-Lymphoblastic Leukemia/Lymphoma,True,True,True,False,False,False,0,True,False,
MCAS,MCAS,ACH-000796,,SIDM00008,MCAS_OVARY,MCAS,,Ovary/Fallopian Tube,Ovarian Epithelial Tumor,False,False,True,True,True,True,1442,False,True,
HLF-a,HLFA,ACH-000797,,,HLFA_FIBROBLAST,,,Fibroblast,Non-Cancerous,False,False,False,False,False,False,0,False,True,
CL-40,CL40,ACH-000798,1240124.0,SIDM00960,CL40_LARGE_INTESTINE,,,Bowel,Colorectal Adenocarcinoma,False,False,False,False,False,False,0,True,True,
Hs 695T,HS695T,ACH-000799,,,HS695T_SKIN,,,Skin,Melanoma,False,False,False,False,False,False,0,False,True,
NCI-H446,NCIH446,ACH-000800,688023.0,SIDM00965,NCIH446_LUNG,NCIH446,,Lung,Lung Neuroendocrine Tumor,True,True,True,True,True,True,1404,True,True,
Hs 936.T,HS936T,ACH-000801,,,HS936T_SKIN,HS936T,,Skin,Melanoma,False,False,True,True,False,False,0,False,True,
BFTC-905,BFTC905,ACH-000802,910926.0,SIDM00989,BFTC905_URINARY_TRACT,BFTC905,,Bladder/Urinary Tract,Bladder Urothelial Carcinoma,True,True,True,True,True,True,1361,True,True,
COLO 668,COLO668,ACH-000803,910692.0,SIDM00143,COLO668_LUNG,COLO668,,Lung,Lung Neuroendocrine Tumor,True,True,True,True,True,True,1249,True,True,
NB-1,NB1,ACH-000804,949179.0,SIDM00578,NB1_AUTONOMIC_GANGLIA,NB1,,Peripheral Nervous System,Neuroblastoma,True,True,True,True,True,True,1418,True,True,
COLO-679,COLO679,ACH-000805,906818.0,SIDM00284,COLO679_SKIN,,,Skin,Melanoma,True,True,False,False,True,True,1334,True,True,
L-540,L540,ACH-000806,907323.0,SIDM00329,L540_HAEMATOPOIETIC_AND_LYMPHOID_TISSUE,,,Lymphoid,Hodgkin Lymphoma,True,True,True,False,False,False,0,True,True,
SNU-738,SNU738,ACH-000807,,,SNU738_CENTRAL_NERVOUS_SYSTEM,SNU738,,CNS/Brain,Adult-Type Diffuse Glioma,False,False,True,True,False,False,0,False,True,
HuH28,HUH28,ACH-000808,,,HUH28_BILIARY_TRACT,HUH28,,Biliary Tract,Intraductal Papillary Neoplasm of the Bile Duct,False,False,True,True,True,True,1424,False,True,
KYSE-410,KYSE410,ACH-000809,753574.0,SIDM01028,KYSE410_OESOPHAGUS,KYSE410,,Esophagus/Stomach,Esophageal Squamous Cell Carcinoma,True,True,True,True,True,True,1292,True,True,
SK-MEL-30,SKMEL30,ACH-000810,909726.0,SIDM00392,SKMEL30_SKIN,SKMEL30,,Skin,Melanoma,True,True,True,True,True,True,1363,True,True,
SK-OV-3,SKOV3,ACH-000811,905959.0,SIDM00079,SKOV3_OVARY,SKOV3,,Ovary/Fallopian Tube,Ovarian Epithelial Tumor,True,True,True,True,True,True,1438,True,True,
COLO-783,COLO783,ACH-000812,1240125.0,SIDM00955,COLO783_SKIN,,,Skin,Melanoma,True,True,False,False,True,True,1435,True,True,
T3M-10,T3M10,ACH-000813,,,T3M10_LUNG,T3M10,,Lung,Non-Small Cell Lung Cancer,False,False,True,True,True,True,1319,False,True,
Hs 939.T,HS939T,ACH-000814,1298144.0,SIDM00663,HS939T_SKIN,,,Skin,Melanoma,True,True,False,False,True,True,1437,False,True,
KM-H2,KMH2,ACH-000815,909976.0,SIDM01018,KMH2_HAEMATOPOIETIC_AND_LYMPHOID_TISSUE,,,Lymphoid,Hodgkin Lymphoma,True,True,True,False,True,True,191,True,True,
NCI-H524,NCIH524,ACH-000816,908483.0,SIDM01129,NCIH524_LUNG,NCIH524,,Lung,Lung Neuroendocrine Tumor,True,True,True,True,True,True,192,True,True,
RPMI 8226,RPMI8226,ACH-000817,905964.0,SIDM00087,RPMI8226_HAEMATOPOIETIC_AND_LYMPHOID_TISSUE,,,Lymphoid,Mature B-Cell Neoplasms,True,True,True,False,False,False,0,True,True,
BT-483,BT483,ACH-000818,949093.0,SIDM00892,BT483_BREAST,,,Breast,Invasive Breast Carcinoma,True,True,False,False,False,False,0,True,True,
LN-18,LN18,ACH-000819,1240168.0,SIDM00685,LN18_CENTRAL_NERVOUS_SYSTEM,LN18,,CNS/Brain,Adult-Type Diffuse Glioma,True,True,True,True,True,True,1364,True,True,
SW403,SW403,ACH-000820,,SIDM00836,SW403_LARGE_INTESTINE,,,Bowel,Colorectal Adenocarcinoma,False,False,False,False,False,False,0,False,True,
EJM,EJM,ACH-000821,1297447.0,SIDM01048,EJM_HAEMATOPOIETIC_AND_LYMPHOID_TISSUE,,,Lymphoid,Mature B-Cell Neoplasms,True,True,True,False,False,False,0,True,True,
SK-MEL-24,SKMEL24,ACH-000822,909725.0,SIDM01106,SKMEL24_SKIN,SKMEL24,,Skin,Melanoma,True,True,True,True,True,True,1402,True,True,
KYSE-140,KYSE140,ACH-000823,753573.0,SIDM01032,KYSE140_OESOPHAGUS,KYSE140,,Esophagus/Stomach,Esophageal Squamous Cell Carcinoma,True,True,True,True,True,True,1415,True,True,
KYSE-510,KYSE510,ACH-000824,907321.0,SIDM01026,KYSE510_OESOPHAGUS,KYSE510,,Esophagus/Stomach,Esophageal Squamous Cell Carcinoma,True,True,True,True,True,True,1457,True,True,
HOP-92,HOP92,ACH-000825,905973.0,SIDM00134,HOP92_LUNG,HOP92,,Lung,Non-Small Cell Lung Cancer,True,True,True,True,False,False,0,True,True,
CAL-12T,CAL12T,ACH-000826,753540.0,SIDM00939,CAL12T_LUNG,CAL12T,,Lung,Non-Small Cell Lung Cancer,True,True,True,True,True,True,863,True,True,
WM793,WM793,ACH-000827,1299081.0,SIDM00973,WM793_SKIN,WM793,,Skin,Melanoma,True,True,True,True,True,True,1408,True,True,
ZR-75-30,ZR7530,ACH-000828,909907.0,SIDM00971,ZR7530_BREAST,ZR7530,,Breast,Invasive Breast Carcinoma,True,True,True,True,False,False,0,True,True,
HuNS1,HUNS1,ACH-000829,,,HUNS1_HAEMATOPOIETIC_AND_LYMPHOID_TISSUE,,,Lymphoid,Mature B-Cell Neoplasms,False,False,True,False,False,False,0,False,True,
NCI-H1436,NCIH1436,ACH-000830,908469.0,SIDM00697,NCIH1436_LUNG,,,Lung,Lung Neuroendocrine Tumor,True,True,False,False,False,False,0,True,True,
HEC-50B,HEC50B,ACH-000831,,,HEC50B_ENDOMETRIUM,HEC50B,,Uterus,Endometrial Carcinoma,False,False,True,True,True,True,192,False,True,
CAL 27,CAL27,ACH-000832,910916.0,SIDM00937,CAL27_UPPER_AERODIGESTIVE_TRACT,CAL27,,Head and Neck,Head and Neck Squamous Cell Carcinoma,True,True,True,True,True,True,1371,True,True,
RH-30,RH30,ACH-000833,,,RH30_SOFT_TISSUE,RH30,ACH-001741,Soft Tissue,Rhabdomyosarcoma,False,False,True,True,True,True,1351,False,True,
UM-UC-1,UMUC1,ACH-000834,,,UMUC1_URINARY_TRACT,UMUC1,,Bladder/Urinary Tract,Bladder Urothelial Carcinoma,False,False,True,True,True,True,1278,False,True,
GCT,GCT,ACH-000835,906999.0,SIDM00853,GCT_SOFT_TISSUE,GCT,,Soft Tissue,Undifferentiated Pleomorphic Sarcoma/Malignant Fibrous Histiocytoma/High-Grade Spindle Cell Sarcoma,True,True,True,True,True,True,1429,True,True,
YD-15,YD15,ACH-000836,,,YD15_SALIVARY_GLAND,YD15,,Head and Neck,Head and Neck Squamous Cell Carcinoma,False,False,True,True,True,True,889,False,True,
NCI-H322,NCIH322,ACH-000837,,SIDM00117,NCIH322_LUNG,NCIH322,,Lung,Non-Small Cell Lung Cancer,False,False,True,True,True,True,1424,False,True,
AMO-1,AMO1,ACH-000838,1295741.0,SIDM00993,AMO1_HAEMATOPOIETIC_AND_LYMPHOID_TISSUE,,,Lymphoid,Mature B-Cell Neoplasms,True,True,True,False,True,True,192,True,True,
SCaBER,SCABER,ACH-000839,,SIDM00032,SCABER_URINARY_TRACT,SCABER,,Bladder/Urinary Tract,Bladder Squamous Cell Carcinoma,False,False,True,True,True,True,1309,False,True,
HCC-366,HCC366,ACH-000840,1240144.0,SIDM01070,HCC366_LUNG,HCC366,,Lung,Non-Small Cell Lung Cancer,True,True,True,True,True,True,1427,True,True,
NCI-H2087,NCIH2087,ACH-000841,724834.0,SIDM00708,NCIH2087_LUNG,NCIH2087,,Lung,Non-Small Cell Lung Cancer,True,True,True,True,True,True,1405,True,True,
SW 480,SW480,ACH-000842,,SIDM00840,SW480_LARGE_INTESTINE,,,Bowel,Colorectal Adenocarcinoma,False,False,False,False,True,True,1350,False,True,
HARA,HARA,ACH-000843,1240142.0,SIDM00598,HARA_LUNG,HARA,,Lung,Non-Small Cell Lung Cancer,True,True,True,True,True,True,1188,True,True,
DMS 454,DMS454,ACH-000844,,,DMS454_LUNG,DMS454,,Lung,Lung Neuroendocrine Tumor,False,False,True,True,False,False,0,False,True,
NCI-H1373,NCIH1373,ACH-000845,,,NCIH1373_LUNG,NCIH1373,,Lung,Non-Small Cell Lung Cancer,False,False,True,True,True,True,1438,False,True,
FaDu,FADU,ACH-000846,906863.0,SIDM00860,FADU_UPPER_AERODIGESTIVE_TRACT,FADU,,Head and Neck,Head and Neck Squamous Cell Carcinoma,True,True,True,True,True,True,1400,True,True,
HGC-27,HGC27,ACH-000847,907055.0,SIDM00290,HGC27_STOMACH,HGC27,,Esophagus/Stomach,Esophagogastric Adenocarcinoma,True,True,True,True,True,True,1322,True,True,
JHH-7,JHH7,ACH-000848,1240160.0,SIDM00614,JHH7_LIVER,,,Liver,Hepatocellular Carcinoma,True,True,False,False,True,True,1371,True,True,
MDA-MB-468,MDAMB468,ACH-000849,908123.0,SIDM00628,MDAMB468_BREAST,MDAMB468,,Breast,Invasive Breast Carcinoma,True,True,True,True,True,True,1422,True,True,
Hs 698.T,HS698T,ACH-000850,,SIDM01705,HS698T_FIBROBLAST,,,Fibroblast,Non-Cancerous,False,False,False,False,False,False,0,False,True,
MOR/CPR,MORCPR,ACH-000851,,,MORCPR_LUNG,MORCPR,,Lung,Non-Small Cell Lung Cancer,False,False,True,True,False,False,0,False,True,
NCI-H1435,NCIH1435,ACH-000852,1298347.0,SIDM00658,NCIH1435_LUNG,NCIH1435,,Lung,Non-Small Cell Lung Cancer,True,True,True,True,True,True,1377,True,True,
NCI-H661,NCIH661,ACH-000853,687829.0,SIDM01122,NCIH661_LUNG,NCIH661,,Lung,Non-Small Cell Lung Cancer,True,True,True,True,True,True,1337,True,True,
OCI-MY5,OCIMY5,ACH-000854,,,OCIMY5_HAEMATOPOIETIC_AND_LYMPHOID_TISSUE,,,Lymphoid,Mature B-Cell Neoplasms,False,False,False,False,False,False,0,False,True,
KYSE-150,KYSE150,ACH-000855,907317.0,SIDM01031,KYSE150_OESOPHAGUS,KYSE150,,Esophagus/Stomach,Esophageal Squamous Cell Carcinoma,True,True,True,True,True,True,1355,True,True,
CAL-51,CAL51,ACH-000856,910927.0,SIDM00933,CAL51_BREAST,CAL51,,Breast,Invasive Breast Carcinoma,True,True,True,True,True,True,1361,True,True,
CAL-85-1,CAL851,ACH-000857,910852.0,SIDM00928,CAL851_BREAST,CAL851,,Breast,Invasive Breast Carcinoma,True,True,True,True,False,False,0,True,True,
KNS-62,KNS62,ACH-000858,753569.0,SIDM00606,KNS62_LUNG,KNS62,,Lung,Non-Small Cell Lung Cancer,True,True,True,True,True,True,1400,True,True,
HCC1954,HCC1954,ACH-000859,749709.0,SIDM00872,HCC1954_BREAST,,,Breast,Invasive Breast Carcinoma,True,True,True,False,True,True,190,True,True,
NCI-H358,NCIH358,ACH-000860,908465.0,SIDM00718,NCIH358_LUNG,NCIH358,,Lung,Non-Small Cell Lung Cancer,True,True,True,True,True,True,1377,True,True,
HOP-62,HOP62,ACH-000861,905972.0,SIDM00133,HOP62_LUNG,HOP62,,Lung,Non-Small Cell Lung Cancer,True,True,True,True,False,False,0,True,True,
KMBC-2,KMBC2,ACH-000862,,,KMBC2_URINARY_TRACT,KMBC2,,Bladder/Urinary Tract,Bladder Urothelial Carcinoma,False,False,True,True,True,True,1362,False,True,
DBTRG-05MG,DBTRG05MG,ACH-000863,906835.0,SIDM00867,DBTRG05MG_CENTRAL_NERVOUS_SYSTEM,DBTRG05MG,,CNS/Brain,Adult-Type Diffuse Glioma,True,True,True,True,True,True,1439,True,True,
COLO 684,COLO684,ACH-000864,910691.0,SIDM00142,COLO684_ENDOMETRIUM,,,Uterus,Endometrial Carcinoma,True,True,True,False,False,False,0,True,True,
KYSE-450,KYSE450,ACH-000865,907320.0,SIDM01027,KYSE450_OESOPHAGUS,KYSE450,,Esophagus/Stomach,Esophageal Squamous Cell Carcinoma,True,True,True,True,True,True,192,True,True,
NCI-H1048,NCIH1048,ACH-000866,687995.0,SIDM00654,NCIH1048_LUNG,,,Lung,Lung Neuroendocrine Tumor,True,True,False,False,True,True,1396,True,True,
ChaGo-K-1,CHAGOK1,ACH-000867,687596.0,SIDM00924,CHAGOK1_LUNG,CHAGOK1,,Lung,Non-Small Cell Lung Cancer,True,True,True,True,True,True,191,True,True,
HCC-1195,HCC1195,ACH-000868,,,HCC1195_LUNG,HCC1195,,Lung,Non-Small Cell Lung Cancer,False,False,False,True,True,True,1412,False,True,
NCI-H1568,NCIH1568,ACH-000869,1298348.0,SIDM00750,NCIH1568_LUNG,NCIH1568,,Lung,Non-Small Cell Lung Cancer,True,True,True,True,True,True,1406,True,True,
NCI-H1930,NCIH1930,ACH-000870,,,NCIH1930_LUNG,,,Lung,Lung Neuroendocrine Tumor,False,False,False,False,True,True,115,False,True,
NCI-H510,NCIH510,ACH-000871,753605.0,SIDM00927,NCIH510_LUNG,,,Lung,Lung Neuroendocrine Tumor,True,True,True,False,False,False,0,True,True,
HCC515,HCC515,ACH-000872,,,HCC515_LUNG,,,Lung,Non-Small Cell Lung Cancer,False,False,False,False,True,True,190,False,True,
KYSE-270,KYSE270,ACH-000873,907319.0,SIDM01029,KYSE270_OESOPHAGUS,,,Esophagus/Stomach,Esophageal Squamous Cell Carcinoma,True,True,False,False,True,True,1402,True,True,
RS4;11,RS411,ACH-000874,909703.0,SIDM01086,RS411_HAEMATOPOIETIC_AND_LYMPHOID_TISSUE,,,Lymphoid,B-Cell Acute Lymphoblastic Leukemia,True,True,True,False,False,False,0,True,True,
NCI-H2347,NCIH2347,ACH-000875,687820.0,SIDM00726,NCIH2347_LUNG,,,Lung,Non-Small Cell Lung Cancer,True,True,False,False,True,True,1418,True,True,
MDA-MB-415,MDAMB415,ACH-000876,924240.0,SIDM00630,MDAMB415_BREAST,MDAMB415,,Breast,Invasive Breast Carcinoma,True,True,True,True,False,False,0,True,True,
EB1,EB1,ACH-000877,,SIDM00862,EB1_HAEMATOPOIETIC_AND_LYMPHOID_TISSUE,,,Lymphoid,Mature B-Cell Neoplasms,False,False,True,False,True,True,191,False,True,
HCC-15,HCC15,ACH-000878,1240143.0,SIDM01072,HCC15_LUNG,HCC15,,Lung,Non-Small Cell Lung Cancer,True,True,True,True,True,True,1434,True,True,
MFE-296,MFE296,ACH-000879,908130.0,SIDM00334,MFE296_ENDOMETRIUM,MFE296,,Uterus,Endometrial Carcinoma,True,True,True,True,True,True,1325,True,True,
AGS,AGS,ACH-000880,906790.0,SIDM00850,AGS_STOMACH,AGS,,Esophagus/Stomach,Esophagogastric Adenocarcinoma,True,True,True,True,True,True,1308,True,True,
MEL-JUSO,MELJUSO,ACH-000881,908125.0,SIDM00336,MELJUSO_SKIN,MELJUSO,,Skin,Melanoma,True,True,True,True,True,True,1437,True,True,
IGR-1,IGR1,ACH-000882,907169.0,SIDM01060,IGR1_SKIN,IGR1,,Skin,Melanoma,True,True,True,True,True,True,1369,True,True,
SW 1783,SW1783,ACH-000883,909750.0,SIDM01164,SW1783_CENTRAL_NERVOUS_SYSTEM,SW1783,,CNS/Brain,Adult-Type Diffuse Glioma,True,True,True,True,True,True,180,True,True,
MDA-MB-435S,MDAMB435S,ACH-000884,,SIDM01222,MDAMB435S_SKIN,MDAMB435S,,Skin,Melanoma,False,False,True,True,True,True,1425,False,True,
TOV-21G,TOV21G,ACH-000885,1240222.0,SIDM01169,TOV21G_OVARY,TOV21G,,Ovary/Fallopian Tube,Ovarian Epithelial Tumor,True,True,True,True,True,True,1436,True,True,
NCI-H2009,NCIH2009,ACH-000886,724873.0,SIDM00756,NCIH2009_LUNG,NCIH2009,,Lung,Non-Small Cell Lung Cancer,True,True,True,True,True,True,1426,True,True,
SF-172,SF172,ACH-000887,,,SF172_CENTRAL_NERVOUS_SYSTEM,,,CNS/Brain,Adult-Type Diffuse Glioma,False,False,False,False,False,False,0,False,True,
NCI-H1793,NCIH1793,ACH-000888,908463.0,SIDM00755,NCIH1793_LUNG,NCIH1793,,Lung,Non-Small Cell Lung Cancer,True,True,True,True,True,True,1318,True,True,
KMM-1,KMM1,ACH-000889,,,KMM1_HAEMATOPOIETIC_AND_LYMPHOID_TISSUE,,,Lymphoid,Mature B-Cell Neoplasms,False,False,True,False,False,False,0,False,True,
SW 1271,SW1271,ACH-000890,1299062.0,SIDM01156,SW1271_LUNG,SW1271,,Lung,SMARCA4-deficient undifferentiated tumor,True,True,True,True,True,True,1339,True,True,
HCC-1438,HCC1438,ACH-000891,,,HCC1438_LUNG,HCC1438,,Lung,Non-Small Cell Lung Cancer,False,False,False,True,True,True,1405,False,True,
NCI-H1563,NCIH1563,ACH-000892,753600.0,SIDM00751,NCIH1563_LUNG,NCIH1563,,Lung,Non-Small Cell Lung Cancer,True,True,True,True,True,True,1416,True,True,
NCI-H1651,NCIH1651,ACH-000893,910900.0,SIDM00744,NCIH1651_LUNG,NCIH1651,,Lung,Non-Small Cell Lung Cancer,True,True,True,True,True,True,1428,True,True,
NCI-H1869,NCIH1869,ACH-000894,1240183.0,SIDM00768,NCIH1869_LUNG,NCIH1869,,Lung,Non-Small Cell Lung Cancer,True,True,True,True,False,False,0,True,True,
CL-34,CL34,ACH-000895,1290771.0,SIDM00945,CL34_LARGE_INTESTINE,CL34,,Bowel,Colorectal Adenocarcinoma,False,False,True,True,True,True,1329,True,True,
647-V,647V,ACH-000896,906797.0,SIDM00983,647V_URINARY_TRACT,647V,,Bladder/Urinary Tract,Bladder Urothelial Carcinoma,True,True,True,True,True,True,1371,True,True,
FTC-238,FTC238,ACH-000897,,SIDM00228,FTC238_THYROID,FTC238,,Thyroid,Well-Differentiated Thyroid Cancer,False,False,True,True,True,True,1351,False,True,
SNU-719,SNU719,ACH-000898,,,SNU719_STOMACH,SNU719,,Esophagus/Stomach,Esophagogastric Adenocarcinoma,False,False,True,True,True,True,1411,False,True,
WM88,WM88,ACH-000899,,SIDM01768,WM88_SKIN,WM88,,Skin,Melanoma,False,False,True,True,True,True,1365,False,True,
NCI-H23,NCIH23,ACH-000900,905942.0,SIDM00138,NCIH23_LUNG,NCIH23,,Lung,Non-Small Cell Lung Cancer,True,True,True,True,True,True,1356,True,True,
HCC-1359,HCC1359,ACH-000901,,,HCC1359_LUNG,,,Lung,Non-Small Cell Lung Cancer,False,False,False,False,True,True,1356,False,True,
CAL-148,CAL148,ACH-000902,924106.0,SIDM00938,CAL148_BREAST,CAL148,,Breast,Invasive Breast Carcinoma,True,True,True,True,True,True,189,True,True,
FTC-133,FTC133,ACH-000903,906864.0,SIDM00213,FTC133_THYROID,FTC133,,Thyroid,Well-Differentiated Thyroid Cancer,True,True,True,True,True,True,1355,True,True,
NCI-H2106,NCIH2106,ACH-000904,,,NCIH2106_LUNG,,,Lung,Non-Small Cell Lung Cancer,False,False,True,False,False,False,0,False,True,
5637,5637,ACH-000905,687452.0,SIDM00807,5637_URINARY_TRACT,5637,,Bladder/Urinary Tract,Bladder Urothelial Carcinoma,True,True,True,True,True,True,1363,True,True,
ES-2,ES2,ACH-000906,1240128.0,SIDM00861,ES2_OVARY,ES2,,Ovary/Fallopian Tube,Ovarian Epithelial Tumor,True,True,True,True,True,True,1197,True,True,
SNU-349,SNU349,ACH-000907,,,SNU349_KIDNEY,,,Kidney,Renal Cell Carcinoma,False,False,False,False,False,False,0,False,True,
SNU-520,SNU520,ACH-000908,,,SNU520_STOMACH,,,Esophagus/Stomach,Esophagogastric Adenocarcinoma,False,False,False,False,False,False,0,False,True,
JHUEM-2,JHUEM2,ACH-000909,,,JHUEM2_ENDOMETRIUM,JHUEM2,,Uterus,Endometrial Carcinoma,False,False,True,True,True,True,1403,False,True,
MDA-MB-453,MDAMB453,ACH-000910,908122.0,SIDM00272,MDAMB453_BREAST,MDAMB453,,Breast,Invasive Breast Carcinoma,True,True,True,True,True,True,191,True,True,
NUGC-3,NUGC3,ACH-000911,908455.0,SIDM00572,NUGC3_STOMACH,NUGC3,,Esophagus/Stomach,Esophagogastric Adenocarcinoma,True,True,True,True,True,True,1430,True,True,
NCI-H2286,NCIH2286,ACH-000912,,SIDM00017,NCIH2286_LUNG,NCIH2286,,Lung,Lung Neuroendocrine Tumor,False,False,True,True,False,False,0,False,True,
ESS-1,ESS1,ACH-000913,907000.0,SIDM01043,ESS1_ENDOMETRIUM,ESS1,,Uterus,Uterine Sarcoma/Mesenchymal,True,True,True,True,True,True,1347,True,True,
HT,HT,ACH-000914,907063.0,SIDM00661,HT_HAEMATOPOIETIC_AND_LYMPHOID_TISSUE,,,Lymphoid,Mature B-Cell Neoplasms,True,True,True,False,True,True,192,False,True,
IPC-298,IPC298,ACH-000915,907171.0,SIDM01059,IPC298_SKIN,IPC298,,Skin,Melanoma,True,True,True,True,True,True,1453,True,True,
NCI-H1573,NCIH1573,ACH-000916,908472.0,SIDM00749,NCIH1573_LUNG,NCIH1573,,Lung,Non-Small Cell Lung Cancer,True,True,True,True,True,True,1437,True,True,
TE-4,TE4,ACH-000917,1503371.0,SIDM00250,TE4_OESOPHAGUS,TE4,,Esophagus/Stomach,Esophageal Squamous Cell Carcinoma,True,True,True,True,True,True,1164,True,True,
MOLT-16,MOLT16,ACH-000918,908147.0,SIDM00431,MOLT16_HAEMATOPOIETIC_AND_LYMPHOID_TISSUE,,,Lymphoid,T-Lymphoblastic Leukemia/Lymphoma,True,True,True,False,True,True,116,True,True,
IM95,IM95,ACH-000919,1240155.0,SIDM00602,IM95_STOMACH,IM95,,Esophagus/Stomach,Esophagogastric Adenocarcinoma,True,True,True,True,True,True,1421,True,True,
CML-T1,CMLT1,ACH-000920,910951.0,SIDM00958,CMLT1_HAEMATOPOIETIC_AND_LYMPHOID_TISSUE,CMLT1,,Myeloid,Myeloproliferative Neoplasms,True,True,True,True,True,True,190,True,True,
NCI-H157-DM,NCIH157DM,ACH-000921,,,NCIH157DM_LUNG,,,Lung,Non-Small Cell Lung Cancer,False,False,False,False,True,True,1420,False,True,
RCH-ACV,RCHACV,ACH-000922,1330994.0,SIDM00449,RCHACV_HAEMATOPOIETIC_AND_LYMPHOID_TISSUE,,,Lymphoid,B-Cell Acute Lymphoblastic Leukemia,True,True,True,False,True,True,191,True,True,
BCP-1,BCP1,ACH-000923,,,BCP1_HAEMATOPOIETIC_AND_LYMPHOID_TISSUE,,,Lymphoid,Mature B-Cell Neoplasms,False,False,True,False,False,False,0,False,True,
NCI-H2172,NCIH2172,ACH-000924,1298353.0,SIDM00926,NCIH2172_LUNG,NCIH2172,,Lung,Non-Small Cell Lung Cancer,True,True,True,True,True,True,915,True,True,
DV-90,DV90,ACH-000925,,,DV90_LUNG,DV90,,Lung,Non-Small Cell Lung Cancer,False,False,False,True,False,False,0,False,True,
HT-55,HT55,ACH-000926,907287.0,SIDM00541,HT55_LARGE_INTESTINE,HT55,,Bowel,Colorectal Adenocarcinoma,True,True,True,True,True,True,1367,True,True,
BT-474,BT474,ACH-000927,946359.0,SIDM00963,BT474_BREAST,BT474,,Breast,Invasive Breast Carcinoma,True,True,True,True,True,True,1305,True,True,
JHUEM-1,JHUEM1,ACH-000928,,,JHUEM1_ENDOMETRIUM,JHUEM1,,Uterus,Endometrial Carcinoma,False,False,True,True,False,False,0,False,True,
NCI-H2110,NCIH2110,ACH-000929,1298351.0,SIDM00703,NCIH2110_LUNG,NCIH2110,,Lung,Non-Small Cell Lung Cancer,True,True,True,True,True,True,1385,True,True,
HCC1569,HCC1569,ACH-000930,907046.0,SIDM00878,HCC1569_BREAST,HCC1569,,Breast,Invasive Breast Carcinoma,True,True,True,True,False,False,0,True,True,
HMCB,HMCB,ACH-000931,,SIDM00914,HMCB_SKIN,HMCB,,Skin,Melanoma,False,False,True,True,False,False,0,False,True,
SNU-1,SNU1,ACH-000932,908444.0,SIDM01146,SNU1_STOMACH,,,Esophagus/Stomach,Esophagogastric Adenocarcinoma,True,True,True,False,True,True,191,True,True,
SNU-324,SNU324,ACH-000933,,,SNU324_PANCREAS,,,Pancreas,Pancreatic Adenocarcinoma,False,False,False,False,False,False,0,False,True,
MDA-MB-361,MDAMB361,ACH-000934,908121.0,SIDM00528,MDAMB361_BREAST,MDAMB361,,Breast,Invasive Breast Carcinoma,True,True,True,True,True,True,192,True,True,
MDST8,MDST8,ACH-000935,1240173.0,SIDM00527,MDST8_LARGE_INTESTINE,MDST8,,Bowel,Colorectal Adenocarcinoma,True,True,True,True,True,True,191,True,True,
EFO-27,EFO27,ACH-000936,906852.0,SIDM01051,EFO27_OVARY,EFO27,,Ovary/Fallopian Tube,Ovarian Epithelial Tumor,True,True,True,True,True,True,1388,True,True,
PF-382,PF382,ACH-000937,909260.0,SIDM00451,PF382_HAEMATOPOIETIC_AND_LYMPHOID_TISSUE,,,Lymphoid,T-Lymphoblastic Leukemia/Lymphoma,True,True,True,False,True,True,191,True,True,
NALM-6,NALM6,ACH-000938,908158.0,SIDM00429,NALM6_HAEMATOPOIETIC_AND_LYMPHOID_TISSUE,,,Lymphoid,B-Cell Acute Lymphoblastic Leukemia,True,True,True,False,True,True,192,True,True,
SK-UT-1,SKUT1,ACH-000939,909732.0,SIDM01113,SKUT1_SOFT_TISSUE,SKUT1,,Uterus,Uterine Sarcoma/Mesenchymal,True,True,True,True,True,True,1379,True,True,
AN3 CA,AN3CA,ACH-000940,910781.0,SIDM00901,AN3CA_ENDOMETRIUM,AN3CA,,Uterus,Endometrial Carcinoma,True,True,True,True,True,True,1234,True,True,
HEC-1-B,HEC1B,ACH-000941,,SIDM01241,HEC1B_ENDOMETRIUM,HEC1B,,Uterus,Endometrial Carcinoma,False,False,True,True,True,True,1421,False,True,
HPB-ALL,HPBALL,ACH-000942,,,HPBALL_HAEMATOPOIETIC_AND_LYMPHOID_TISSUE,,,Lymphoid,T-Lymphoblastic Leukemia/Lymphoma,False,False,True,False,True,True,191,False,True,
RKO,RKO,ACH-000943,909698.0,SIDM01090,RKO_LARGE_INTESTINE,RKO,,Bowel,Colorectal Adenocarcinoma,True,True,True,True,True,True,1158,True,True,
NAMALWA,NAMALWA,ACH-000944,908159.0,SIDM00641,NAMALWA_HAEMATOPOIETIC_AND_LYMPHOID_TISSUE,,,Lymphoid,Mature B-Cell Neoplasms,True,True,True,False,False,False,0,True,True,
NCI-H650,NCIH650,ACH-000945,722066.0,SIDM01124,NCIH650_LUNG,NCIH650,,Lung,Non-Small Cell Lung Cancer,True,True,True,True,True,True,884,True,True,
HEC-265,HEC265,ACH-000946,,,HEC265_ENDOMETRIUM,HEC265,,Uterus,Endometrial Carcinoma,False,False,True,True,True,True,1364,False,True,
OVK18,OVK18,ACH-000947,1480371.0,SIDM00238,OVK18_OVARY,OVK18,,Ovary/Fallopian Tube,Ovarian Epithelial Tumor,True,True,True,True,True,True,830,True,True,
23132/87,2313287,ACH-000948,910924.0,SIDM00980,2313287_STOMACH,2313287,,Esophagus/Stomach,Esophagogastric Adenocarcinoma,True,True,True,True,True,True,1410,True,True,
TGBC11TKB,TGBC11TKB,ACH-000949,909770.0,SIDM00251,TGBC11TKB_STOMACH,,,Esophagus/Stomach,Esophagogastric Adenocarcinoma,True,True,False,False,False,False,0,True,True,
LoVo,LOVO,ACH-000950,907790.0,SIDM00839,LOVO_LARGE_INTESTINE,LOVO,,Bowel,Colorectal Adenocarcinoma,True,True,True,True,True,True,1377,True,True,
NCI-H2342,NCIH2342,ACH-000951,687819.0,SIDM00727,NCIH2342_LUNG,NCIH2342,,Lung,Non-Small Cell Lung Cancer,True,True,True,True,False,False,0,True,True,
MDA PCa 2b,MDAPCA2B,ACH-000952,,,MDAPCA2B_PROSTATE,,,Prostate,Prostate Adenocarcinoma,False,False,False,False,False,False,0,False,True,
SUP-T1,SUPT1,ACH-000953,909743.0,SIDM01154,SUPT1_HAEMATOPOIETIC_AND_LYMPHOID_TISSUE,,,Lymphoid,T-Lymphoblastic Leukemia/Lymphoma,True,True,True,False,False,False,0,True,True,
HEC-1-A,HEC1A,ACH-000954,,SIDM00595,HEC1A_ENDOMETRIUM,HEC1A,,Uterus,Endometrial Carcinoma,False,False,True,True,True,True,1434,False,True,
SNU-407,SNU407,ACH-000955,1660034.0,SIDM00214,SNU407_LARGE_INTESTINE,SNU407,,Bowel,Colorectal Adenocarcinoma,True,True,True,True,True,True,907,True,True,
22Rv1,22RV1,ACH-000956,924100.0,SIDM00499,22RV1_PROSTATE,22RV1,,Prostate,Prostate Adenocarcinoma,True,True,True,True,True,True,1226,True,True,
LS 180,LS180,ACH-000957,998189.0,SIDM00680,LS180_LARGE_INTESTINE,LS180,,Bowel,Colorectal Adenocarcinoma,True,True,True,True,True,True,1345,True,True,
SW48,SW48,ACH-000958,909751.0,SIDM00837,SW48_LARGE_INTESTINE,SW48,,Bowel,Colorectal Adenocarcinoma,True,True,True,True,True,True,1326,True,True,
SNU-C4,SNUC4,ACH-000959,,SIDM00500,SNUC4_LARGE_INTESTINE,SNUC4,,Bowel,Colorectal Adenocarcinoma,False,False,True,True,True,True,1313,False,True,
Reh,REH,ACH-000960,909696.0,SIDM00447,REH_HAEMATOPOIETIC_AND_LYMPHOID_TISSUE,,,Lymphoid,B-Cell Acute Lymphoblastic Leukemia,True,True,True,False,False,False,0,True,True,
Ishikawa (Heraklio) 02 ER-,ISHIKAWAHERAKLIO02ER,ACH-000961,,SIDM00037,ISHIKAWAHERAKLIO02ER_ENDOMETRIUM,ISHIKAWAHERAKLIO02ER,,Uterus,Endometrial Carcinoma,False,False,True,True,True,True,1164,False,True,
OC 314,OC314,ACH-000962,909257.0,SIDM00220,OC314_OVARY,OC314,,Ovary/Fallopian Tube,Ovarian Epithelial Tumor,True,True,True,True,True,True,1442,True,True,
CCK-81,CCK81,ACH-000963,1240123.0,SIDM00487,CCK81_LARGE_INTESTINE,CCK81,,Bowel,Colorectal Adenocarcinoma,True,True,True,True,True,True,191,True,True,
MOLT-3,MOLT3,ACH-000964,,SIDM00153,MOLT3_HAEMATOPOIETIC_AND_LYMPHOID_TISSUE,,,Lymphoid,T-Lymphoblastic Leukemia/Lymphoma,False,False,True,False,True,True,190,False,True,
RL95-2,RL952,ACH-000965,930082.0,SIDM01088,RL952_ENDOMETRIUM,RL952,,Uterus,Endometrial Carcinoma,True,True,True,True,True,True,1348,True,True,
IGROV1,IGROV1,ACH-000966,905968.0,SIDM00151,IGROV1_OVARY,IGROV1,,Ovary/Fallopian Tube,Ovarian Epithelial Tumor,True,True,True,True,True,True,1454,True,True,
SNU-C2A,SNUC2A,ACH-000967,,SIDM00780,SNUC2A_LARGE_INTESTINE,SNUC2A,,Bowel,Colorectal Adenocarcinoma,False,False,True,True,True,True,1376,False,True,
COLO 792,COLO792,ACH-000968,906814.0,SIDM00140,COLO792_SKIN,COLO792,,Skin,Melanoma,True,True,False,True,True,True,1362,True,True,
KM12,KM12,ACH-000969,905989.0,SIDM00150,KM12_LARGE_INTESTINE,KM12,,Bowel,Colorectal Adenocarcinoma,True,True,True,True,False,False,0,True,True,
SNU-C5,SNUC5,ACH-000970,1674021.0,SIDM00498,SNUC5_LARGE_INTESTINE,SNUC5,,Bowel,Colorectal Adenocarcinoma,True,True,True,True,True,True,1323,True,True,
HCT 116,HCT116,ACH-000971,905936.0,SIDM00783,HCT116_LARGE_INTESTINE,HCT116,,Bowel,Colorectal Adenocarcinoma,True,True,True,True,True,True,1467,True,True,
HEC-151,HEC151,ACH-000972,,,HEC151_ENDOMETRIUM,HEC151,,Uterus,Endometrial Carcinoma,False,False,True,True,True,True,1416,False,True,
639-V,639V,ACH-000973,906798.0,SIDM00999,639V_URINARY_TRACT,639V,,Bladder/Urinary Tract,Urethral Cancer,True,True,True,True,True,True,1435,True,True,
SNG-M,SNGM,ACH-000974,909735.0,SIDM00373,SNGM_ENDOMETRIUM,SNGM,,Uterus,Endometrial Carcinoma,True,True,True,True,True,True,1413,True,True,
HCC2450,HCC2450,ACH-000975,,,HCC2450_LUNG,,,Lung,Non-Small Cell Lung Cancer,False,False,False,False,False,False,0,False,True,
HuCCT1,HUCCT1,ACH-000976,907069.0,SIDM00587,HUCCT1_BILIARY_TRACT,HUCCT1,,Biliary Tract,Intraductal Papillary Neoplasm of the Bile Duct,True,True,True,True,True,True,1383,True,True,
LNCaP clone FGC,LNCAPCLONEFGC,ACH-000977,907788.0,SIDM00683,LNCAPCLONEFGC_PROSTATE,LNCAPCLONEFGC,,Prostate,Prostate Adenocarcinoma,True,True,True,True,True,True,1377,True,True,
EN,EN,ACH-000978,1240127.0,SIDM01045,EN_ENDOMETRIUM,EN,,Uterus,Endometrial Carcinoma,True,True,True,True,True,True,1329,True,True,
DU 145,DU145,ACH-000979,905935.0,SIDM00120,DU145_PROSTATE,DU145,,Prostate,Prostate Adenocarcinoma,True,True,True,True,True,True,1456,True,True,
NCI-H1155,NCIH1155,ACH-000980,908467.0,SIDM00651,NCIH1155_LUNG,NCIH1155,,Lung,Non-Small Cell Lung Cancer,True,True,False,True,False,False,0,True,True,
DND-41,DND41,ACH-000981,1297446.0,SIDM00946,DND41_HAEMATOPOIETIC_AND_LYMPHOID_TISSUE,,,Lymphoid,T-Lymphoblastic Leukemia/Lymphoma,True,True,True,False,True,True,191,True,True,
GP2d,GP2D,ACH-000982,,SIDM00536,GP2D_LARGE_INTESTINE,,,Bowel,Colorectal Adenocarcinoma,False,False,True,False,True,True,1407,False,True,
KCL-22,KCL22,ACH-000983,1330931.0,SIDM01004,KCL22_HAEMATOPOIETIC_AND_LYMPHOID_TISSUE,KCL22,,Myeloid,Myeloproliferative Neoplasms,True,True,True,True,True,True,191,True,True,
HEC-6,HEC6,ACH-000984,,,HEC6_ENDOMETRIUM,HEC6,,Uterus,Endometrial Carcinoma,False,False,True,True,True,True,1400,False,True,
LS411N,LS411N,ACH-000985,907794.0,SIDM00660,LS411N_LARGE_INTESTINE,LS411N,ACH-001110,Bowel,Colorectal Adenocarcinoma,True,True,True,True,True,True,1208,True,True,
HT115,HT115,ACH-000986,907289.0,SIDM00534,HT115_LARGE_INTESTINE,HT115,,Bowel,Colorectal Adenocarcinoma,True,True,True,True,True,True,191,True,True,
MeWo,MEWO,ACH-000987,908128.0,SIDM00545,MEWO_SKIN,MEWO,,Skin,Melanoma,True,True,True,True,True,True,1399,True,True,
MFE-319,MFE319,ACH-000988,1240174.0,SIDM00333,MFE319_ENDOMETRIUM,MFE319,,Uterus,Endometrial Carcinoma,True,True,True,True,True,True,1397,True,True,
SNU-175,SNU175,ACH-000989,1659928.0,SIDM00216,SNU175_LARGE_INTESTINE,,,Bowel,Colorectal Adenocarcinoma,True,True,True,False,False,False,0,True,True,
HEC-108,HEC108,ACH-000990,,,HEC108_ENDOMETRIUM,HEC108,,Uterus,Endometrial Carcinoma,False,False,True,True,True,True,1401,False,True,
SNU-81,SNU81,ACH-000991,1660036.0,SIDM00193,SNU81_LARGE_INTESTINE,SNU81,,Bowel,Colorectal Adenocarcinoma,True,True,True,True,True,True,1409,True,True,
BICR 18,BICR18,ACH-000992,,,BICR18_UPPER_AERODIGESTIVE_TRACT,BICR18,,Head and Neck,Head and Neck Squamous Cell Carcinoma,False,False,True,True,False,False,0,False,False,
JHUEM-7,JHUEM7,ACH-000993,,,JHUEM7_ENDOMETRIUM,JHUEM7,,Uterus,Endometrial Carcinoma,False,False,True,True,True,True,192,False,True,
HEC-59,HEC59,ACH-000994,,,HEC59_ENDOMETRIUM,HEC59,,Uterus,Endometrial Carcinoma,False,False,False,True,True,True,1410,False,True,
JURKAT,JURKAT,ACH-000995,998184.0,SIDM01016,JURKAT_HAEMATOPOIETIC_AND_LYMPHOID_TISSUE,JURKAT,,Lymphoid,T-Lymphoblastic Leukemia/Lymphoma,True,True,True,True,True,True,190,True,True,
HEC-251,HEC251,ACH-000996,,,HEC251_ENDOMETRIUM,HEC251,,Uterus,Endometrial Carcinoma,False,False,True,True,True,True,1424,False,True,
HCT-15,HCT15,ACH-000997,905937.0,SIDM00789,HCT15_LARGE_INTESTINE,HCT15,,Bowel,Colorectal Adenocarcinoma,True,True,True,True,True,True,1421,True,True,
CW-2,CW2,ACH-000998,910554.0,SIDM00282,CW2_LARGE_INTESTINE,CW2,,Bowel,Colorectal Adenocarcinoma,True,True,True,True,True,True,186,True,True,
SNU-1040,SNU1040,ACH-000999,1659823.0,SIDM00217,SNU1040_LARGE_INTESTINE,,,Bowel,Colorectal Adenocarcinoma,True,True,False,False,False,False,0,True,True,
1321N1,1321N1,ACH-001000,,SIDM01967,1321N1_CENTRAL_NERVOUS_SYSTEM,,,CNS/Brain,Adult-Type Diffuse Glioma,False,False,False,False,False,False,0,False,False,
143B,143B,ACH-001001,,SIDM00804,143B_BONE,,,Bone,Osteosarcoma,False,False,False,False,True,True,190,False,True,
451Lu,451LU,ACH-001002,1287706.0,SIDM01240,451LU_SKIN,,,Skin,Melanoma,True,True,False,False,False,False,0,True,False,
A673STAG2KO16,A673STAG2KO16,ACH-001007,,,A673STAG2KO16_ENGINEERED,,,Bone,Ewing Sarcoma,False,False,False,False,False,False,0,False,False,
A673STAG2KO45,A673STAG2KO45,ACH-001008,,,A673STAG2KO45_ENGINEERED,,,Bone,Ewing Sarcoma,False,False,False,False,False,False,0,False,False,
A673STAG2NT14,A673STAG2NT14,ACH-001009,,,A673STAG2NT14_ENGINEERED,,,Bone,Ewing Sarcoma,False,False,False,False,False,False,0,False,False,
A673STAG2NT23,A673STAG2NT23,ACH-001010,,,A673STAG2NT23_ENGINEERED,,,Bone,Ewing Sarcoma,False,False,False,False,False,False,0,False,False,
AZ521,AZ521,ACH-001015,,SIDM01934,AZ521_SMALL_INTESTINE,,,Bowel,Small Bowel Cancer,False,False,False,False,False,False,0,False,False,
Becker,BECKER,ACH-001016,906746.0,SIDM00490,BECKER_CENTRAL_NERVOUS_SYSTEM,BECKER,,CNS/Brain,Adult-Type Diffuse Glioma,True,True,True,True,True,True,1377,True,True,
BGC-823,BGC823,ACH-001017,,SIDM01938,BGC823_STOMACH,,,Cervix,Cervical Adenocarcinoma,False,False,False,False,False,False,0,False,False,
BJ hTERT,BJHTERT,ACH-001018,,,BJHTERT_FIBROBLAST,,,Fibroblast,Non-Cancerous,False,False,False,False,False,False,0,False,False,
BroLi,BROLI,ACH-001019,,,BROLI_SKIN,,,Skin,Merkel Cell Carcinoma,False,False,False,False,False,False,0,False,True,
BT-16,BT16,ACH-001020,,,BT16_SOFT_TISSUE,,,CNS/Brain,Embryonal Tumor,False,False,True,False,True,True,187,False,True,
C3A,C3A,ACH-001021,910850.0,SIDM01237,C3A_LIVER,,ACH-003593,Liver,Hepatoblastoma,True,True,False,False,False,False,0,True,True,
CB-AGPN,CBAGPN,ACH-001022,,SIDM01544,CBAGPN_BONE,,,Bone,Ewing Sarcoma,False,False,False,False,True,True,189,False,True,
CGTH-W-1,CGTHW1,ACH-001023,910568.0,SIDM01248,CGTHW1_THYROID,CGTHW1,,Head and Neck,Head and Neck Squamous Cell Carcinoma,True,True,True,True,False,False,0,True,False,
CHL-1,CHL1,ACH-001024,910853.0,SIDM01228,CHL1_SKIN,,,Skin,Melanoma,True,True,False,False,True,True,1429,True,False,
CHLA-06-ATRT,CHLA06ATRT,ACH-001028,,,CHLA06ATRT_SOFT_TISSUE,,,CNS/Brain,Embryonal Tumor,False,False,False,False,True,True,192,False,True,
CHLA-10,CHLA10,ACH-001029,,,CHLA10_BONE,,,Bone,Ewing Sarcoma,False,False,False,False,True,True,190,False,True,
CHLA-218,CHLA218,ACH-001030,,SIDM01538,CHLA218_BONE,,,Bone,Ewing Sarcoma,False,False,False,False,False,False,0,False,True,
CHLA-266,CHLA266,ACH-001031,,,CHLA266_SOFT_TISSUE,,,CNS/Brain,Embryonal Tumor,False,False,False,False,False,False,0,False,True,
CHLA-32,CHLA32,ACH-001032,,,CHLA32_BONE,,,Bone,Ewing Sarcoma,False,False,False,False,False,False,0,False,True,
CHLA-57,CHLA57,ACH-001033,,,CHLA57_BONE,,,CNS/Brain,Embryonal Tumor,False,False,False,False,True,True,184,False,True,
CHLA-9,CHLA9,ACH-001034,,,CHLA9_BONE,,,Bone,Ewing Sarcoma,False,False,False,False,False,False,0,False,True,
CHLA-99,CHLA99,ACH-001035,,,CHLA99_BONE,,,Bone,Ewing Sarcoma,False,False,False,False,False,False,0,False,True,
CMK-11-5,CMK115,ACH-001036,,SIDM01235,CMK115_HAEMATOPOIETIC_AND_LYMPHOID_TISSUE,,,Myeloid,Acute Myeloid Leukemia,False,False,False,False,False,False,0,False,True,
CMK-86,CMK86,ACH-001037,,,CMK86_HAEMATOPOIETIC_AND_LYMPHOID_TISSUE,,,Myeloid,Acute Myeloid Leukemia,False,False,False,False,False,False,0,False,False,
COG-E-352,COGE352,ACH-001038,,,COGE352_BONE,,,Bone,Ewing Sarcoma,False,False,False,False,True,True,186,False,True,
COLO 205,COLO205,ACH-001039,905961.0,SIDM00826,COLO205_LARGE_INTESTINE,COLO205,,Bowel,Colorectal Adenocarcinoma,True,True,True,True,False,False,0,True,False,
CHL-1-DM,CHL1DM,ACH-001041,,SIDM00911,CHL1DM_SKIN,,,Skin,Melanoma,False,False,False,False,False,False,0,False,True,
COLO-704,COLO704,ACH-001042,,,COLO704_OVARY,,,Uterus,Endometrial Carcinoma,False,False,False,False,False,False,0,False,False,
COLO 775,COLO775,ACH-001043,,SIDM01718,COLO775_HAEMATOPOIETIC_AND_LYMPHOID_TISSUE,,ACH-001040,Lymphoid,Mature B-Cell Neoplasms,False,False,False,False,False,False,0,False,False,
COLO 818,COLO818,ACH-001044,,SIDM01153,COLO818_SKIN,,,Skin,Melanoma,False,False,False,False,False,False,0,False,False,
COLO 849,COLO849,ACH-001045,,,COLO849_SKIN,,,Skin,Melanoma,False,False,False,False,False,False,0,False,False,
COR-L26,CORL26,ACH-001046,,,CORL26_LUNG,,,Lung,Lung Neuroendocrine Tumor,False,False,False,False,False,False,0,False,True,
COR-L51,CORL51,ACH-001047,,SIDM01717,CORL51_LUNG,,,Lung,Lung Neuroendocrine Tumor,False,False,True,False,False,False,0,False,False,
COV504,COV504,ACH-001048,,,COV504_OVARY,,,Ovary/Fallopian Tube,Ovarian Epithelial Tumor,False,False,False,False,False,False,0,False,True,
CPC-N,CPCN,ACH-001049,753547.0,SIDM00953,CPCN_LUNG,,,Lung,Lung Neuroendocrine Tumor,True,True,False,False,False,False,0,True,False,
CW9019,CW9019,ACH-001050,,,CW9019_SOFT_TISSUE,,,Soft Tissue,Rhabdomyosarcoma,False,False,False,False,True,True,192,False,True,
D384,D384,ACH-001052,,,D384_CENTRAL_NERVOUS_SYSTEM,,,CNS/Brain,Embryonal Tumor,False,False,False,False,False,False,0,False,False,
D425,D425,ACH-001053,,,D425_CENTRAL_NERVOUS_SYSTEM,,,CNS/Brain,Embryonal Tumor,False,False,False,False,False,False,0,False,True,
D458,D458,ACH-001054,,,D458_CENTRAL_NERVOUS_SYSTEM,,,CNS/Brain,Embryonal Tumor,False,False,False,False,False,False,0,False,True,
D556,D556,ACH-001055,,,D556_CENTRAL_NERVOUS_SYSTEM,,,CNS/Brain,Embryonal Tumor,False,False,False,False,False,False,0,False,False,
DERL-2,DERL2,ACH-001057,,SIDM01509,DERL2_HAEMATOPOIETIC_AND_LYMPHOID_TISSUE,,,Lymphoid,Mature T and NK Neoplasms,False,False,False,False,False,False,0,False,True,
DL,DL,ACH-001059,,SIDM01507,DL_SOFT_TISSUE,,,Soft Tissue,Rhabdoid Cancer,False,False,False,False,True,True,191,False,True,
DL-40,DL40,ACH-001060,,SIDM01506,DL40_HAEMATOPOIETIC_AND_LYMPHOID_TISSUE,,,Lymphoid,Mature T and NK Neoplasms,False,False,False,False,False,False,0,False,True,
DLD-1,DLD1,ACH-001061,,SIDM00787,DLD1_LARGE_INTESTINE,DLD1,,Bowel,Colorectal Adenocarcinoma,False,False,True,True,False,False,0,False,True,
DOV13,DOV13,ACH-001063,1479987.0,SIDM00969,DOV13_OVARY,DOV13,,Ovary/Fallopian Tube,Ovarian Epithelial Tumor,True,True,True,True,False,False,0,True,False,
EB-2,EB2,ACH-001064,906846.0,SIDM00863,EB2_HAEMATOPOIETIC_AND_LYMPHOID_TISSUE,,,Lymphoid,Mature B-Cell Neoplasms,True,True,False,False,False,False,0,True,True,
Evsa-T,EVSAT,ACH-001065,906862.0,SIDM01042,EVSAT_BREAST,,,Breast,Invasive Breast Carcinoma,True,True,False,False,False,False,0,True,False,
EWS-834,EWS834,ACH-001066,,SIDM01713,EWS834_BONE,,,Bone,Ewing Sarcoma,False,False,False,False,False,False,0,False,False,
F5,F5,ACH-001067,,,F5_CENTRAL_NERVOUS_SYSTEM,,,CNS/Brain,Meningothelial Tumor,False,False,False,False,False,False,0,False,True,
FE-PD,FEPD,ACH-001068,,SIDM01496,FEPD_HAEMATOPOIETIC_AND_LYMPHOID_TISSUE,,,Lymphoid,Mature T and NK Neoplasms,False,False,False,False,False,False,0,False,True,
GLC-82,GLC82,ACH-001071,,,GLC82_LUNG,,,Cervix,Cervical Adenocarcinoma,False,False,False,False,False,False,0,False,False,
GR-M,GRM,ACH-001072,,SIDM00468,GRM_SKIN,,,Pancreas,Pancreatic Adenocarcinoma,False,False,False,False,False,False,0,False,False,
NCI-H292,NCIH292,ACH-001075,753604.0,SIDM00493,NCIH292_LUNG,,ACH-000474,Lung,Non-Small Cell Lung Cancer,True,True,False,False,True,True,1423,True,True,
HCC1897,HCC1897,ACH-001079,,SIDM01814,HCC1897_LUNG,,,Lung,Non-Small Cell Lung Cancer,False,False,False,False,False,False,0,False,False,
HCC2998,HCC2998,ACH-001081,905971.0,SIDM00118,HCC2998_LARGE_INTESTINE,,,Bowel,Colorectal Adenocarcinoma,True,True,False,False,False,False,0,True,False,
HCT-8,HCT8,ACH-001084,,SIDM00786,HCT8_LARGE_INTESTINE,HCT8,,Bowel,Colorectal Adenocarcinoma,False,False,False,True,False,False,0,False,False,
HEK-293,HEK293,ACH-001085,,,HEK293_KIDNEY,,ACH-003281,,Non-Cancerous,False,False,False,False,False,False,0,False,True,
HeLa,HELA,ACH-001086,1298134.0,SIDM00846,HELA_CERVIX,HELA,ACH-003581,Cervix,Cervical Adenocarcinoma,True,True,True,True,False,False,0,True,True,
HK-2,HK2,ACH-001087,,SIDM01818,HK2_KIDNEY,,,Kidney,Non-Cancerous,False,False,False,False,False,False,0,False,False,
HLC-1,HLC1,ACH-001088,,,HLC1_LUNG,,,Lung,Non-Small Cell Lung Cancer,False,False,False,False,False,False,0,False,False,
HLE,HLE,ACH-001089,907057.0,SIDM00064,HLE_LIVER,,,Liver,Hepatocellular Carcinoma,True,True,False,False,False,False,0,True,False,
HN,HN,ACH-001090,907059.0,SIDM01061,HN_UPPER_AERODIGESTIVE_TRACT,,,Head and Neck,Head and Neck Squamous Cell Carcinoma,False,False,False,False,False,False,0,True,False,
HRT18,HRT18,ACH-001091,,SIDM00788,HRT18_LARGE_INTESTINE,,,Bowel,Colorectal Adenocarcinoma,False,False,False,False,False,False,0,False,False,
Hs 604.T,HS604T,ACH-001093,,SIDM01706,HS604T_FIBROBLAST,,,Fibroblast,Non-Cancerous,False,False,False,False,False,False,0,False,False,
HTK-,HTK,ACH-001094,,SIDM00805,HTK_HAEMATOPOIETIC_AND_LYMPHOID_TISSUE,,,Bone,Osteosarcoma,False,False,False,False,False,False,0,False,False,
JR,JR,ACH-001096,,,JR_SOFT_TISSUE,,,Soft Tissue,Rhabdomyosarcoma,False,False,False,False,True,True,191,False,True,
KARPAS-384,KARPAS384,ACH-001097,,SIDM01737,KARPAS384_HAEMATOPOIETIC_AND_LYMPHOID_TISSUE,,,Lymphoid,Non-Hodgkin Lymphoma,False,False,False,False,False,False,0,False,True,
KCI-MOH1,KCIMOH1,ACH-001098,,,KCIMOH1_PANCREAS,,,Pancreas,Pancreatic Adenocarcinoma,False,False,False,False,False,False,0,False,True,
KD,KD,ACH-001099,,,KD_SOFT_TISSUE,,,Soft Tissue,Rhabdoid Cancer,False,False,False,False,True,True,190,False,True,
KHYG-1,KHYG1,ACH-001100,,SIDM01661,KHYG_HAEMATOPOIETIC_AND_LYMPHOID_TISSUE,,ACH-001766,Lymphoid,T-Lymphoblastic Leukemia/Lymphoma,False,False,False,False,False,False,0,False,True,
KLM-1,KLM1,ACH-001101,,,KLM1_PANCREAS,,,Pancreas,Pancreatic Adenocarcinoma,False,False,False,False,False,False,0,False,False,
KOPN-8,KOPN8,ACH-001106,1330933.0,SIDM01034,KOPN8_HAEMATOPOIETIC_AND_LYMPHOID_TISSUE,,,Lymphoid,B-Cell Acute Lymphoblastic Leukemia,True,True,False,False,True,True,191,True,True,
KP-1N,KP1N,ACH-001107,1298216.0,SIDM00583,KP1N_PANCREAS,,,Pancreas,Pancreatic Adenocarcinoma,True,True,False,False,False,False,0,True,False,
KP-MRT-RY,KPMRTRY,ACH-001109,,,KPMRTRY_SOFT_TISSUE,,,Kidney,Rhabdoid Cancer,False,False,False,False,False,False,0,False,True,
L82,L82,ACH-001111,,,L82_HAEMATOPOIETIC_AND_LYMPHOID_TISSUE,,,Lymphoid,Mature T and NK Neoplasms,False,False,False,False,False,False,0,False,True,
LC-1/sq-SF,LC1SQSF,ACH-001113,,SIDM01226,LC1SQSF_LUNG,LC1SQSF,,Lung,Non-Small Cell Lung Cancer,False,False,True,True,True,True,1377,False,True,
M059J,M059J,ACH-001118,949094.0,SIDM00659,M059J_CENTRAL_NERVOUS_SYSTEM,,,CNS/Brain,Adult-Type Diffuse Glioma,True,True,False,False,False,False,0,True,False,
Mac-2A,MAC2A,ACH-001119,,,MAC2A_HAEMATOPOIETIC_AND_LYMPHOID_TISSUE,,,Lymphoid,Mature T and NK Neoplasms,False,False,False,False,False,False,0,False,True,
MEC2,MEC2,ACH-001121,,SIDM00827,MEC2_HAEMATOPOIETIC_AND_LYMPHOID_TISSUE,,,Lymphoid,Mature B-Cell Neoplasms,False,False,False,False,False,False,0,False,False,
MKL-1,MKL1,ACH-001122,,,MKL1_SKIN,,,Skin,Merkel Cell Carcinoma,False,False,False,False,False,False,0,False,False,
MKL-2,MKL2,ACH-001123,,,MKL2_SKIN,,,Skin,Merkel Cell Carcinoma,False,False,False,False,False,False,0,False,False,
MOG-G-CCM,MOGGCCM,ACH-001125,908144.0,SIDM00532,MOGGCCM_CENTRAL_NERVOUS_SYSTEM,,,CNS/Brain,Adult-Type Diffuse Glioma,True,True,False,False,False,False,0,True,False,
MOG-G-UVW,MOGGUVW,ACH-001126,908145.0,SIDM00504,MOGGUVW_CENTRAL_NERVOUS_SYSTEM,,,CNS/Brain,Adult-Type Diffuse Glioma,True,True,False,False,False,False,0,True,False,
MOLT-4,MOLT4,ACH-001127,905958.0,SIDM00145,MOLT4_HAEMATOPOIETIC_AND_LYMPHOID_TISSUE,,,Lymphoid,T-Lymphoblastic Leukemia/Lymphoma,True,True,False,False,False,False,0,True,False,
MON,MON,ACH-001128,,,MON_SOFT_TISSUE,,,Soft Tissue,Rhabdoid Cancer,False,False,False,False,True,True,915,False,True,
MONO-MAC-1,MONOMAC1,ACH-001129,,SIDM01022,MONOMAC1_HAEMATOPOIETIC_AND_LYMPHOID_TISSUE,,,Myeloid,Acute Myeloid Leukemia,False,False,True,False,True,True,77,False,True,
MOTN-1,MOTN1,ACH-001130,,SIDM01884,MOTN1_HAEMATOPOIETIC_AND_LYMPHOID_TISSUE,,,Lymphoid,Mature T and NK Neoplasms,False,False,True,False,False,False,0,False,False,
MS-1,MSDASH1,ACH-001131,753594.0,SIDM00408,MS1_SKIN,,,Skin,Merkel Cell Carcinoma,True,True,False,False,False,False,0,True,False,
MTA,MTA,ACH-001132,,SIDM01868,MTA_HAEMATOPOIETIC_AND_LYMPHOID_TISSUE,,,Lymphoid,T-Lymphoblastic Leukemia/Lymphoma,False,False,False,False,False,False,0,False,True,
MYLA,MYLA,ACH-001134,,,MYLA_HAEMATOPOIETIC_AND_LYMPHOID_TISSUE,,,Lymphoid,Non-Hodgkin Lymphoma,False,False,False,False,False,False,0,False,True,
NCI-H187,NCIH187,ACH-001136,688007.0,SIDM00767,NCIH187_LUNG,,,Lung,Lung Neuroendocrine Tumor,True,False,False,False,False,False,0,True,False,
NCI-H1993,NCIH1993,ACH-001137,908476.0,SIDM00758,NCIH1993_LUNG,,,Lung,Non-Small Cell Lung Cancer,True,True,False,False,False,False,0,True,False,
NCI-H2141,NCIH2141,ACH-001138,688014.0,SIDM00699,NCIH2141_LUNG,,,Lung,Lung Neuroendocrine Tumor,True,True,True,False,False,False,0,True,False,
NHAHTDD,NHAHTDD,ACH-001142,,,NHAHTDD_PRIMARY,,,CNS/Brain,Non-Cancerous,False,False,False,False,False,False,0,False,True,
NKL,NKL,ACH-001143,,SIDM01880,NKL_HAEMATOPOIETIC_AND_LYMPHOID_TISSUE,,,Lymphoid,T-Lymphoblastic Leukemia/Lymphoma,False,False,False,False,False,False,0,False,False,
OC315,OC315,ACH-001144,,,OC315_OVARY,,,Ovary/Fallopian Tube,Ovarian Epithelial Tumor,False,False,False,False,False,False,0,False,False,
OC 316,OC316,ACH-001145,,SIDM00219,OC316_OVARY,,,Ovary/Fallopian Tube,Ovarian Epithelial Tumor,False,False,False,False,True,True,1373,False,True,
OCI-Ly10,OCILY10,ACH-001146,,SIDM01883,OCILY10_HAEMATOPOIETIC_AND_LYMPHOID_TISSUE,,,Lymphoid,Mature B-Cell Neoplasms,False,False,True,False,False,False,0,False,False,
OCI-Ly12,OCILY12,ACH-001147,,SIDM01882,OCILY12_HAEMATOPOIETIC_AND_LYMPHOID_TISSUE,,,Lymphoid,Mature T and NK Neoplasms,False,False,False,False,False,False,0,False,True,
OCILY-132,OCILY132,ACH-001148,,SIDM01877,OCILY132_HAEMATOPOIETIC_AND_LYMPHOID_TISSUE,,,Lymphoid,Mature B-Cell Neoplasms,False,False,False,False,True,True,191,False,True,
OUMS-27,OUMS27,ACH-001150,,,OUMS27_BONE,,,Bone,Chondrosarcoma,False,False,False,False,False,False,0,False,True,
OVCAR-5,OVCAR5,ACH-001151,905969.0,SIDM00091,OVCAR5_OVARY,OVCAR5,,Ovary/Fallopian Tube,Ovarian Epithelial Tumor,True,True,False,True,False,False,0,True,True,
PCM6,PCM6,ACH-001162,,SIDM01776,PCM6_HAEMATOPOIETIC_AND_LYMPHOID_TISSUE,,,Lymphoid,Mature B-Cell Neoplasms,False,False,False,False,False,False,0,False,False,
CCLF_PEDS_0001_T,CCLFPEDS0001T,ACH-001163,,,PEDS005TSUSP_KIDNEY,,"ACH-002427, ACH-001316",Kidney,Renal Cell Carcinoma,False,False,False,False,False,False,0,False,True,
CCLF_PEDS_0003_T,CCLFPEDS0003T,ACH-001164,,,CCLFPEDS0003T_SOFT_TISSUE,,ACH-002428,Soft Tissue,Undifferentiated Pleomorphic Sarcoma/Malignant Fibrous Histiocytoma/High-Grade Spindle Cell Sarcoma,False,False,False,False,True,True,190,False,True,
PeTa,PETA,ACH-001170,,SIDM01848,PETA_SKIN,,,Skin,Merkel Cell Carcinoma,False,False,False,False,False,False,0,False,False,
PL45,PL45,ACH-001171,,SIDM01115,PL45_PANCREAS,,,Pancreas,Pancreatic Adenocarcinoma,False,False,False,False,False,False,0,False,False,
U-251 MG DM,U251MGDM,ACH-001172,,,U251MGDM_Brain,,ACH-001173,CNS/Brain,Adult-Type Diffuse Glioma,False,False,False,False,False,False,0,False,True,
RCC-4,RCC4,ACH-001175,,,RCC4_KIDNEY,,,Kidney,Renal Cell Carcinoma,False,False,False,False,False,False,0,False,False,
RPMI 6666,RPMI6666,ACH-001182,909701.0,SIDM00813,RPMI6666_HAEMATOPOIETIC_AND_LYMPHOID_TISSUE,,,Lymphoid,B-Cell Acute Lymphoblastic Leukemia,True,True,True,False,False,False,0,True,False,
RT112/84,RT11284,ACH-001183,,SIDM01202,RT11284_URINARY_TRACT,,,Bladder/Urinary Tract,Bladder Urothelial Carcinoma,False,False,False,False,False,False,0,False,True,
SCMC-RM2,SCMCRM2,ACH-001184,,,SCMCRM2_SOFT_TISSUE,,,Soft Tissue,Rhabdomyosarcoma,False,False,False,False,False,False,0,False,True,
SH-SY5Y,SHSY5Y,ACH-001188,,SIDM01236,SHSY5Y_AUTONOMIC_GANGLIA,,,Peripheral Nervous System,Neuroblastoma,False,False,False,False,False,False,0,False,True,
SJRH-30,SJRH30,ACH-001189,909716.0,SIDM01095,SJRH30_SOFT_TISSUE,,,Soft Tissue,Rhabdomyosarcoma,True,True,False,False,False,False,0,True,False,
SK-MEL-2,SKMEL2,ACH-001190,905955.0,SIDM00082,SKMEL2_SKIN,SKMEL2,,Skin,Melanoma,True,True,True,True,True,True,1345,True,True,
SK-NEP-1,SKNEP1,ACH-001192,,SIDM00027,SKNEP1_BONE,,,Bone,Ewing Sarcoma,False,False,False,False,True,True,191,False,True,
SK-PN-DW,SKPNDW,ACH-001193,909731.0,SIDM01097,SKPNDW_BONE,,,Bone,Ewing Sarcoma,True,True,False,False,True,True,185,True,True,
SK-RC-31,SKRC31,ACH-001194,,,SKRC31_KIDNEY,,,Kidney,Renal Cell Carcinoma,False,False,False,False,False,False,0,False,True,
SMS-CTR,SMSCTR,ACH-001196,,,SMSCTR_SOFT_TISSUE,,,Soft Tissue,Rhabdomyosarcoma,False,False,False,False,True,True,189,False,True,
SMZ-1,SMZ1,ACH-001197,,,SMZ1_HAEMATOPOIETIC_AND_LYMPHOID_TISSUE,,,Lymphoid,Non-Hodgkin Lymphoma,False,False,False,False,False,False,0,False,True,
SNB19,SNB19,ACH-001198,,SIDM00109,SNB19_CENTRAL_NERVOUS_SYSTEM,,,CNS/Brain,Adult-Type Diffuse Glioma,False,False,False,False,False,False,0,False,False,
SNUC2B,SNUC2B,ACH-001199,909740.0,SIDM00781,SNUC2B_LARGE_INTESTINE,,,Bowel,Colorectal Adenocarcinoma,True,True,False,False,False,False,0,True,False,
STM91-01,STM9101,ACH-001200,,,STM9101_SOFT_TISSUE,,,Kidney,Rhabdoid Cancer,False,False,False,False,True,True,187,False,True,
SU-MB-002,SUMB002,ACH-001201,,,SUMB002_CENTRAL_NERVOUS_SYSTEM,,,CNS/Brain,Embryonal Tumor,False,False,False,False,False,False,0,False,True,
SUP-HD1,SUPHD1,ACH-001203,1331039.0,SIDM00422,SUPHD1_HAEMATOPOIETIC_AND_LYMPHOID_TISSUE,,,Lymphoid,Hodgkin Lymphoma,True,True,True,False,False,False,0,True,False,
TC-32,TC32,ACH-001205,,,TC32_BONE,,,Bone,Ewing Sarcoma,False,False,False,False,True,True,189,False,True,
TTC-466,TTC466,ACH-001206,,SIDM01911,TCC466_BONE,,,Bone,Ewing Sarcoma,False,False,False,False,False,False,0,False,False,
TIG-3 TD,TIG3TD,ACH-001207,,,TIG3TD_FIBROBLAST,,,Fibroblast,Non-Cancerous,False,False,False,False,False,False,0,False,True,
TK-10,TK10,ACH-001208,905980.0,SIDM00113,TK10_KIDNEY,,,Kidney,Renal Cell Carcinoma,True,True,False,False,False,False,0,True,False,
TOM-1,TOM1,ACH-001209,,,TOM1_HAEMATOPOIETIC_AND_LYMPHOID_TISSUE,,,Lymphoid,B-Cell Acute Lymphoblastic Leukemia,False,False,False,False,False,False,0,False,True,
TTC-1240,TTC1240,ACH-001210,,,TTC1240_SOFT_TISSUE,,,Kidney,Rhabdoid Cancer,False,False,False,False,True,True,192,False,True,
TTC-549,TTC549,ACH-001211,,,TTC549_SOFT_TISSUE,,,Soft Tissue,Rhabdoid Cancer,False,False,False,False,True,True,191,False,True,
TTC-642,TTC642,ACH-001212,,,TTC642_SOFT_TISSUE,,,Soft Tissue,Rhabdoid Cancer,False,False,False,False,True,True,190,False,False,
U-138 MG,U138MG,ACH-001214,,SIDM01192,U138MG_CENTRAL_NERVOUS_SYSTEM,,,CNS/Brain,Adult-Type Diffuse Glioma,False,False,False,False,False,False,0,False,False,
UM-RC-2,UMRC2,ACH-001224,,SIDM01830,UMRC2_KIDNEY,,,Kidney,Renal Cell Carcinoma,False,False,False,False,False,False,0,False,False,
UM-RC-6,UMRC6,ACH-001225,,SIDM01829,UMRC6_KIDNEY,,ACH-001226,Kidney,Renal Cell Carcinoma,False,False,False,False,False,False,0,False,False,
UPCI-SCC-090,UPCISCC090,ACH-001227,1299052.0,SIDM00399,UPCISCC090_UPPER_AERODIGESTIVE_TRACT,,ACH-002315,Head and Neck,Head and Neck Squamous Cell Carcinoma,True,True,False,False,False,False,0,True,True,
UPCI-SCC-152,UPCISCC152,ACH-001228,,SIDM00398,UPCISCC152_UPPER_AERODIGESTIVE_TRACT,,,Head and Neck,Head and Neck Squamous Cell Carcinoma,False,False,False,False,False,False,0,False,True,
UPCI-SCC-154,UPCISCC154,ACH-001229,,,UPCISCC154_UPPER_AERODIGESTIVE_TRACT,,,Head and Neck,Head and Neck Squamous Cell Carcinoma,False,False,False,False,False,False,0,False,True,
UT-7,UT7,ACH-001230,,SIDM01908,UT7_HAEMATOPOIETIC_AND_LYMPHOID_TISSUE,,,Myeloid,Acute Myeloid Leukemia,False,False,False,False,False,False,0,False,False,
UW228,UW228,ACH-001232,,,UW228_CENTRAL_NERVOUS_SYSTEM,,,CNS/Brain,Embryonal Tumor,False,False,False,False,True,True,191,False,True,
VMRC-LCD,VMRCLCD,ACH-001233,713869.0,SIDM00320,VMRCLCD_LUNG,VMRCLCD,,Lung,Non-Small Cell Lung Cancer,True,True,True,True,False,False,0,True,False,
VMRC-LCP,VMRCLCP,ACH-001234,,,VMRCLCP_LUNG,,,Lung,Non-Small Cell Lung Cancer,False,False,False,False,False,False,0,False,False,
WM-266-4,WM2664,ACH-001239,,SIDM00979,WM2664_SKIN,WM2664,,Skin,Melanoma,False,False,True,True,True,True,1396,False,True,
YMB-1,YMB1,ACH-001249,,SIDM01260,YMB1_BREAST,,,Breast,Invasive Breast Carcinoma,False,False,False,False,False,False,0,False,False,
1273/99,127399,ACH-001270,,,127399_SOFT_TISSUE,,,Soft Tissue,Synovial Sarcoma,False,False,False,False,False,False,0,False,True,
Fuji,FUJI,ACH-001272,,,FUJI_SOFT_TISSUE,,,Soft Tissue,Synovial Sarcoma,False,False,False,False,False,False,0,False,False,
SW982,SW982,ACH-001274,909759.0,SIDM01161,SW982_SOFT_TISSUE,,,Soft Tissue,Synovial Sarcoma,True,True,True,False,False,False,0,True,True,
SYO-1,SYO1,ACH-001275,,,SYO1_SOFT_TISSUE,,,Bone,Osteosarcoma,False,False,True,False,False,False,0,False,True,
Yamato,YAMATO,ACH-001277,,,YAMATO_SOFT_TISSUE,,,Soft Tissue,Synovial Sarcoma,False,False,True,False,False,False,0,False,True,
BIN-67,BIN67,ACH-001278,,,BIN67_OVARY,,,Ovary/Fallopian Tube,Ovarian Epithelial Tumor,False,False,False,False,False,False,0,False,True,
SCCOHT-1,SCCOHT1,ACH-001279,,,SCCOHT1_OVARY,,,Ovary/Fallopian Tube,Ovarian Epithelial Tumor,False,False,False,False,False,False,0,False,True,
SCS-214,SCS214,ACH-001280,,,SCS214_SOFT_TISSUE,,,Soft Tissue,Synovial Sarcoma,False,False,False,False,False,False,0,False,True,
CHLA-258,CHLA258,ACH-001282,,,CHLA258_BONE,,,Bone,Ewing Sarcoma,False,False,False,False,False,False,0,False,False,
TC-106,TC106,ACH-001283,,,TC106_BONE,,,Bone,Ewing Sarcoma,False,False,False,False,True,True,192,False,True,
COG-AR-359,COGAR359,ACH-001289,,,COGAR359_SOFT_TISSUE,,,CNS/Brain,Embryonal Tumor,False,False,False,False,True,True,154,False,True,
Y-79,Y79,ACH-001295,,,Y79_AUTONOMIC_GANGLIA,,,Eye,Retinoblastoma,False,False,False,False,False,False,0,False,True,
CHLA-15,CHLA15,ACH-001300,,,CHLA15_AUTONOMIC_GANGLIA,,,Peripheral Nervous System,Neuroblastoma,False,False,False,False,True,True,190,False,True,
COG-N-278,COGN278,ACH-001301,,,COGN278_AUTONOMIC_GANGLIA,,,Peripheral Nervous System,Neuroblastoma,False,False,False,False,True,True,190,False,True,
COG-N-305,COGN305,ACH-001302,,,COGN305_AUTONOMIC_GANGLIA,,,Peripheral Nervous System,Neuroblastoma,False,False,False,False,False,False,0,False,True,
NB-1643,NB1643,ACH-001303,,,NB1643_AUTONOMIC_GANGLIA,,,Peripheral Nervous System,Neuroblastoma,False,False,False,False,False,False,0,False,True,
8305C,8305C,ACH-001306,906795.0,SIDM00997,8305C_THYROID,8305C,,Thyroid,Anaplastic Thyroid Cancer,True,True,True,True,True,True,1359,True,True,
8505C,8505C,ACH-001307,924102.0,SIDM00996,8505C_THYROID,8505C,,Thyroid,Anaplastic Thyroid Cancer,True,True,True,True,True,True,1393,True,True,
HA1E,HA1E,ACH-001310,,,HA1E_KIDNEY,,,Kidney,Non-Cancerous,False,False,False,False,True,True,177,False,True,
PLC/PRF/5,PLCPRF5,ACH-001318,,,PLCPRF5_LIVER,PLCPRF5,,Liver,Hepatocellular Carcinoma,False,False,True,True,True,True,1347,False,True,
TT,TT,ACH-001321,,SIDM00484,TT_THYROID,,,Thyroid,Medullary Thyroid Cancer,False,False,True,False,True,True,1291,False,True,
CME-1,CME1,ACH-001322,,,CME1_SOFT_TISSUE,,,Soft Tissue,Synovial Sarcoma,False,False,False,False,False,False,0,False,True,
A-431,A431,ACH-001328,910925.0,SIDM00995,A431_SKIN,,,Skin,Cutaneous Squamous Cell Carcinoma,True,True,False,False,False,False,0,True,True,
ANGM-CSS,ANGMCSS,ACH-001329,,,ANGMCSS_CENTRAL_NERVOUS_SYSTEM,,,CNS/Brain,Adult-Type Diffuse Glioma,False,False,False,False,False,False,0,False,True,
BICR 10,BICR10,ACH-001331,1290724.0,SIDM00077,BICR10_UPPER_AERODIGESTIVE_TRACT,,,Head and Neck,Head and Neck Squamous Cell Carcinoma,True,True,False,False,False,False,0,True,False,
BICR 78,BICR78,ACH-001332,1240122.0,SIDM00501,BICR78_UPPER_AERODIGESTIVE_TRACT,,,Head and Neck,Head and Neck Squamous Cell Carcinoma,True,True,False,False,False,False,0,True,True,
C-33 A,C33A,ACH-001333,687505.0,SIDM00889,C33A_CERVIX,,,Cervix,Cervical Squamous Cell Carcinoma,True,True,False,False,False,False,0,True,True,
C-4 I,C4I,ACH-001334,687506.0,SIDM00905,C4I_CERVIX,,,Cervix,Cervical Squamous Cell Carcinoma,True,True,False,False,False,False,0,True,True,
C-4 II,C4II,ACH-001335,,SIDM00906,C4II_CERVIX,,,Cervix,Cervical Squamous Cell Carcinoma,False,False,False,False,False,False,0,False,True,
Ca Ski,CASKI,ACH-001336,906824.0,SIDM00923,CASKI_CERVIX,,,Cervix,Cervical Squamous Cell Carcinoma,True,True,False,False,False,False,0,True,True,
CHP-134,CHP134,ACH-001338,910941.0,SIDM00285,CHP134_AUTONOMIC_GANGLIA,,,Peripheral Nervous System,Neuroblastoma,True,True,False,False,False,False,0,True,True,
Colo 794,COLO794,ACH-001339,,SIDM00514,COLO794_SKIN,,,Skin,Melanoma,False,False,False,False,False,False,0,False,True,
COV413A,COV413A,ACH-001340,,,COV413A_OVARY,,,Ovary/Fallopian Tube,Ovarian Epithelial Tumor,False,False,False,False,False,False,0,False,True,
DoTc2 4510,DOTC24510,ACH-001341,906843.0,SIDM00864,DOTC24510_CERVIX,,,Cervix,Mixed Cervical Carcinoma,True,True,False,False,False,False,0,True,True,
GI-ME-N,GIMEN,ACH-001344,906872.0,SIDM00227,GIMEN_AUTONOMIC_GANGLIA,,,Peripheral Nervous System,Neuroblastoma,True,True,False,False,False,False,0,True,True,
GP5d,GP5D,ACH-001345,907291.0,SIDM00537,GP5D_LARGE_INTESTINE,,,Bowel,Colorectal Adenocarcinoma,True,True,False,False,False,False,0,True,True,
H103,H103,ACH-001346,,,H103_UPPER_AERODIGESTIVE_TRACT,,,Head and Neck,Head and Neck Squamous Cell Carcinoma,False,False,False,False,False,False,0,False,True,
H157,H157,ACH-001347,,,H157_UPPER_AERODIGESTIVE_TRACT,,,Head and Neck,Head and Neck Squamous Cell Carcinoma,False,False,False,False,False,False,0,False,True,
HD-MB03,HDMB03,ACH-001349,,,HDMB03_CENTRAL_NERVOUS_SYSTEM,,,CNS/Brain,Embryonal Tumor,False,False,False,False,False,False,0,False,True,
HTC-C3,HTCC3,ACH-001350,924151.0,SIDM00496,HTCC3_THYROID,,,Thyroid,Anaplastic Thyroid Cancer,True,True,False,False,False,False,0,True,True,
JOPACA-1,JOPACA1,ACH-001353,,,JOPACA1_PANCREAS,,,Pancreas,Pancreatic Adenocarcinoma,False,False,False,False,False,False,0,False,True,
LAN-2,LAN2,ACH-001354,,,LAN2_AUTONOMIC_GANGLIA,,,Peripheral Nervous System,Neuroblastoma,False,False,False,False,False,False,0,False,True,
LAN-6,LAN6,ACH-001355,949170.0,SIDM00330,LAN6_AUTONOMIC_GANGLIA,,,Peripheral Nervous System,Neuroblastoma,True,True,False,False,False,False,0,True,False,
MB-1,MB1,ACH-001356,,,MB1_THYROID,,,Thyroid,Anaplastic Thyroid Cancer,False,False,False,False,False,False,0,False,True,
MCF 10A,MCF10A,ACH-001357,,,MCF10A_BREAST,,ACH-003302,Breast,Non-Cancerous,False,False,False,False,False,False,0,False,False,
MDA-MB-330,MDAMB330,ACH-001358,1330941.0,SIDM00631,MDAMB330_BREAST,,,Breast,Invasive Breast Carcinoma,True,True,False,False,False,False,0,True,False,
ME-180,ME180,ACH-001359,687514.0,SIDM00627,ME180_CERVIX,,,Cervix,Cervical Squamous Cell Carcinoma,True,True,False,False,False,False,0,True,False,
MS751,MS751,ACH-001360,1240179.0,SIDM00638,MS751_CERVIX,,,Cervix,Cervical Squamous Cell Carcinoma,True,True,False,False,False,False,0,True,True,
NBL-S,NBLS,ACH-001361,,,NBLS_AUTONOMIC_GANGLIA,,,Peripheral Nervous System,Neuroblastoma,False,False,False,False,False,False,0,False,False,
NCI-H1770,NCIH1770,ACH-001362,687804.0,SIDM00737,NCIH1770_LUNG,,,Lung,Non-Small Cell Lung Cancer,True,True,False,False,False,False,0,True,False,
NCI-H2135,NCIH2135,ACH-001363,1298352.0,SIDM00700,NCIH2135_LUNG,,,Lung,Non-Small Cell Lung Cancer,True,True,False,False,False,False,0,True,False,
NCI-H345,NCIH345,ACH-001364,688021.0,SIDM00719,NCIH345_LUNG,,,Lung,Lung Neuroendocrine Tumor,True,True,False,False,False,False,0,True,False,
NCI-H847,NCIH847,ACH-001365,1240193.0,SIDM01149,NCIH847_LUNG,,,Lung,Lung Neuroendocrine Tumor,True,True,False,False,False,False,0,True,False,
NGP,NGP,ACH-001366,,,NGP_AUTONOMIC_GANGLIA,,,Peripheral Nervous System,Neuroblastoma,False,False,False,False,False,False,0,False,True,
NMB,NMB,ACH-001367,,,NMB_AUTONOMIC_GANGLIA,,,Peripheral Nervous System,Neuroblastoma,False,False,False,False,False,False,0,False,True,
OAC-M5.1,OACM51,ACH-001368,1503363.0,SIDM00444,OACM51_OESOPHAGUS,,,Esophagus/Stomach,Esophagogastric Adenocarcinoma,True,True,False,False,False,False,0,True,True,
OCI-C5x,OCIC5X,ACH-001369,,,OCIC5X_OVARY,,,Ovary/Fallopian Tube,Ovarian Epithelial Tumor,False,False,False,False,False,False,0,False,True,
OCI-P5x,OCIP5X,ACH-001370,,,OCIP5X_OVARY,,,Ovary/Fallopian Tube,Ovarian Epithelial Tumor,False,False,False,False,False,False,0,False,True,
OV17R,OV17R,ACH-001373,1480361.0,SIDM00476,OV17R_OVARY,,,Ovary/Fallopian Tube,Ovarian Epithelial Tumor,True,True,False,False,False,False,0,True,True,
PA-1 [PA1],PA1,ACH-001374,909255.0,SIDM01140,PA1_OVARY,,,Ovary/Fallopian Tube,Ovarian Germ Cell Tumor,True,True,False,False,False,False,0,True,True,
PACADD-119,PACADD119,ACH-001375,,,PACADD119_PANCREAS,,,Pancreas,Pancreatic Adenocarcinoma,False,False,False,False,False,False,0,False,True,
PACADD-135,PACADD135,ACH-001376,,,PACADD135_PANCREAS,,,Pancreas,Pancreatic Adenocarcinoma,False,False,False,False,False,False,0,False,True,
PACADD-137,PACADD137,ACH-001377,,,PACADD137_PANCREAS,,,Pancreas,Pancreatic Adenocarcinoma,False,False,False,False,False,False,0,False,True,
PACADD-159,PACADD159,ACH-001378,,,PACADD159_PANCREAS,,,Pancreas,Pancreatic Adenocarcinoma,False,False,False,False,False,False,0,False,True,
PACADD-161,PACADD161,ACH-001379,,,PACADD161_PANCREAS,,,Pancreas,Pancreatic Adenocarcinoma,False,False,False,False,False,False,0,False,True,
PACADD-165,PACADD165,ACH-001380,,,PACADD165_PANCREAS,,,Pancreas,Pancreatic Adenocarcinoma,False,False,False,False,False,False,0,False,True,
PACADD-188,PACADD188,ACH-001382,,,PACADD188_PANCREAS,,,Pancreas,Pancreatic Adenocarcinoma,False,False,False,False,False,False,0,False,True,
PWR-1E,PWR1E,ACH-001383,1330993.0,SIDM01114,PWR1E_PROSTATE,,,Prostate,Non-Cancerous,True,True,False,False,False,False,0,True,False,
RO82-W-1,RO82W1,ACH-001384,930083.0,SIDM00218,RO82W1_THYROID,,,Thyroid,Well-Differentiated Thyroid Cancer,True,True,False,False,False,False,0,True,True,
RPMI 2650,RPMI2650,ACH-001385,909700.0,SIDM00809,RPMI2650_UPPER_AERODIGESTIVE_TRACT,,,Head and Neck,"Head and Neck Carcinoma, Other",False,False,False,False,False,False,0,True,True,
SCLC-22H,SCLC22H,ACH-001386,,SIDM00028,SCLC22H_LUNG,,,Lung,Lung Neuroendocrine Tumor,False,False,False,False,False,False,0,False,True,
SUM-102PT,SUM102PT,ACH-001388,,,SUM102PT_BREAST,,,Breast,Invasive Breast Carcinoma,False,False,False,False,False,False,0,False,True,
SUM-1315MO2,SUM1315MO2,ACH-001389,,,SUM1315MO2_BREAST,,,Breast,Invasive Breast Carcinoma,False,False,False,False,False,False,0,False,True,
SUM-149PT,SUM149PT,ACH-001390,,,SUM149PT_BREAST,,,Breast,Invasive Breast Carcinoma,False,False,False,False,False,False,0,False,True,
SUM-159PT,SUM159PT,ACH-001391,,,SUM159PT_BREAST,,,Breast,Invasive Breast Carcinoma,False,False,False,False,False,False,0,False,True,
SUM-185PE,SUM185PE,ACH-001392,,,SUM185PE_BREAST,,,Breast,Invasive Breast Carcinoma,False,False,False,False,False,False,0,False,True,
SUM-190PT,SUM190PT,ACH-001393,,,SUM190PT_BREAST,,,Breast,Invasive Breast Carcinoma,False,False,False,False,False,False,0,False,True,
SUM-229PE,SUM229PE,ACH-001394,,,SUM229PE_BREAST,,,Breast,Invasive Breast Carcinoma,False,False,False,False,False,False,0,False,True,
SUM-44PE,SUM44PE,ACH-001395,,,SUM44PE_BREAST,,,Breast,Invasive Breast Carcinoma,False,False,False,False,False,False,0,False,True,
SUM-52PE,SUM52PE,ACH-001396,,,SUM52PE_BREAST,,,Breast,Invasive Breast Carcinoma,False,False,False,False,False,False,0,False,True,
SUM225CWN,SUM225CWN,ACH-001397,,,SUM225CWN_BREAST,,,Breast,Invasive Breast Carcinoma,False,False,False,False,False,False,0,False,False,
SW 156,SW156,ACH-001398,1240220.0,SIDM01162,SW156_KIDNEY,,,Kidney,Renal Cell Carcinoma,True,True,False,False,False,False,0,True,True,
SW 626,SW626,ACH-001399,909753.0,SIDM01168,SW626_LARGE_INTESTINE,,,Bowel,Colorectal Adenocarcinoma,True,True,False,False,False,False,0,True,True,
SW 954,SW954,ACH-001400,924247.0,SIDM01157,SW954_CERVIX,,,Vulva/Vagina,Squamous Cell Carcinoma of the Vulva/Vagina,True,True,False,False,False,False,0,True,True,
SW-13,SW13,ACH-001401,909744.0,SIDM00814,SW13_ADRENAL_CORTEX,,,Adrenal Gland,Adrenocortical Carcinoma,True,True,False,False,False,False,0,True,True,
SW756,SW756,ACH-001402,724839.0,SIDM01174,SW756_CERVIX,,,Cervix,Cervical Squamous Cell Carcinoma,True,True,False,False,False,False,0,True,True,
TO14,TO14,ACH-001403,,,TO14_OVARY,,,Ovary/Fallopian Tube,Ovarian Epithelial Tumor,False,False,False,False,False,False,0,False,True,
UM-UC-13,UMUC13,ACH-001407,,,UMUC13_URINARY_TRACT,,,Bladder/Urinary Tract,Bladder Urothelial Carcinoma,False,False,False,False,False,False,0,False,True,
UM-UC-14,UMUC14,ACH-001408,,,UMUC14_URINARY_TRACT,,,Bladder/Urinary Tract,Urethral Cancer,False,False,False,False,False,False,0,False,True,
UM-UC-16,UMUC16,ACH-001409,,,UMUC16_URINARY_TRACT,,,Bladder/Urinary Tract,Bladder Urothelial Carcinoma,False,False,False,False,False,False,0,False,True,
UM-UC-4,UMUC4,ACH-001410,,,UMUC4_URINARY_TRACT,,,Bladder/Urinary Tract,Bladder Urothelial Carcinoma,False,False,False,False,False,False,0,False,True,
UM-UC-5,UMUC5,ACH-001411,,,UMUC5_URINARY_TRACT,,,Bladder/Urinary Tract,Bladder Squamous Cell Carcinoma,False,False,False,False,False,False,0,False,True,
UM-UC-10,UMUC10,ACH-001412,,,UMUC10_URINARY_TRACT,,,Bladder/Urinary Tract,Bladder Urothelial Carcinoma,False,False,False,False,False,False,0,False,True,
UM-UC-11,UMUC11,ACH-001413,,,UMUC11_URINARY_TRACT,,,Bladder/Urinary Tract,Bladder Urothelial Carcinoma,False,False,False,False,False,False,0,False,True,
UM-UC-6,UMUC6,ACH-001414,,,UMUC6_URINARY_TRACT,,,Bladder/Urinary Tract,Bladder Urothelial Carcinoma,False,False,False,False,False,False,0,False,True,
UM-UC7,UMUC7,ACH-001415,,,UMUC7_URINARY_TRACT,,,Bladder/Urinary Tract,Bladder Urothelial Carcinoma,False,False,False,False,False,False,0,False,True,
UM-UC9,UMUC9,ACH-001416,,,UMUC9_URINARY_TRACT,,,Bladder/Urinary Tract,Bladder Urothelial Carcinoma,False,False,False,False,False,False,0,False,True,
UMC-11,UMC11,ACH-001417,909779.0,SIDM01183,UMC11_LUNG,,,Lung,Lung Neuroendocrine Tumor,True,True,False,False,False,False,0,True,False,
UWB1.289,UWB1289,ACH-001418,1480374.0,SIDM00815,UWB1289_OVARY,,,Ovary/Fallopian Tube,Ovarian Epithelial Tumor,True,True,False,False,False,False,0,True,True,
VP229,VP229,ACH-001419,,,VP229_BREAST,,,Breast,Invasive Breast Carcinoma,False,False,False,False,False,False,0,False,True,
WERI-Rb-1,WERIRB1,ACH-001421,,,WERIRB1_AUTONOMIC_GANGLIA,,,Eye,Retinoblastoma,False,False,False,False,False,False,0,False,True,
WPE1-NA22,WPE1NA22,ACH-001422,,,WPE1NA22_PROSTATE,,,Prostate,Non-Cancerous,False,False,False,False,False,False,0,False,True,
CCLF_PEDS_0002_T,CCLFPEDS0002T,ACH-001423,,,CCLFPEDS0002T_KIDNEY,,,Kidney,Wilms' Tumor,False,False,False,False,False,False,0,False,True,
CCLF_PEDS_0004_T,CCLFPEDS0004T,ACH-001425,,,CCLFPEDS0004T_SOFT_TISSUE,,ACH-002943,Soft Tissue,Undifferentiated Pleomorphic Sarcoma/Malignant Fibrous Histiocytoma/High-Grade Spindle Cell Sarcoma,False,False,False,False,False,False,0,False,False,
CCLF_PEDS_0007_T,CCLFPEDS0007T,ACH-001427,,,CCLFPEDS0007T_BONE,,,Bone,Ewing Sarcoma,False,False,False,False,False,False,0,False,True,
CCLF_PEDS_0010_T,CCLFPEDS0010T,ACH-001428,,,CCLFPEDS0010T_BONE,,,Bone,Ewing Sarcoma,False,False,False,False,False,False,0,False,True,
TC-138,TC138,ACH-001430,,,TC138_BONE,,,Bone,Ewing Sarcoma,False,False,False,False,False,False,0,False,True,
TC-205,TC205,ACH-001431,,,TC205_BONE,,,Bone,Ewing Sarcoma,False,False,False,False,True,True,192,False,True,
CCLF_PEDS_0008_T,CCLFPEDS0008T,ACH-001433,,,CCLFPEDS0008T_SOFT_TISSUE,,,Soft Tissue,Epithelioid Sarcoma,False,False,False,False,False,False,0,False,True,
1156QE/8,1156QE8,ACH-001435,,,1156QE8_TESTIS,,,Testis,Non-Seminomatous Germ Cell Tumor,False,False,False,False,False,False,0,False,True,
1411H,1411H,ACH-001436,,,1411H_TESTIS,,,Testis,Non-Seminomatous Germ Cell Tumor,False,False,False,False,False,False,0,False,False,
1618-K,1618K,ACH-001437,,,1618K_TESTIS,,,Testis,Non-Seminomatous Germ Cell Tumor,False,False,False,False,False,False,0,False,True,
1777N Rpmet,1777NRPMET,ACH-001438,,,1777NRPMET_TESTIS,,,Testis,Non-Seminomatous Germ Cell Tumor,False,False,False,False,False,False,0,False,True,
833KE,833KE,ACH-001440,,,833KE_TESTIS,,,Testis,Non-Seminomatous Germ Cell Tumor,False,False,False,False,False,False,0,False,True,
92-1,921,ACH-001441,,,921_UVEA,,,Eye,Ocular Melanoma,False,False,False,False,False,False,0,False,True,
A388,A388,ACH-001442,910697.0,SIDM00794,A388_SKIN,,,Skin,Cutaneous Squamous Cell Carcinoma,True,True,False,False,False,False,0,True,True,
ASH-3,ASH3,ACH-001443,1290722.0,SIDM00491,ASH3_THYROID,,,Thyroid,Anaplastic Thyroid Cancer,True,True,False,False,False,False,0,True,True,
BICR 3,BICR3,ACH-001445,,,BICR3_LUNG,,,Head and Neck,Head and Neck Squamous Cell Carcinoma,False,False,False,False,False,False,0,False,True,
BJAB,BJAB,ACH-001447,,,BJAB_HAEMATOPOIETIC_AND_LYMPHOID_TISSUE,,,Lymphoid,Mature B-Cell Neoplasms,False,False,False,False,False,False,0,False,True,
BL-2,BL2,ACH-001449,,,BL2_HAEMATOPOIETIC_AND_LYMPHOID_TISSUE,,,Lymphoid,Mature B-Cell Neoplasms,False,False,False,False,False,False,0,False,True,
BLUE-1,BLUE1,ACH-001450,,,BLUE1_HAEMATOPOIETIC_AND_LYMPHOID_TISSUE,,,Lymphoid,Mature B-Cell Neoplasms,False,False,False,False,False,False,0,False,True,
BOKU,BOKU,ACH-001451,,SIDM00073,BOKU_CERVIX,,,Cervix,Cervical Squamous Cell Carcinoma,False,False,False,False,False,False,0,False,True,
BONNA-12,BONNA12,ACH-001452,906695.0,SIDM00984,BONNA12_HAEMATOPOIETIC_AND_LYMPHOID_TISSUE,,,Lymphoid,Mature B-Cell Neoplasms,False,True,False,False,False,False,0,True,False,
BPH-1,BPH1,ACH-001453,924105.0,SIDM00964,BPH1_PROSTATE,,,Prostate,Non-Cancerous,True,True,False,False,False,False,0,True,True,
C10,C10,ACH-001454,,,C10_LARGE_INTESTINE,,,Bowel,Colorectal Adenocarcinoma,False,False,False,False,False,False,0,False,True,
C125PM,C125PM,ACH-001456,,,C125PM_LARGE_INTESTINE,,,Bowel,Colorectal Adenocarcinoma,False,False,False,False,False,False,0,False,True,
C75,C75,ACH-001458,,,C75_LARGE_INTESTINE,,,Bowel,Colorectal Adenocarcinoma,False,False,False,False,False,False,0,False,True,
C80,C80,ACH-001459,,,C80_LARGE_INTESTINE,,,Bowel,Colorectal Adenocarcinoma,False,False,False,False,False,False,0,False,True,
C84,C84,ACH-001460,,,C84_LARGE_INTESTINE,,,Bowel,Colorectal Adenocarcinoma,False,False,False,False,False,False,0,False,True,
C99,C99,ACH-001461,,,C99_LARGE_INTESTINE,,,Bowel,Colorectal Adenocarcinoma,False,False,False,False,False,False,0,False,True,
CHLA-136,CHLA136,ACH-001465,,,CHLA136_AUTONOMIC_GANGLIA,,,Peripheral Nervous System,Neuroblastoma,False,False,False,False,False,False,0,False,True,
CHLA-90,CHLA90,ACH-001481,,,CHLA90_AUTONOMIC_GANGLIA,,,Peripheral Nervous System,Neuroblastoma,False,False,False,False,False,False,0,False,True,
CI,CI,ACH-001484,,,CI_HAEMATOPOIETIC_AND_LYMPHOID_TISSUE,,,Lymphoid,Mature B-Cell Neoplasms,False,False,False,False,False,False,0,False,True,
CII,CII,ACH-001485,,,CII_HAEMATOPOIETIC_AND_LYMPHOID_TISSUE,,,Lymphoid,Non-Cancerous,False,False,False,False,False,False,0,False,True,
COR-L32,CORL32,ACH-001489,1322212.0,SIDM00508,CORL32_LUNG,,,Lung,Non-Small Cell Lung Cancer,True,True,False,False,False,False,0,True,True,
COR-L321,CORL321,ACH-001490,1322213.0,SIDM00507,CORL321_LUNG,,,Lung,Non-Small Cell Lung Cancer,True,True,False,False,False,False,0,True,False,
DOGKIT,DOGKIT,ACH-001492,,,DOGKIT_HAEMATOPOIETIC_AND_LYMPHOID_TISSUE,,,Lymphoid,Mature B-Cell Neoplasms,False,False,False,False,False,False,0,False,True,
DOGUM,DOGUM,ACH-001493,,,DOGUM_HAEMATOPOIETIC_AND_LYMPHOID_TISSUE,,,Lymphoid,Mature B-Cell Neoplasms,False,False,False,False,False,False,0,False,True,
EGI-1,EGI1,ACH-001494,906853.0,SIDM01050,EGI1_BILIARY_TRACT,,,Biliary Tract,Intraductal Papillary Neoplasm of the Bile Duct,False,False,False,False,False,False,0,True,True,
EMTOKA,EMTOKA,ACH-001495,,,EMTOKA_ENDOMETRIUM,,,Uterus,Endometrial Carcinoma,False,False,False,False,False,False,0,False,True,
ESO26,ESO26,ACH-001496,1503366.0,SIDM00539,ESO26_OESOPHAGUS,,,Esophagus/Stomach,Esophagogastric Adenocarcinoma,True,True,False,False,False,False,0,True,True,
ESO51,ESO51,ACH-001497,1503367.0,SIDM00538,ESO51_OESOPHAGUS,,,Esophagus/Stomach,Esophagogastric Adenocarcinoma,True,True,False,False,False,False,0,True,True,
Farage,FARAGE,ACH-001498,1297449.0,SIDM00859,FARAGE_HAEMATOPOIETIC_AND_LYMPHOID_TISSUE,,,Lymphoid,Mature B-Cell Neoplasms,True,True,False,False,False,False,0,True,True,
FLO-1,FLO1,ACH-001500,1503361.0,SIDM01041,FLO1_OESOPHAGUS,,ACH-001069,Esophagus/Stomach,Esophagogastric Adenocarcinoma,True,True,False,False,False,False,0,True,True,
FTC-236,FTC236,ACH-001501,,SIDM00229,FTC236_THYROID,,,Thyroid,Well-Differentiated Thyroid Cancer,False,False,False,False,False,False,0,False,False,
GCT-27,GCT27,ACH-001502,,,GCT27_TESTIS,,,Testis,Non-Seminomatous Germ Cell Tumor,False,False,False,False,False,False,0,False,True,
GUMBUS,GUMBUS,ACH-001503,,,GUMBUS_HAEMATOPOIETIC_AND_LYMPHOID_TISSUE,,,Lymphoid,Mature B-Cell Neoplasms,False,False,False,False,False,False,0,False,True,
H314,H314,ACH-001508,,,H314_UPPER_AERODIGESTIVE_TRACT,,,Head and Neck,Head and Neck Squamous Cell Carcinoma,False,False,False,False,False,False,0,False,True,
H357,H357,ACH-001509,,,H357_UPPER_AERODIGESTIVE_TRACT,,,Head and Neck,Head and Neck Squamous Cell Carcinoma,False,False,False,False,False,False,0,False,True,
H376,H376,ACH-001510,,,H376_UPPER_AERODIGESTIVE_TRACT,,,Head and Neck,Head and Neck Squamous Cell Carcinoma,False,False,False,False,False,False,0,False,True,
H413,H413,ACH-001511,,,H413_UPPER_AERODIGESTIVE_TRACT,,,Head and Neck,Head and Neck Squamous Cell Carcinoma,False,False,False,False,False,False,0,False,True,
HCA-1,HCA1,ACH-001513,,,HCA1_CERVIX,,,Cervix,Cervical Adenocarcinoma,False,False,False,False,False,False,0,False,True,
HCC1008,HCC1008,ACH-001514,,,HCC1008_BREAST,,,Breast,Invasive Breast Carcinoma,False,False,False,False,False,False,0,False,False,
HCS-2,HCS2,ACH-001515,,,HCS2_CERVIX,,,Cervix,Cervical Squamous Cell Carcinoma,False,False,False,False,False,False,0,False,True,
HCSC-1,HCSC1,ACH-001516,,,HCSC1_CERVIX,,,Cervix,Cervical Adenocarcinoma,False,False,False,False,False,False,0,False,True,
HEC-1,HEC1,ACH-001517,907051.0,SIDM00596,HEC1_ENDOMETRIUM,,,Uterus,Endometrial Carcinoma,True,True,False,False,False,False,0,True,True,
HEC-116,HEC116,ACH-001518,,,HEC116_ENDOMETRIUM,,,Uterus,Endometrial Carcinoma,False,False,False,False,False,False,0,False,True,
H-EMC-SS,HEMCSS,ACH-001519,907290.0,SIDM00535,HEMCSS_BONE,,,Bone,Chondrosarcoma,True,True,False,False,False,False,0,True,True,
HG-3,HG3,ACH-001520,,,HG3_HAEMATOPOIETIC_AND_LYMPHOID_TISSUE,,,Lymphoid,Non-Cancerous,False,False,False,False,False,False,0,False,True,
HKA-1,HKA1,ACH-001521,,,HKA1_SKIN,,,Skin,Cutaneous Squamous Cell Carcinoma,False,False,False,False,False,False,0,False,True,
HMY-1,HMY1,ACH-001522,,,HMY1_SKIN,,,Skin,Melanoma,False,False,False,False,False,False,0,False,True,
HSC-1,HSC1,ACH-001523,,,HSC1_SKIN,,,Skin,Cutaneous Squamous Cell Carcinoma,False,False,False,False,False,False,0,False,True,
HSC-5,HSC5,ACH-001524,,,HSC5_SKIN,,,Skin,Cutaneous Squamous Cell Carcinoma,False,False,False,False,False,False,0,False,True,
HT-3,HT3,ACH-001525,907068.0,SIDM00679,HT3_CERVIX,,,Cervix,Cervical Adenocarcinoma,True,True,False,False,False,False,0,True,True,
HuO9,HUO9,ACH-001526,907072.0,SIDM00599,HUO9_BONE,,,Bone,Osteosarcoma,True,True,False,False,False,False,0,True,True,
IHH-4,IHH4,ACH-001528,1240154.0,SIDM00600,IHH4_THYROID,,,Thyroid,Well-Differentiated Thyroid Cancer,True,True,False,False,False,False,0,True,True,
JAR,JAR,ACH-001529,907175.0,SIDM01039,JAR_PLACENTA,,,Uterus,Gestational Trophoblastic Disease,True,True,False,False,False,False,0,True,True,
JEG-3,JEG3,ACH-001530,907176.0,SIDM01218,JEG3_PLACENTA,,,Uterus,Gestational Trophoblastic Disease,True,True,False,False,False,False,0,True,True,
JMU-RTK-2,JMURTK2,ACH-001532,,,JMURTK2_SOFT_TISSUE,,,Kidney,Rhabdoid Cancer,False,False,False,False,False,False,0,False,True,
KARPAS 1718,KARPAS1718,ACH-001533,,,KARPAS1718_HAEMATOPOIETIC_AND_LYMPHOID_TISSUE,,,Lymphoid,Mature B-Cell Neoplasms,False,False,False,False,False,False,0,False,True,
KKU-100,KKU100,ACH-001536,,,KKU100_BILIARY_TRACT,,,Biliary Tract,Intraductal Papillary Neoplasm of the Bile Duct,False,False,False,False,False,False,0,False,True,
KKU-055,KKU055,ACH-001537,,,KKU055_BILIARY_TRACT,,,Biliary Tract,Intraductal Papillary Neoplasm of the Bile Duct,False,False,False,False,False,False,0,False,True,
KKU-213,KKU213,ACH-001538,,,KKU213_BILIARY_TRACT,,,Biliary Tract,Intraductal Papillary Neoplasm of the Bile Duct,False,False,False,False,False,False,0,False,True,
KML-1,KML1,ACH-001539,,,KML1_HAEMATOPOIETIC_AND_LYMPHOID_TISSUE,,,Lymphoid,Mature B-Cell Neoplasms,False,False,False,False,False,False,0,False,True,
KMLS-1,KMLS1,ACH-001540,,,KMLS1_SOFT_TISSUE,,,Soft Tissue,Liposarcoma,False,False,False,False,False,False,0,False,True,
KMS-28PE,KMS28PE,ACH-001541,,,KMS28PE_HAEMATOPOIETIC_AND_LYMPHOID_TISSUE,,,Lymphoid,Mature B-Cell Neoplasms,False,False,False,False,False,False,0,False,True,
KON,KON,ACH-001542,1298215.0,SIDM00604,KON_UPPER_AERODIGESTIVE_TRACT,,,Head and Neck,Head and Neck Squamous Cell Carcinoma,True,True,False,False,False,False,0,True,True,
KOSC-2,KOSC2,ACH-001543,753570.0,SIDM00603,KOSC2CL343_UPPER_AERODIGESTIVE_TRACT,,ACH-002260,Head and Neck,Head and Neck Squamous Cell Carcinoma,True,True,False,False,False,False,0,True,True,
KYAE-1,KYAE1,ACH-001544,1503368.0,SIDM00530,KYAE1_OESOPHAGUS,,,Esophagus/Stomach,Esophagogastric Adenocarcinoma,True,True,False,False,False,False,0,True,False,
LO68,LO68,ACH-001547,,,LO68_LUNG,,,Pleura,Pleural Mesothelioma,False,False,False,False,False,False,0,False,True,
LS,LS,ACH-001548,,,LS_AUTONOMIC_GANGLIA,,,Peripheral Nervous System,Neuroblastoma,False,False,False,False,False,False,0,False,True,
Lu-135,LU135,ACH-001549,713899.0,SIDM00294,LU135_LUNG,,,Lung,Lung Neuroendocrine Tumor,True,True,False,False,False,False,0,True,True,
MCC13,MCC13,ACH-001550,,SIDM00007,MCC13_SKIN,,,Skin,Merkel Cell Carcinoma,False,False,False,False,False,False,0,False,True,
MCC14/2,MCC142,ACH-001551,,,MCC142_SKIN,,,Skin,Merkel Cell Carcinoma,False,False,False,False,False,False,0,False,True,
MCC26,MCC26,ACH-001552,,SIDM00006,MCC26_SKIN,,,Skin,Merkel Cell Carcinoma,False,False,False,False,False,False,0,False,True,
mel-202,MEL202,ACH-001554,,,MEL202_UVEA,,,Eye,Ocular Melanoma,False,False,False,False,False,False,0,False,True,
Mero-14,MERO14,ACH-001555,,,MERO14_PLEURA,,,Pleura,Pleural Mesothelioma,False,False,False,False,False,False,0,False,True,
Mero-25,MERO25,ACH-001556,,,MERO25_PLEURA,,,Pleura,Pleural Mesothelioma,False,False,False,False,False,False,0,False,True,
Mero-41,MERO41,ACH-001557,,,MERO41_PLEURA,,,Pleura,Pleural Mesothelioma,False,False,False,False,False,False,0,False,True,
Mero-48a,MERO48A,ACH-001558,,,MERO48A_PLEURA,,,Pleura,Pleural Mesothelioma,False,False,False,False,False,False,0,False,True,
Mero-82,MERO82,ACH-001559,,,MERO82_PLEURA,,,Pleura,Pleural Mesothelioma,False,False,False,False,False,False,0,False,True,
Mero-83,MERO83,ACH-001560,,,MERO83_PLEURA,,,Pleura,Pleural Mesothelioma,False,False,False,False,False,False,0,False,True,
Mero-84,MERO84,ACH-001561,,,MERO84_PLEURA,,,Pleura,Pleural Mesothelioma,False,False,False,False,False,False,0,False,True,
Mero-95,MERO95,ACH-001562,,,MERO95_PLEURA,,,Pleura,Pleural Mesothelioma,False,False,False,False,False,False,0,False,True,
MM127,MM127,ACH-001563,,,MM127_SKIN,,,Skin,Melanoma,False,False,False,False,False,False,0,False,True,
MM370,MM370,ACH-001566,,,MM370_SKIN,,,Skin,Melanoma,False,False,False,False,False,False,0,False,True,
MM383,MM383,ACH-001567,,,MM383_SKIN,,,Skin,Melanoma,False,False,False,False,False,False,0,False,True,
MM386,MM386,ACH-001568,,,MM386_SKIN,,,Skin,Melanoma,False,False,False,False,False,False,0,False,True,
MM415,MM415,ACH-001569,,,MM415_SKIN,,,Skin,Melanoma,False,False,False,False,False,False,0,False,True,
MM426,MM426,ACH-001570,,,MM426_SKIN,,,Skin,Melanoma,False,False,False,False,False,False,0,False,True,
Mo,MO,ACH-001571,,,MO_HAEMATOPOIETIC_AND_LYMPHOID_TISSUE,,,Lymphoid,Mature B-Cell Neoplasms,False,False,False,False,False,False,0,False,True,
MOLM-1,MOLM1,ACH-001573,,,MOLM1_HAEMATOPOIETIC_AND_LYMPHOID_TISSUE,,,Myeloid,Myeloproliferative Neoplasms,False,False,False,False,False,False,0,False,True,
MOLM-14,MOLM14,ACH-001574,,SIDM00436,MOLM14_HAEMATOPOIETIC_AND_LYMPHOID_TISSUE,,,Myeloid,Acute Myeloid Leukemia,False,False,False,False,False,False,0,False,True,
MUTZ-8,MUTZ8,ACH-001577,,,MUTZ8_HAEMATOPOIETIC_AND_LYMPHOID_TISSUE,,,Myeloid,Acute Myeloid Leukemia,False,False,False,False,False,False,0,False,True,
NCCIT,NCCIT,ACH-001578,908441.0,SIDM00655,NCCIT_TESTIS,,,Testis,Non-Seminomatous Germ Cell Tumor,True,True,False,False,False,False,0,True,True,
NCI-H1417,NCIH1417,ACH-001591,688001.0,SIDM00642,NCIH1417_LUNG,,,Lung,Lung Neuroendocrine Tumor,False,False,False,False,False,False,0,True,True,
NCI-H295R,NCIH295R,ACH-001598,,,NCIH295R_AUTONOMIC_GANGLIA,,,Adrenal Gland,Adrenocortical Carcinoma,False,False,False,False,False,False,0,False,True,
NCI-H64,NCIH64,ACH-001599,688026.0,SIDM01126,NCIH64_LUNG,,,Lung,Lung Neuroendocrine Tumor,True,True,False,False,False,False,0,True,False,
NH-12,NH12,ACH-001603,908447.0,SIDM00577,NH12_AUTONOMIC_GANGLIA,,,Peripheral Nervous System,Neuroblastoma,True,True,False,False,False,False,0,True,True,
no.10,NO10,ACH-001605,908452.0,SIDM00574,NO10_CENTRAL_NERVOUS_SYSTEM,,ACH-001620,CNS/Brain,Adult-Type Diffuse Glioma,True,True,False,False,False,False,0,True,True,
no.11,NO11,ACH-001606,908450.0,SIDM00573,NO11_CENTRAL_NERVOUS_SYSTEM,,,CNS/Brain,Adult-Type Diffuse Glioma,True,True,False,False,False,False,0,True,True,
NOZ,NOZ,ACH-001607,,,NOZ_LIVER,,,Biliary Tract,Intracholecystic Papillary Neoplasm,False,False,False,False,False,False,0,False,True,
NP 2,NP2,ACH-001608,,,NP2_CENTRAL_NERVOUS_SYSTEM,,,CNS/Brain,Adult-Type Diffuse Glioma,False,False,False,False,False,False,0,False,True,
NP 3,NP3,ACH-001609,,,NP3_CENTRAL_NERVOUS_SYSTEM,,,CNS/Brain,Adult-Type Diffuse Glioma,False,False,False,False,False,False,0,False,True,
NP 5,NP5,ACH-001610,,,NP5_CENTRAL_NERVOUS_SYSTEM,,,CNS/Brain,Adult-Type Diffuse Glioma,False,False,False,False,False,False,0,False,True,
NP 8,NP8,ACH-001611,,,NP8_CENTRAL_NERVOUS_SYSTEM,,,CNS/Brain,Adult-Type Diffuse Glioma,False,False,False,False,False,False,0,False,True,
OCI-AML4,OCIAML4,ACH-001613,,,OCIAML4_HAEMATOPOIETIC_AND_LYMPHOID_TISSUE,,,Myeloid,Acute Myeloid Leukemia,False,False,False,False,False,False,0,False,True,
OCI-LY18,OCILY18,ACH-001616,,,OCILY18_HAEMATOPOIETIC_AND_LYMPHOID_TISSUE,,,Lymphoid,Mature B-Cell Neoplasms,False,False,False,False,False,False,0,False,True,
OCI-LY7,OCILY7,ACH-001617,1659819.0,SIDM00459,OCILY7_HAEMATOPOIETIC_AND_LYMPHOID_TISSUE,,,Lymphoid,Mature B-Cell Neoplasms,True,True,False,False,False,False,0,True,True,
OCI-M2,OCIM2,ACH-001618,,,OCIM2_HAEMATOPOIETIC_AND_LYMPHOID_TISSUE,,,Myeloid,Acute Myeloid Leukemia,False,False,False,False,False,False,0,False,True,
OCUG-1,OCUG1,ACH-001619,,,OCUG1_BILIARY_TRACT,,,Biliary Tract,Intracholecystic Papillary Neoplasm,False,False,False,False,False,False,0,False,True,
Onda 7,ONDA7,ACH-001622,,,ONDA7_CENTRAL_NERVOUS_SYSTEM,,,CNS/Brain,Adult-Type Diffuse Glioma,False,False,False,False,False,False,0,False,True,
Onda 8,ONDA8,ACH-001623,,,ONDA8_CENTRAL_NERVOUS_SYSTEM,,,CNS/Brain,Adult-Type Diffuse Glioma,False,False,False,False,False,False,0,False,True,
Onda 9,ONDA9,ACH-001624,,,ONDA9_CENTRAL_NERVOUS_SYSTEM,,,CNS/Brain,Adult-Type Diffuse Glioma,False,False,False,False,False,False,0,False,True,
OSC-19,OSC19,ACH-001625,1298362.0,SIDM00566,OSC19_UPPER_AERODIGESTIVE_TRACT,,,Head and Neck,Head and Neck Squamous Cell Carcinoma,True,True,False,False,False,False,0,True,True,
OSC-20,OSC20,ACH-001626,1240196.0,SIDM00565,OSC20_UPPER_AERODIGESTIVE_TRACT,,,Head and Neck,Head and Neck Squamous Cell Carcinoma,True,True,False,False,False,False,0,True,True,
P4E6,P4E6,ACH-001627,,,P4E6_PROSTATE,,,Prostate,Non-Cancerous,False,False,False,False,False,False,0,False,True,
PEA1,PEA1,ACH-001628,,,PEA1_OVARY,,,Ovary/Fallopian Tube,Ovarian Epithelial Tumor,False,False,False,False,False,False,0,False,True,
PEO1,PEO1,ACH-001630,1480372.0,SIDM00472,PEO1_OVARY,,,Ovary/Fallopian Tube,Ovarian Epithelial Tumor,True,True,False,False,False,False,0,True,True,
PEO4,PEO4,ACH-001632,,SIDM00471,PEO4_OVARY,,,Ovary/Fallopian Tube,Ovarian Epithelial Tumor,False,False,False,False,False,False,0,False,True,
PEO6,PEO6,ACH-001633,,SIDM00470,PEO6_OVARY,,,Ovary/Fallopian Tube,Ovarian Epithelial Tumor,False,False,False,False,False,False,0,False,False,
PGA-1,PGA1,ACH-001634,,,PGA1_HAEMATOPOIETIC_AND_LYMPHOID_TISSUE,,,Lymphoid,Mature B-Cell Neoplasms,False,False,False,False,False,False,0,False,True,
Ramos,RAMOS,ACH-001636,,SIDM01094,RAMOS_HAEMATOPOIETIC_AND_LYMPHOID_TISSUE,,,Lymphoid,Non-Hodgkin Lymphoma,False,False,False,False,False,False,0,False,True,
RC-K8,RCK8,ACH-001638,1330995.0,SIDM00448,RCK8_HAEMATOPOIETIC_AND_LYMPHOID_TISSUE,,,Lymphoid,Mature B-Cell Neoplasms,True,True,False,False,False,False,0,True,True,
ROS-50,ROS50,ACH-001639,1331025.0,SIDM00415,ROS50_HAEMATOPOIETIC_AND_LYMPHOID_TISSUE,,,Lymphoid,Mature B-Cell Neoplasms,True,True,False,False,False,False,0,True,False,
SAT,SAT,ACH-001641,1299050.0,SIDM00350,SAT_UPPER_AERODIGESTIVE_TRACT,,,Head and Neck,Head and Neck Squamous Cell Carcinoma,True,True,False,False,False,False,0,True,True,
SCC-3,SCC3,ACH-001642,910930.0,SIDM00384,SCC3_HAEMATOPOIETIC_AND_LYMPHOID_TISSUE,,,Lymphoid,Non-Hodgkin Lymphoma,True,True,False,False,False,False,0,True,True,
SCCH-196,SCCH196,ACH-001643,,SIDM00031,SCCH196_SOFT_TISSUE,,,Bone,Ewing Sarcoma,False,False,False,False,False,False,0,False,False,
SEKI,SEKI,ACH-001645,,,SEKI_SKIN,,,Skin,Melanoma,False,False,False,False,False,False,0,False,True,
SHI-1,SHI1,ACH-001647,,,SHI1_HAEMATOPOIETIC_AND_LYMPHOID_TISSUE,,,Myeloid,Acute Myeloid Leukemia,False,False,False,False,False,False,0,False,True,
Shmac 4,SHMAC4,ACH-001648,,,SHMAC4_PROSTATE,,,Prostate,Non-Cancerous,False,False,False,False,False,False,0,False,True,
Shmac 5,SHMAC5,ACH-001649,,,SHMAC5_PROSTATE,,,Prostate,Non-Cancerous,False,False,False,False,False,False,0,False,True,
SISO,SISO,ACH-001650,1240212.0,SIDM00394,SISO_CERVIX,,,Cervix,Cervical Adenocarcinoma,True,True,False,False,False,False,0,True,True,
SKG-I,SKGI,ACH-001651,,,SKGI_ENDOMETRIUM,,,Cervix,Cervical Squamous Cell Carcinoma,False,False,False,False,False,False,0,False,True,
SKG-II,SKGII,ACH-001652,,,SKGII_ENDOMETRIUM,,,Cervix,Cervical Squamous Cell Carcinoma,False,False,False,False,False,False,0,False,True,
SK-GT-2,SKGT2,ACH-001653,1503364.0,SIDM00393,SKGT2_STOMACH,,,Esophagus/Stomach,Esophagogastric Adenocarcinoma,True,True,False,False,False,False,0,True,True,
SK-GT-4,SKGT4,ACH-001654,1503365.0,SIDM00483,SKGT4_OESOPHAGUS,,,Esophagus/Stomach,Esophagogastric Adenocarcinoma,True,True,False,False,False,False,0,True,True,
SKN,SKN,ACH-001655,1240215.0,SIDM00377,SKN_ENDOMETRIUM,,,Uterus,Uterine Sarcoma/Mesenchymal,True,True,False,False,False,False,0,True,True,
SKNO-1,SKNO1,ACH-001656,,,SKNO1_HAEMATOPOIETIC_AND_LYMPHOID_TISSUE,,,Myeloid,Acute Myeloid Leukemia,False,False,False,False,True,True,191,False,True,
SNU-2372,SNU2372,ACH-001662,,,SNU2372_BREAST,,,Breast,Invasive Breast Carcinoma,False,False,False,False,False,False,0,False,True,
SNU-638,SNU638,ACH-001664,,,SNU638_STOMACH,,,Esophagus/Stomach,Esophagogastric Adenocarcinoma,False,False,False,False,False,False,0,False,True,
STC 1,STC1,ACH-001666,,,STC1_LUNG,,,Lung,Lung Neuroendocrine Tumor,False,False,False,False,False,False,0,False,False,
SU-CCS-1,SUCCS1,ACH-001667,,,SUCCS1_SOFT_TISSUE,,,Soft Tissue,Clear Cell Sarcoma,False,False,False,False,False,False,0,False,True,
SUSA,SUSA,ACH-001668,,,SUSA_TESTIS,,,Testis,Non-Seminomatous Germ Cell Tumor,False,False,False,False,False,False,0,False,True,
TANOUE,TANOUE,ACH-001669,,SIDM00288,TANOUE_HAEMATOPOIETIC_AND_LYMPHOID_TISSUE,,,Lymphoid,B-Cell Acute Lymphoblastic Leukemia,False,False,False,False,False,False,0,False,True,
TASK1,TASK1,ACH-001670,,SIDM00026,TASK1_CENTRAL_NERVOUS_SYSTEM,,,CNS/Brain,Embryonal Tumor,False,False,False,False,False,False,0,False,True,
Tera-1,TERA1,ACH-001671,,,TERA1_TESTIS,,,Testis,Non-Seminomatous Germ Cell Tumor,False,False,False,False,False,False,0,False,True,
Tera-2,TERA2,ACH-001672,,SIDM01142,TERA2_TESTIS,,,Testis,Non-Seminomatous Germ Cell Tumor,False,False,False,False,False,False,0,False,True,
TFK-1,TFK1,ACH-001673,,,TFK1_BILIARY_TRACT,,,Biliary Tract,Intraductal Papillary Neoplasm of the Bile Duct,False,False,False,False,False,False,0,False,True,
TGW,TGW,ACH-001674,910780.0,SIDM00324,TGW_AUTONOMIC_GANGLIA,,,Peripheral Nervous System,Neuroblastoma,True,True,False,False,False,False,0,True,True,
TR146,TR146,ACH-001675,,,TR146_UPPER_AERODIGESTIVE_TRACT,,,Head and Neck,Head and Neck Squamous Cell Carcinoma,False,False,False,False,False,False,0,False,True,
Ty-82,TY82,ACH-001676,,,TY82_UPPER_AERODIGESTIVE_TRACT,,,Head and Neck,"Head and Neck Carcinoma, Other",False,False,False,False,False,False,0,False,True,
U-2904,U2904,ACH-001677,,,U2904_HAEMATOPOIETIC_AND_LYMPHOID_TISSUE,,,Lymphoid,Mature B-Cell Neoplasms,False,False,False,False,False,False,0,False,True,
U-2940,U2940,ACH-001678,,,U2940_HAEMATOPOIETIC_AND_LYMPHOID_TISSUE,,,Lymphoid,Mature B-Cell Neoplasms,False,False,False,False,False,False,0,False,True,
U-2973,U2973,ACH-001679,,,U2973_HAEMATOPOIETIC_AND_LYMPHOID_TISSUE,,,Lymphoid,Mature B-Cell Neoplasms,False,False,False,False,False,False,0,False,True,
U-698-M,U698M,ACH-001680,909777.0,SIDM00424,U698M_HAEMATOPOIETIC_AND_LYMPHOID_TISSUE,,,Lymphoid,Non-Hodgkin Lymphoma,True,True,False,False,False,False,0,True,True,
ACC-3133,UACC3133,ACH-001683,,,UACC3133_BREAST,,,Breast,Invasive Breast Carcinoma,False,False,False,False,False,False,0,False,True,
UCSD-AML1,UCSDAML1,ACH-001684,,,UCSDAML1_HAEMATOPOIETIC_AND_LYMPHOID_TISSUE,,,Myeloid,Acute Myeloid Leukemia,False,False,False,False,False,False,0,False,True,
U-HO1,UHO1,ACH-001685,,,UHO1_HAEMATOPOIETIC_AND_LYMPHOID_TISSUE,,,Lymphoid,Hodgkin Lymphoma,False,False,False,False,False,False,0,False,True,
ULA,ULA,ACH-001686,,,ULA_HAEMATOPOIETIC_AND_LYMPHOID_TISSUE,,,Lymphoid,Mature B-Cell Neoplasms,False,False,False,False,False,False,0,False,True,
UM-RC-3,UMRC3,ACH-001687,,,UMRC3_KIDNEY,,,Kidney,Renal Cell Carcinoma,False,False,False,False,False,False,0,False,True,
UM-RC-7,UMRC7,ACH-001688,,,UMRC7_KIDNEY,,,Kidney,Renal Cell Carcinoma,False,False,False,False,False,False,0,False,True,
UPCI-SCC-026,UPCISCC026,ACH-001690,,,UPCISCC026_UPPER_AERODIGESTIVE_TRACT,,,Head and Neck,Head and Neck Squamous Cell Carcinoma,False,False,False,False,False,False,0,False,True,
UPCI-SCC-029A,UPCISCC029A,ACH-001691,,,UPCISCC029A_UPPER_AERODIGESTIVE_TRACT,,,Head and Neck,Head and Neck Squamous Cell Carcinoma,False,False,False,False,False,False,0,False,True,
UPCI-SCC-040,UPCISCC040,ACH-001692,,,UPCISCC040_UPPER_AERODIGESTIVE_TRACT,,,Head and Neck,Head and Neck Squamous Cell Carcinoma,False,False,False,False,False,False,0,False,True,
UPCI-SCC-072,UPCISCC072,ACH-001693,,,UPCISCC072_UPPER_AERODIGESTIVE_TRACT,,,Head and Neck,Head and Neck Squamous Cell Carcinoma,False,False,False,False,False,False,0,False,True,
UPCI-SCC-074,UPCISCC074,ACH-001694,,,UPCISCC074_UPPER_AERODIGESTIVE_TRACT,,,Head and Neck,Head and Neck Squamous Cell Carcinoma,False,False,False,False,False,False,0,False,True,
UPCI-SCC-099,UPCISCC099,ACH-001695,,,UPCISCC099_UPPER_AERODIGESTIVE_TRACT,,,Head and Neck,Head and Neck Squamous Cell Carcinoma,False,False,False,False,False,False,0,False,True,
UPCI-SCC-111,UPCISCC111,ACH-001696,,,UPCISCC111_UPPER_AERODIGESTIVE_TRACT,,,Head and Neck,Head and Neck Squamous Cell Carcinoma,False,False,False,False,False,False,0,False,True,
UPCI-SCC-114,UPCISCC114,ACH-001697,,,UPCISCC114_UPPER_AERODIGESTIVE_TRACT,,,Head and Neck,Head and Neck Squamous Cell Carcinoma,False,False,False,False,False,False,0,False,True,
UPCI-SCC-116,UPCISCC116,ACH-001698,,,UPCISCC116_UPPER_AERODIGESTIVE_TRACT,,,Head and Neck,Head and Neck Squamous Cell Carcinoma,False,False,False,False,False,False,0,False,True,
UPCI-SCC-131,UPCISCC131,ACH-001699,,,UPCISCC131_UPPER_AERODIGESTIVE_TRACT,,,Head and Neck,Head and Neck Squamous Cell Carcinoma,False,False,False,False,False,False,0,False,True,
UPCI-SCC-172,UPCISCC172,ACH-001700,,,UPCISCC172_UPPER_AERODIGESTIVE_TRACT,,,Head and Neck,Head and Neck Squamous Cell Carcinoma,False,False,False,False,False,False,0,False,True,
UPCI-SCC-200,UPCISCC200,ACH-001701,,,UPCISCC200_UPPER_AERODIGESTIVE_TRACT,,,Head and Neck,Head and Neck Squamous Cell Carcinoma,False,False,False,False,False,False,0,False,True,
VA-ES-BJ,VAESBJ,ACH-001702,688121.0,SIDM01179,VAESBJ_SOFT_TISSUE,,,Soft Tissue,Epithelioid Sarcoma,True,True,False,False,False,False,0,True,True,
VAL,VAL,ACH-001703,1331048.0,SIDM00416,VAL_HAEMATOPOIETIC_AND_LYMPHOID_TISSUE,,,Lymphoid,Mature B-Cell Neoplasms,True,True,False,False,False,False,0,True,True,
VMRC-MELG,VMRCMELG,ACH-001704,930301.0,SIDM00319,VMRCMELG_SKIN,,,Skin,Melanoma,True,True,False,False,False,False,0,False,True,
VP267,VP267,ACH-001705,,,VP267_BREAST,,,Breast,Invasive Breast Carcinoma,False,False,False,False,False,False,0,False,True,
WA-OSEL,WAOSEL,ACH-001707,,,WAOSEL_HAEMATOPOIETIC_AND_LYMPHOID_TISSUE,,,Lymphoid,Mature B-Cell Neoplasms,False,False,False,False,False,False,0,False,True,
WSU-FSCCL,WSUFSCCL,ACH-001708,,,WSUFSCCL_HAEMATOPOIETIC_AND_LYMPHOID_TISSUE,,,Lymphoid,Mature B-Cell Neoplasms,False,False,False,False,False,False,0,False,True,
WSU-NHL,WSUNHL,ACH-001709,909785.0,SIDM00412,WSUNHL_HAEMATOPOIETIC_AND_LYMPHOID_TISSUE,,,Lymphoid,Mature B-Cell Neoplasms,True,True,False,False,False,False,0,True,True,
PFSK-1,PFSK1,ACH-001711,683667.0,SIDM01132,PFSK1_CENTRAL_NERVOUS_SYSTEM,,,CNS/Brain,Embryonal Tumor,True,True,False,False,False,False,0,True,True,
Hs 860.T,HS860T,ACH-001712,,,HS860T_BONE,,,Bone,Osteosarcoma,False,False,False,False,False,False,0,False,True,
CAL-72,CAL72,ACH-001715,906827.0,SIDM00930,CAL72_BONE,,,Bone,Osteosarcoma,True,True,False,False,False,False,0,True,True,
GOTO,GOTO,ACH-001716,906875.0,SIDM00544,GOTO_AUTONOMIC_GANGLIA,,,Peripheral Nervous System,Neuroblastoma,True,True,False,False,False,False,0,True,True,
OCI-C4P,OCIC4P,ACH-001719,,,OCIC4P_OVARY,,,Ovary/Fallopian Tube,Ovarian Epithelial Tumor,False,False,False,False,False,False,0,False,True,
SEMK2,SEMK2,ACH-001735,,,SEMK2_HAEMATOPOIETIC_AND_LYMPHOID_TISSUE,,,Lymphoid,B-Cell Acute Lymphoblastic Leukemia,False,False,False,False,False,False,0,False,True,
HB11;19,HB1119,ACH-001736,,,HB1119_HAEMATOPOIETIC_AND_LYMPHOID_TISSUE,,,Lymphoid,B-Cell Acute Lymphoblastic Leukemia,False,False,False,False,False,False,0,False,True,
CCRF-HSB-2-DM,CCRFHSB2DM,ACH-001737,,,CTV1DM_HAEMATOPOIETIC_AND_LYMPHOID_TISSUE,,,Lymphoid,T-Lymphoblastic Leukemia/Lymphoma,False,False,False,False,False,False,0,False,True,
CCRF-CEM,CCRFCEM,ACH-001738,905952.0,SIDM00121,CCRFCEM_HAEMATOPOIETIC_AND_LYMPHOID_TISSUE,,,Lymphoid,T-Lymphoblastic Leukemia/Lymphoma,True,True,False,False,False,False,0,True,False,
RH28,RH28,ACH-001740,,,RH28_SOFT_TISSUE,,,Soft Tissue,Rhabdomyosarcoma,False,False,False,False,True,True,75,False,True,
RC2,RC2,ACH-001743,,,RC2_SOFT_TISSUE,,,Soft Tissue,Rhabdomyosarcoma,False,False,False,False,False,False,0,False,True,
RhJT,RHJT,ACH-001745,,,RHJT_SOFT_TISSUE,,,Soft Tissue,Rhabdomyosarcoma,False,False,False,False,True,True,150,False,True,
TTC442,TTC442,ACH-001750,,,TTC442_SOFT_TISSUE,,,Soft Tissue,Rhabdomyosarcoma,False,False,False,False,True,True,189,False,True,
Rh36,RH36,ACH-001751,,,RH36_SOFT_TISSUE,,,Soft Tissue,Rhabdomyosarcoma,False,False,False,False,True,True,192,False,True,
RD/pcDNA #1,RDPCDNA1,ACH-001756,,,RDPCDNA1_ENGINEERED,,,Soft Tissue,Rhabdomyosarcoma,False,False,False,False,False,False,0,False,True,
RD/P3F #7,RDP3F7,ACH-001758,,,RDP3F7_ENGINEERED,,,Soft Tissue,Rhabdomyosarcoma,False,False,False,False,False,False,0,False,True,
RD/P3F #9,RDP3F9,ACH-001759,,,RDP3F9_ENGINEERED,,,Soft Tissue,Rhabdomyosarcoma,False,False,False,False,False,False,0,False,True,
RD/P3F #14,RDP3F14,ACH-001760,,,RDP3F14_ENGINEERED,,,Soft Tissue,Rhabdomyosarcoma,False,False,False,False,False,False,0,False,True,
Rh4,RH4,ACH-001765,,,RH4_SOFT_TISSUE,,,Soft Tissue,Rhabdomyosarcoma,False,False,False,False,True,True,189,False,True,
CCLF_PEDS_0018_T,CCLFPEDS0018T,ACH-001767,,,CCLFPEDS0018T_SOFT_TISSUE,,,Fibroblast,Non-Cancerous,False,False,False,False,False,False,0,False,False,
SNU-1544,SNU1544,ACH-001786,,,SNU1544_LARGE_INTESTINE,,,Bowel,Colorectal Adenocarcinoma,False,False,False,False,False,False,0,False,True,
LPS6,LPS6,ACH-001791,,,LPS6_SOFT_TISSUE,,,Soft Tissue,Liposarcoma,False,False,False,False,False,False,0,False,True,
LPS27,LPS27,ACH-001793,,,LPS27_SOFT_TISSUE,,,Soft Tissue,Liposarcoma,False,False,False,False,False,False,0,False,True,
93T449,93T449,ACH-001794,,,93T449_SOFT_TISSUE,,,Soft Tissue,Liposarcoma,False,False,False,False,False,False,0,False,True,
94T778,94T778,ACH-001795,,,94T778_SOFT_TISSUE,,,Soft Tissue,Liposarcoma,False,False,False,False,False,False,0,False,True,
95T1000,95T1000,ACH-001796,,,95T1000_SOFT_TISSUE,,,Soft Tissue,Liposarcoma,False,False,False,False,False,False,0,False,True,
LPS141,LPS141,ACH-001799,,,LPS141_SOFT_TISSUE,,ACH-001117,Soft Tissue,Liposarcoma,False,False,False,False,False,False,0,False,True,
LPS853,LPS853,ACH-001802,,,LPS853_SOFT_TISSUE,,,Soft Tissue,Liposarcoma,False,False,False,False,False,False,0,False,True,
LPS510,LPS510,ACH-001804,,,LPS510_SOFT_TISSUE,,,Soft Tissue,Liposarcoma,False,False,False,False,False,False,0,False,True,
LPS067,LPS067,ACH-001807,,,LPS067_SOFT_TISSUE,,,Soft Tissue,Liposarcoma,False,False,False,False,False,False,0,False,True,
C242,C242,ACH-001813,,,C242_BONE,,,Bone,Osteosarcoma,False,False,False,False,False,False,0,False,True,
OS252,OS252,ACH-001814,,,OS252_BONE,,,Bone,Osteosarcoma,False,False,False,False,False,False,0,False,True,
C393,C393,ACH-001817,,,C393_BONE,,,Bone,Osteosarcoma,False,False,False,False,False,False,0,False,True,
C396,C396,ACH-001818,,,C396_BONE,,,Bone,Osteosarcoma,False,False,False,False,False,False,0,False,True,
MFM-223,MFM223,ACH-001819,,SIDM00332,MFM223_BREAST,,,Breast,Invasive Breast Carcinoma,False,False,False,False,False,False,0,False,True,
COLO 824,COLO824,ACH-001820,,SIDM00954,COLO824_BREAST,,,Breast,"Breast Neoplasm, NOS",False,False,False,False,False,False,0,False,True,
SW527,SW527,ACH-001825,,,SW527_LARGE_INTESTINE,,,Bowel,Colorectal Adenocarcinoma,False,False,False,False,False,False,0,False,False,
HCC1739 BL,HCC1739BL,ACH-001828,,,HCC1739BL_HAEMATOPOIETIC_AND_LYMPHOID_TISSUE,,,Lymphoid,Non-Cancerous,False,False,False,False,False,False,0,False,True,
MGH-ICC10,MGHICC10,ACH-001834,,,ICC10_BILIARY_TRACT,,,Biliary Tract,Intraductal Papillary Neoplasm of the Bile Duct,False,False,False,False,False,False,0,False,True,
MGH-ICC10-6,MGHICC106,ACH-001835,,,ICC106_BILIARY_TRACT,,,Biliary Tract,Intraductal Papillary Neoplasm of the Bile Duct,False,False,False,False,False,False,0,False,True,
MGH-ICC10-8,MGHICC108,ACH-001836,,,ICC108_BILIARY_TRACT,,,Biliary Tract,Intraductal Papillary Neoplasm of the Bile Duct,False,False,False,False,False,False,0,False,True,
MGH-ICC12,MGHICC12,ACH-001838,,,ICC12_BILIARY_TRACT,,,Biliary Tract,Intraductal Papillary Neoplasm of the Bile Duct,False,False,False,False,False,False,0,False,True,
MGH-ICC13-7,MGHICC137,ACH-001839,,,ICC137_BILIARY_TRACT,,,Biliary Tract,Intraductal Papillary Neoplasm of the Bile Duct,False,False,False,False,False,False,0,False,True,
MGH-ECC3,MGHECC3,ACH-001841,,,ICC15_BILIARY_TRACT,,,Biliary Tract,Intraductal Papillary Neoplasm of the Bile Duct,False,False,False,False,False,False,0,False,True,
MGH-ICC2,MGHICC2,ACH-001842,,,ICC2_BILIARY_TRACT,,,Biliary Tract,Intraductal Papillary Neoplasm of the Bile Duct,False,False,False,False,False,False,0,False,True,
MGH-ECC4,MGHECC4,ACH-001843,,,ICC3_BILIARY_TRACT,,,Biliary Tract,Intraductal Papillary Neoplasm of the Bile Duct,False,False,False,False,False,False,0,False,True,
MGH-ICC4,MGHICC4,ACH-001844,,,ICC4_BILIARY_TRACT,,,Biliary Tract,Intraductal Papillary Neoplasm of the Bile Duct,False,False,False,False,False,False,0,False,True,
MGH-ICC5,MGHICC5,ACH-001845,,,ICC5_BILIARY_TRACT,,,Biliary Tract,Intraductal Papillary Neoplasm of the Bile Duct,False,False,False,False,False,False,0,False,True,
MGH-ICC6,MGHICC6,ACH-001846,,,ICC6_BILIARY_TRACT,,,Biliary Tract,Intraductal Papillary Neoplasm of the Bile Duct,False,False,False,False,False,False,0,False,True,
MGH-ICC7,MGHICC7,ACH-001847,,,ICC7_BILIARY_TRACT,,,Biliary Tract,Intraductal Papillary Neoplasm of the Bile Duct,False,False,False,False,False,False,0,False,True,
MGH-ICC8,MGHICC8,ACH-001848,,,ICC8_BILIARY_TRACT,,,Biliary Tract,Intraductal Papillary Neoplasm of the Bile Duct,False,False,False,False,False,False,0,False,True,
MGH-ICC9,MGHICC9,ACH-001849,,,ICC9_BILIARY_TRACT,,,Biliary Tract,Intraductal Papillary Neoplasm of the Bile Duct,False,False,False,False,False,False,0,False,True,
G415,G415,ACH-001850,,,G415_BILIARY_TRACT,,,Biliary Tract,Intracholecystic Papillary Neoplasm,False,False,False,False,False,False,0,False,True,
HKGZ-CC,HKGZCC,ACH-001852,,,HKGZCC_BILIARY_TRACT,,,Biliary Tract,Intraductal Papillary Neoplasm of the Bile Duct,False,False,False,False,False,False,0,False,True,
KMCH-1,KMCH1,ACH-001853,,,KMCH1_BILIARY_TRACT,,,Liver,Hepatocellular Carcinoma plus Intrahepatic Cholangiocarcinoma,False,False,False,False,False,False,0,False,True,
MMNK-1,MMNK1,ACH-001854,,,MMNK1_BILIARY_TRACT,,,Biliary Tract,Non-Cancerous,False,False,False,False,False,False,0,False,True,
OZ,OZ,ACH-001855,,,OZ_BILIARY_TRACT,,,Biliary Tract,Intraductal Papillary Neoplasm of the Bile Duct,False,False,False,False,False,False,0,False,True,
RBE,RBE,ACH-001856,,,RBE_BILIARY_TRACT,,,Biliary Tract,Intraductal Papillary Neoplasm of the Bile Duct,False,False,False,False,False,False,0,False,True,
SG231,SG231,ACH-001857,,,SG231_BILIARY_TRACT,,,Biliary Tract,Intraductal Papillary Neoplasm of the Bile Duct,False,False,False,False,False,False,0,False,True,
SSP-25,SSP25,ACH-001858,,SIDM00275,SSP25_BILIARY_TRACT,,,Biliary Tract,Intraductal Papillary Neoplasm of the Bile Duct,False,False,False,False,False,False,0,False,True,
TGBC1TKB,TGBC1TKB,ACH-001861,,SIDM00252,TGBC1TKB_BILIARY_TRACT,,,Biliary Tract,Intracholecystic Papillary Neoplasm,False,False,False,False,False,False,0,False,True,
TGBC52TKB,TGBC52TKB,ACH-001862,,,TGBC52TKB_BILIARY_TRACT,,,Ampulla of Vater,Ampullary Carcinoma,False,False,False,False,False,False,0,False,True,
TKKK,TKKK,ACH-001863,,,TKKK_BILIARY_TRACT,,,Biliary Tract,Intraductal Papillary Neoplasm of the Bile Duct,False,False,False,False,False,False,0,False,True,
YSCCC,YSCCC,ACH-001864,,,YSCCC_BILIARY_TRACT,,,Biliary Tract,Intraductal Papillary Neoplasm of the Bile Duct,False,False,False,False,False,False,0,False,True,
MA-MEL-46,MAMEL46,ACH-001949,,,MAMEL46_SKIN,,,Skin,Melanoma,False,False,False,False,False,False,0,False,True,
MA-MEL-27,MAMEL27,ACH-001953,,,MAMEL27_SKIN,,,Skin,Melanoma,False,False,False,False,False,False,0,False,True,
MS1,MS1,ACH-001958,,SIDM00245,MS1_LUNG,,,Lung,Lung Neuroendocrine Tumor,False,False,False,False,False,False,0,False,False,
CC-LP-1,CCLP1,ACH-001959,,,CCLP1_BILIARY_TRACT,,,Biliary Tract,Intraductal Papillary Neoplasm of the Bile Duct,False,False,False,False,False,False,0,False,True,
CC-SW-1,CCSW1,ACH-001960,,,CCSW1_BILIARY_TRACT,,,Biliary Tract,Intraductal Papillary Neoplasm of the Bile Duct,False,False,False,False,False,False,0,False,True,
MGH-GB2,MGHGB2,ACH-001961,,,GB2_BILIARY_TRACT,,,Biliary Tract,Intracholecystic Papillary Neoplasm,False,False,False,False,False,False,0,False,True,
MM253,MM253,ACH-001970,,,MM253_SKIN,,,Skin,Melanoma,False,False,False,False,False,False,0,False,True,
MM466,MM466,ACH-001971,,,MM466_SKIN,,,Skin,Melanoma,False,False,False,False,False,False,0,False,True,
MM473,MM473,ACH-001972,,,MM473_SKIN,,,Skin,Melanoma,False,False,False,False,False,False,0,False,True,
MM485,MM485,ACH-001973,,,MM485_SKIN,,,Skin,Melanoma,False,False,False,False,False,False,0,False,True,
MM537,MM537,ACH-001974,,,MM537_SKIN,,,Skin,Melanoma,False,False,False,False,False,False,0,False,True,
MM576,MM576,ACH-001975,,,MM576_SKIN,,,Skin,Melanoma,False,False,False,False,False,False,0,False,True,
MM603,MM603,ACH-001976,,,MM603_SKIN,,,Skin,Melanoma,False,False,False,False,False,False,0,False,True,
NO36,NO36,ACH-001977,,,NO36_LUNG,,,Pleura,Pleural Mesothelioma,False,False,False,False,False,False,0,False,True,
NZM1,NZM1,ACH-001978,,,NZM1_SKIN,,,Skin,Melanoma,False,False,False,False,False,False,0,False,True,
NZM11,NZM11,ACH-001979,,,NZM11_SKIN,,,Skin,Melanoma,False,False,False,False,False,False,0,False,True,
NZM12,NZM12,ACH-001980,,,NZM12_SKIN,,,Skin,Melanoma,False,False,False,False,False,False,0,False,True,
NZM2,NZM2,ACH-001981,,,NZM2_SKIN,,,Skin,Melanoma,False,False,False,False,False,False,0,False,True,
NZM3,NZM3,ACH-001982,,,NZM3_SKIN,,,Skin,Melanoma,False,False,False,False,False,False,0,False,True,
NZM30,NZM30,ACH-001983,,,NZM30_SKIN,,,Skin,Melanoma,False,False,False,False,False,False,0,False,True,
NZM4,NZM4,ACH-001984,,,NZM4_SKIN,,,Skin,Melanoma,False,False,False,False,False,False,0,False,True,
NZM40,NZM40,ACH-001985,,,NZM40_SKIN,,,Skin,Melanoma,False,False,False,False,False,False,0,False,True,
NZM42,NZM42,ACH-001986,,,NZM42_SKIN,,,Skin,Melanoma,False,False,False,False,False,False,0,False,True,
NZM43,NZM43,ACH-001987,,,NZM43_SKIN,,,Skin,Melanoma,False,False,False,False,False,False,0,False,True,
NZM5,NZM5,ACH-001988,,,NZM5_SKIN,,,Skin,Melanoma,False,False,False,False,False,False,0,False,True,
NZM6,NZM6,ACH-001989,,,NZM6_SKIN,,,Skin,Melanoma,False,False,False,False,False,False,0,False,True,
NZM7,NZM7,ACH-001990,,,NZM7_SKIN,,,Skin,Melanoma,False,False,False,False,False,False,0,False,True,
NZOV9,NZOV9,ACH-001991,,,NZOV9_OVARY,,,Ovary/Fallopian Tube,Ovarian Epithelial Tumor,False,False,False,False,False,False,0,False,True,
ONE58,ONE58,ACH-001992,,,ONE58_LUNG,,,Pleura,Pleural Mesothelioma,False,False,False,False,False,False,0,False,True,
NALM-16,NALM16,ACH-001993,,,NALM16_HAEMATOPOIETIC_AND_LYMPHOID_TISSUE,,,Lymphoid,B-Cell Acute Lymphoblastic Leukemia,False,False,False,False,False,False,0,False,True,
MGH-ICC16,MGHICC16,ACH-001994,,,ICC16_BILIARY_TRACT,,,Biliary Tract,Intraductal Papillary Neoplasm of the Bile Duct,False,False,False,False,False,False,0,False,True,
MGH-ICC18,MGHICC18,ACH-001996,,,ICC18_BILIARY_TRACT,,,Biliary Tract,Intraductal Papillary Neoplasm of the Bile Duct,False,False,False,False,False,False,0,False,True,
MGH-AOVC1,MGHAOVC1,ACH-001997,,,ECC2_BILIARY_TRACT,,,Ampulla of Vater,Ampullary Carcinoma,False,False,False,False,False,False,0,False,True,
950-5-BIK,9505BIK,ACH-001999,,,9505BIK_PANCREAS,,,Pancreas,Pancreatic Adenocarcinoma,False,False,False,False,False,False,0,False,True,
A-375_DAB_TRAM_R,A375DABTRAMR,ACH-002001,,,A375_SKIN_CJ1_RESISTANT,,,Skin,Melanoma,False,False,False,False,False,False,0,False,True,
A-375_SCH772984_R,A375SCH772984R,ACH-002002,,,A375_SKIN_CJ2_RESISTANT,,,Skin,Melanoma,False,False,False,False,False,False,0,False,True,
A-375_DAB_R,A375DABR,ACH-002003,,,A375_SKIN_CJ3_RESISTANT,,,Skin,Melanoma,False,False,False,False,False,False,0,False,True,
UACC-62_DAB_TRAM_R,UACC62DABTRAMR,ACH-002004,,,UACC62_SKIN_CJ1_RESISTANT,,,Skin,Melanoma,False,False,False,False,False,False,0,False,True,
SK-MEL-19,SKMEL19,ACH-002005,,,SKMEL19_SKIN,,,Skin,Melanoma,False,False,False,False,False,False,0,False,True,
MP41,MP41,ACH-002010,,,MP41_UVEA,,,Eye,Ocular Melanoma,False,False,False,False,False,False,0,False,True,
MP46,MP46,ACH-002011,,,MP46_UVEA,,,Eye,Ocular Melanoma,False,False,False,False,False,False,0,False,True,
MM28,MM28,ACH-002013,,,MM28_UVEA,,,Eye,Ocular Melanoma,False,False,False,False,False,False,0,False,True,
Mel270,MEL270,ACH-002014,,,MEL270_UVEA,,,Eye,Ocular Melanoma,False,False,False,False,False,False,0,False,True,
Mel285,MEL285,ACH-002015,,,MEL285_UVEA,,,Eye,Ocular Melanoma,False,False,False,False,False,False,0,False,True,
Mel290,MEL290,ACH-002016,,,MEL290_UVEA,,,Eye,Ocular Melanoma,False,False,False,False,False,False,0,False,True,
Omm1,OMM1,ACH-002017,,,OMM1_UVEA,,,Eye,Ocular Melanoma,False,False,False,False,False,False,0,False,True,
Omm2.5,OMM25,ACH-002018,,,OMM25_UVEA,,,Eye,Ocular Melanoma,False,False,False,False,False,False,0,False,True,
HOKUG,HOKUG,ACH-002019,,,HOKUG_CERVIX,,,Cervix,Glassy Cell Carcinoma of the Cervix,False,False,False,False,False,False,0,False,True,
SKG-IIIa,SKGIIIA,ACH-002020,,SIDM00381,SKGIIIA_CERVIX,,,Cervix,Cervical Squamous Cell Carcinoma,False,False,False,False,False,False,0,False,True,
T3M-3,T3M3,ACH-002021,,,T3M3_PLACENTA,,,Uterus,Gestational Trophoblastic Disease,False,False,False,False,False,False,0,False,True,
TGBC18TKB,TGBC18TKB,ACH-002023,,,TGBC18TKB_LARGE_INTESTINE,,,Ampulla of Vater,Ampullary Carcinoma,False,False,False,False,False,False,0,False,True,
ECC4,ECC4,ACH-002024,,SIDM00069,ECC4_LARGE_INTESTINE,,,Bowel,Colorectal Adenocarcinoma,False,False,False,False,False,False,0,False,True,
TT1TKB,TT1TKB,ACH-002025,,,TT1TKB_LARGE_INTESTINE,,,Bowel,Colorectal Adenocarcinoma,False,False,False,False,False,False,0,False,True,
HHUA,HHUA,ACH-002026,,,HHUA_ENDOMETRIUM,,,Uterus,Endometrial Carcinoma,False,False,False,False,False,False,0,False,True,
HOUA-I,HOUAI,ACH-002027,,,HOUAI_ENDOMETRIUM,,,Uterus,Endometrial Carcinoma,False,False,False,False,False,False,0,False,True,
SAS,SAS,ACH-002029,,SIDM00351,SAS_UPPER_AERODIGESTIVE_TRACT,,,Head and Neck,Head and Neck Squamous Cell Carcinoma,False,False,False,False,False,False,0,False,True,
Sa3,SA3,ACH-002030,,,SA3_UPPER_AERODIGESTIVE_TRACT,,,Head and Neck,Head and Neck Squamous Cell Carcinoma,False,False,False,False,False,False,0,False,True,
HMMME,HMMME,ACH-002033,,,HMMME_LUNG,,,Pleura,Pleural Mesothelioma,False,False,False,False,False,False,0,False,True,
T3M-11,T3M11,ACH-002034,,,T3M11_LUNG,,,Lung,Non-Small Cell Lung Cancer,False,False,False,False,False,False,0,False,True,
LCAM1,LCAM1,ACH-002035,,,LCAM1_LUNG,,,Lung,Non-Small Cell Lung Cancer,False,False,False,False,False,False,0,False,True,
WA-hT,WAHT,ACH-002036,,,WAHT_LUNG,,,Lung,Lung Neuroendocrine Tumor,False,False,False,False,False,False,0,False,False,
HSKTC,HSKTC,ACH-002038,,,HSKTC_OVARY,,,Ovary/Fallopian Tube,"Ovarian Cancer, Other",False,False,False,False,False,False,0,False,True,
PK-8,PK8,ACH-002039,,,PK8_PANCREAS,,,Pancreas,Pancreatic Adenocarcinoma,False,False,False,False,False,False,0,False,True,
HMV-II,HMVII,ACH-002040,,SIDM00291,HMVII_SKIN,,,Vulva/Vagina,Mucosal Melanoma of the Vulva/Vagina,False,False,False,False,False,False,0,False,True,
HOTHC,HOTHC,ACH-002041,,,HOTHC_THYROID,,,Thyroid,Anaplastic Thyroid Cancer,False,False,False,False,False,False,0,False,True,
T3M-5,T3M5,ACH-002042,,,T3M5_THYROID,,,Head and Neck,Head and Neck Squamous Cell Carcinoma,False,False,False,False,False,False,0,False,True,
Ca9-22,CA922,ACH-002043,,SIDM00489,CA922_UPPER_AERODIGESTIVE_TRACT,,,Head and Neck,Head and Neck Squamous Cell Carcinoma,False,False,False,False,False,False,0,False,True,
HSQ-89,HSQ89,ACH-002044,,,HSQ89_UPPER_AERODIGESTIVE_TRACT,,,Head and Neck,Head and Neck Squamous Cell Carcinoma,False,False,False,False,False,False,0,False,True,
HO-1-u-1,HO1U1,ACH-002045,,SIDM00591,HO1U1_UPPER_AERODIGESTIVE_TRACT,,,Head and Neck,Head and Neck Squamous Cell Carcinoma,False,False,False,False,False,False,0,False,True,
HTMMT,HTMMT,ACH-002046,,,HTMMT_ENDOMETRIUM,,,Uterus,Endometrial Carcinoma,False,False,False,False,False,False,0,False,True,
HIRS-BM,HIRSBM,ACH-002047,,,HIRSBM_ENDOMETRIUM,,,Uterus,Endometrial Carcinoma,False,False,False,False,False,False,0,False,True,
RMS-YM,RMSYM,ACH-002048,,,RMSYM_SOFT_TISSUE,,,Soft Tissue,Rhabdomyosarcoma,False,False,False,False,False,False,0,False,True,
HTST,HTST,ACH-002050,,,HTST_EMBRYONAL,,,Other,Extra Gonadal Germ Cell Tumor,False,False,False,False,False,False,0,False,True,
Lu-134-A,LU134A,ACH-002051,,SIDM00296,LU134A_LUNG,,,Lung,Lung Neuroendocrine Tumor,False,False,False,False,False,False,0,False,True,
Lu-139,LU139,ACH-002052,,SIDM00293,LU139_LUNG,,,Lung,Lung Neuroendocrine Tumor,False,False,False,False,False,False,0,False,True,
TL-1,TL1,ACH-002055,,,TL1_HAEMATOPOIETIC_AND_LYMPHOID_TISSUE,,,Lymphoid,Mature B-Cell Neoplasms,False,False,False,False,False,False,0,False,True,
ATN-1,ATN1,ACH-002058,,SIDM00233,ATN1_HAEMATOPOIETIC_AND_LYMPHOID_TISSUE,,,Lymphoid,T-Lymphoblastic Leukemia/Lymphoma,False,False,False,False,False,False,0,False,False,
P30/OHK,P30OHK,ACH-002059,,SIDM00364,P30OHK_HAEMATOPOIETIC_AND_LYMPHOID_TISSUE,,ACH-003507,Lymphoid,B-Cell Acute Lymphoblastic Leukemia,False,False,False,False,False,False,0,False,True,
MY,MY,ACH-002060,,SIDM00563,MY_HAEMATOPOIETIC_AND_LYMPHOID_TISSUE,,,Myeloid,Acute Leukemias of Ambiguous Lineage,False,False,False,False,False,False,0,False,True,
P2UR/K-562,P2URK562,ACH-002061,,,P2URK562_HAEMATOPOIETIC_AND_LYMPHOID_TISSUE,,,Myeloid,Myeloproliferative Neoplasms,False,False,False,False,False,False,0,False,True,
SLVL,SLVL,ACH-002062,,SIDM00374,SLVL_HAEMATOPOIETIC_AND_LYMPHOID_TISSUE,,,Lymphoid,Mature B-Cell Neoplasms,False,False,False,False,False,False,0,False,True,
HS-PSS,HSPSS,ACH-002065,,,HSPSS_CENTRAL_NERVOUS_SYSTEM,,,Peripheral Nervous System,Nerve Sheath Tumor,False,False,False,False,False,False,0,False,True,
HS-Sch-2,HSSCH2,ACH-002066,,,HSSCH2_CENTRAL_NERVOUS_SYSTEM,,,Peripheral Nervous System,Nerve Sheath Tumor,False,False,False,False,False,False,0,False,True,
NOS-1,NOS1,ACH-002067,,SIDM00242,NOS1_BONE,,,Bone,Osteosarcoma,False,False,False,False,False,False,0,False,True,
HS-Os-1,HSOS1,ACH-002069,,,HSOS1_BONE,,,Bone,Osteosarcoma,False,False,False,False,False,False,0,False,True,
HKBMM,HKBMM,ACH-002070,,,HKBMM_CENTRAL_NERVOUS_SYSTEM,,,CNS/Brain,Meningothelial Tumor,False,False,False,False,False,False,0,False,True,
Lu-143,LU143,ACH-002074,,,LU143_LUNG,,,Lung,Lung Neuroendocrine Tumor,False,False,False,False,False,False,0,False,True,
Lu-138,LU138,ACH-002075,,,LU138_LUNG,,,Lung,Lung Neuroendocrine Tumor,False,False,False,False,False,False,0,False,True,
Lu-165,LU165,ACH-002077,,SIDM00292,LU165_LUNG,,,Lung,Lung Neuroendocrine Tumor,False,False,False,False,False,False,0,False,True,
TN-2,TN2,ACH-002080,,,TN2_AUTONOMIC_GANGLIA,,,Peripheral Nervous System,Neuroblastoma,False,False,False,False,False,False,0,False,True,
NB69,NB69,ACH-002083,,SIDM00244,NB69_AUTONOMIC_GANGLIA,,,Peripheral Nervous System,Neuroblastoma,False,False,False,False,False,False,0,False,False,
MMAc,MMAC,ACH-002084,,SIDM00246,MMAC_SKIN,,ACH-002548,Skin,Melanoma,False,False,False,False,False,False,0,False,True,
HS-SY-II,HSSYII,ACH-002085,,,HSSYII_LUNG,,,Soft Tissue,Synovial Sarcoma,False,False,False,False,False,False,0,False,False,
201T,201T,ACH-002089,1287381.0,SIDM00055,201T_LUNG,,,Lung,Non-Small Cell Lung Cancer,False,False,False,False,False,False,0,True,False,
BB65-RCC,BB65RCC,ACH-002090,753533.0,SIDM00191,BB65RCC_KIDNEY,,,Kidney,Renal Cell Carcinoma,True,True,False,False,False,False,0,True,False,
CAL-39,CAL39,ACH-002091,924107.0,SIDM00935,CAL39_VULVA,,,Vulva/Vagina,Squamous Cell Carcinoma of the Vulva/Vagina,True,True,False,False,False,False,0,True,False,
CHSA0011,CHSA0011,ACH-002092,1290767.0,SIDM00051,CHSA0011_BONE,,,Bone,Chondrosarcoma,True,True,False,False,False,False,0,True,False,
CHSA0108,CHSA0108,ACH-002093,1290768.0,SIDM00050,CHSA0108_BONE,,,Bone,Chondrosarcoma,True,True,False,False,False,False,0,True,False,
CHSA8926,CHSA8926,ACH-002094,1303912.0,SIDM00176,CHSA8926_BONE,,,Bone,Chondrosarcoma,True,True,False,False,False,False,0,True,False,
COR-L303,CORL303,ACH-002095,1297438.0,SIDM00510,CORL303_LUNG,,,Lung,Lung Neuroendocrine Tumor,True,True,False,False,False,False,0,True,False,
CP50-MEL-B,CP50MELB,ACH-002096,753545.0,SIDM00175,CP50MELB_SKIN,,,Skin,Melanoma,True,True,False,False,False,False,0,True,False,
CP66-MEL,CP66MEL,ACH-002097,753546.0,SIDM00190,CP66MEL_SKIN,,,Skin,Melanoma,True,True,False,False,False,False,0,True,False,
CP67-MEL,CP67MEL,ACH-002098,949092.0,SIDM00189,CP67MEL_SKIN,,,Skin,Melanoma,True,False,False,False,False,False,0,False,False,
CS1,CS1,ACH-002099,1290795.0,SIDM00199,CS1_BONE,,,Bone,Chondrosarcoma,True,True,False,False,False,False,0,True,False,
DJM-1,DJM1,ACH-002100,906841.0,SIDM00281,DJM1_SKIN,,,Skin,Cutaneous Squamous Cell Carcinoma,True,True,False,False,False,False,0,True,False,
EMC-BAC-1,EMCBAC1,ACH-002101,1503369.0,SIDM00048,EMCBAC1_LUNG,,,Lung,Non-Small Cell Lung Cancer,True,True,False,False,False,False,0,True,False,
EMC-BAC-2,EMCBAC2,ACH-002102,1503370.0,SIDM00047,EMCBAC2_LUNG,,,Lung,Non-Small Cell Lung Cancer,True,True,False,False,False,False,0,True,False,
ES1,ES1,ACH-002103,949158.0,SIDM00266,ES1_BONE,,,Bone,Ewing Sarcoma,True,True,False,False,False,False,0,True,False,
ES3,ES3,ACH-002104,684055.0,SIDM00265,ES3_BONE,,,Bone,Ewing Sarcoma,False,False,False,False,False,False,0,True,False,
ES4,ES4,ACH-002105,949156.0,SIDM00264,ES4_BONE,,,Bone,Ewing Sarcoma,True,True,False,False,False,False,0,True,False,
ES5,ES5,ACH-002106,684057.0,SIDM00263,ES5_BONE,,,Bone,Ewing Sarcoma,True,True,False,False,False,False,0,True,False,
ES6,ES6,ACH-002107,949157.0,SIDM00262,ES6_BONE,,,Bone,Ewing Sarcoma,True,True,False,False,False,False,0,True,False,
ES7,ES7,ACH-002108,684059.0,SIDM00269,ES7_BONE,,,Bone,Ewing Sarcoma,True,True,False,False,False,False,0,True,False,
ES8,ES8,ACH-002109,949155.0,SIDM00261,ES8_BONE,,,Bone,Ewing Sarcoma,True,True,False,False,False,False,0,True,False,
EW-1,EW1,ACH-002110,949163.0,SIDM00205,EW1_BONE,,,Bone,Ewing Sarcoma,True,True,False,False,False,False,0,True,False,
EW-11,EW11,ACH-002111,684062.0,SIDM00203,EW11_BONE,,,Bone,Ewing Sarcoma,True,True,False,False,False,False,0,True,False,
EW-12,EW12,ACH-002112,949162.0,SIDM00200,EW12_BONE,,,Bone,Ewing Sarcoma,True,True,False,False,False,False,0,True,False,
EW-13,EW13,ACH-002113,949166.0,SIDM00621,EW13_BONE,,,Bone,Ewing Sarcoma,True,True,False,False,False,False,0,True,False,
EW-16,EW16,ACH-002114,949165.0,SIDM00198,EW16_BONE,,,Bone,Ewing Sarcoma,True,True,False,False,False,False,0,True,False,
EW-18,EW18,ACH-002115,949164.0,SIDM00197,EW18_BONE,,,Bone,Ewing Sarcoma,True,True,False,False,False,False,0,True,False,
EW-22,EW22,ACH-002116,949167.0,SIDM00196,EW22_BONE,,,Bone,Ewing Sarcoma,True,True,False,False,False,False,0,True,False,
EW-24,EW24,ACH-002117,949168.0,SIDM00195,EW24_BONE,,,Bone,Ewing Sarcoma,True,True,False,False,False,False,0,True,False,
EW-3,EW3,ACH-002118,949161.0,SIDM00202,EW3_BONE,,,Bone,Ewing Sarcoma,True,True,False,False,False,False,0,True,False,
EW-7,EW7,ACH-002119,949160.0,SIDM00201,EW7_BONE,,,Bone,Ewing Sarcoma,True,True,False,False,False,False,0,True,False,
GAK,GAK,ACH-002120,910932.0,SIDM00543,GAK_SKIN,,,Vulva/Vagina,Mucosal Melanoma of the Vulva/Vagina,True,True,False,False,False,False,0,True,False,
G-MEL,GMEL,ACH-002121,1240130.0,SIDM00129,GMEL_SKIN,,,Skin,Melanoma,True,True,False,False,False,False,0,True,False,
GT3TKB,GT3TKB,ACH-002122,907041.0,SIDM01231,GT3TKB_STOMACH,,,Lung,Non-Small Cell Lung Cancer,False,False,False,False,False,False,0,True,False,
H2369,H2369,ACH-002123,1290808.0,SIDM00104,H2369_PLEURA,,,Pleura,Pleural Mesothelioma,True,True,False,False,False,False,0,True,False,
H2373,H2373,ACH-002124,1290809.0,SIDM00103,NCIH2373_PLEURA,,,Pleura,Pleural Mesothelioma,True,True,False,False,False,False,0,True,False,
H2461,H2461,ACH-002125,1290810.0,SIDM00102,NCIH2461_PLEURA,,,Pleura,Pleural Mesothelioma,True,True,False,False,False,False,0,True,False,
H2591,H2591,ACH-002126,1240131.0,SIDM00101,NCIH2591_PLEURA,,,Pleura,Pleural Mesothelioma,True,True,False,False,False,False,0,True,False,
H2595,H2595,ACH-002127,1240132.0,SIDM00100,NCIH2595_PLEURA,,,Pleura,Pleural Mesothelioma,True,True,False,False,False,False,0,True,False,
H2722,H2722,ACH-002128,1290812.0,SIDM00099,NCIH2722_PLEURA,,,Pleura,Pleural Mesothelioma,True,True,False,False,False,False,0,True,False,
H2731,H2731,ACH-002129,1240134.0,SIDM00098,NCIH2731_PLEURA,,,Pleura,Pleural Mesothelioma,True,True,False,False,False,False,0,True,False,
H2795,H2795,ACH-002130,1290813.0,SIDM00154,NCIH2795_PLEURA,,,Pleura,Pleural Mesothelioma,True,True,False,False,False,False,0,True,False,
H2803,H2803,ACH-002131,1240135.0,SIDM00309,NCIH2803_PLEURA,,,Pleura,Pleural Mesothelioma,True,True,False,False,False,False,0,True,False,
H2804,H2804,ACH-002132,1240136.0,SIDM00310,NCIH2804_PLEURA,,,Pleura,Pleural Mesothelioma,True,True,False,False,False,False,0,True,False,
H2810,H2810,ACH-002133,1240137.0,SIDM00311,NCIH2810_PLEURA,,,Pleura,Pleural Mesothelioma,True,True,False,False,False,False,0,True,False,
H2818,H2818,ACH-002134,1290814.0,SIDM00520,NCIH2818_PLEURA,,,Pleura,Pleural Mesothelioma,True,True,False,False,False,False,0,True,False,
H2869,H2869,ACH-002135,1240138.0,SIDM00519,NCIH2869_PLEURA,,,Pleura,Pleural Mesothelioma,True,True,False,False,False,False,0,True,False,
H290,H290,ACH-002136,1240139.0,SIDM00518,H290_PLEURA,,,Pleura,Pleural Mesothelioma,True,True,False,False,False,False,0,True,False,
H513,H513,ACH-002138,1240141.0,SIDM00114,H513_LUNG,,ACH-002341,Lung,Non-Small Cell Lung Cancer,True,True,False,False,False,False,0,True,False,
HA7-RCC,HA7RCC,ACH-002139,753558.0,SIDM00188,HA7RCC_KIDNEY,,,Kidney,Renal Cell Carcinoma,True,True,False,False,False,False,0,True,False,
Hey,HEY,ACH-002140,1479988.0,SIDM00968,HEY_OVARY,,,Ovary/Fallopian Tube,Ovarian Epithelial Tumor,True,True,False,False,False,False,0,True,False,
HSC-39,HSC39,ACH-002141,1322224.0,SIDM00045,HSC39_STOMACH,,,Esophagus/Stomach,Esophagogastric Adenocarcinoma,True,True,False,False,False,False,0,True,False,
HuO-3N1,HUO3N1,ACH-002142,909977.0,SIDM00584,HUO3N1_BONE,,,Bone,Osteosarcoma,True,True,False,False,False,False,0,True,True,
IST-MEL1,ISTMEL1,ACH-002143,907172.0,SIDM00225,ISTMEL1_SKIN,,,Skin,Melanoma,True,True,False,False,False,False,0,True,False,
IST-SL1,ISTSL1,ACH-002144,753564.0,SIDM00223,ISTSL1_LUNG,,,Lung,Lung Neuroendocrine Tumor,True,True,False,False,False,False,0,True,False,
IST-SL2,ISTSL2,ACH-002145,753565.0,SIDM00230,ISTSL2_LUNG,,,Lung,Lung Neuroendocrine Tumor,True,True,False,False,False,False,0,True,False,
JHOS-3,JHOS3,ACH-002146,1480358.0,SIDM00304,JHOS3_OVARY,,,Ovary/Fallopian Tube,Ovarian Epithelial Tumor,True,True,False,False,False,False,0,True,False,
K2,K2,ACH-002147,1298160.0,SIDM00126,K2_SKIN,,,Skin,Melanoma,True,True,False,False,False,False,0,True,False,
K5,K5,ACH-002148,924238.0,SIDM00056,K5_THYROID,,,Thyroid,Well-Differentiated Thyroid Cancer,True,True,False,False,False,False,0,True,False,
KGN,KGN,ACH-002149,924186.0,SIDM00302,KGN_OVARY,,,Ovary/Fallopian Tube,Sex Cord Stromal Tumor,True,True,False,False,False,False,0,True,False,
LB1047-RCC,LB1047RCC,ACH-002150,753577.0,SIDM00187,LB1047RCC_KIDNEY,,,Kidney,Renal Cell Carcinoma,True,True,False,False,False,False,0,True,False,
LB2241-RCC,LB2241RCC,ACH-002151,753578.0,SIDM00186,LB2241RCC_KIDNEY,,,Kidney,Renal Cell Carcinoma,True,True,False,False,False,False,0,True,False,
LB2518-MEL,LB2518MEL,ACH-002152,753579.0,SIDM00185,LB2518MEL_SKIN,,,Skin,Melanoma,True,True,False,False,False,False,0,True,False,
LB373-MEL-D,LB373MELD,ACH-002153,753581.0,SIDM00184,LB373MELD_SKIN,,,Skin,Melanoma,True,True,False,False,False,False,0,True,False,
LB647-SCLC,LB647SCLC,ACH-002154,753582.0,SIDM00183,LB647SCLC_LUNG,,,Lung,Lung Neuroendocrine Tumor,True,True,False,False,False,False,0,True,False,
LB996-RCC,LB996RCC,ACH-002155,753585.0,SIDM00180,LB996RCC_KIDNEY,,,Kidney,Renal Cell Carcinoma,True,True,False,False,False,False,0,True,False,
LC-1-sq,LC1SQ,ACH-002156,1298223.0,SIDM00300,LC1SQ_LUNG,,,Lung,Non-Small Cell Lung Cancer,True,True,False,False,False,False,0,True,False,
LC-2-ad,LC2AD,ACH-002157,907786.0,SIDM00297,LC2AD_LUNG,,,Lung,Non-Small Cell Lung Cancer,True,True,False,False,False,False,0,True,False,
LU-99A,LU99A,ACH-002158,907796.0,SIDM01219,LU99A_LUNG,,,Lung,Non-Small Cell Lung Cancer,True,True,False,False,False,False,0,True,False,
M14,M14,ACH-002159,905975.0,SIDM00003,M14_SKIN,,,Skin,Melanoma,True,True,False,False,False,False,0,True,False,
MC-IXC,MCIXC,ACH-002160,908118.0,SIDM01246,MCIXC_BONE,,,Bone,Ewing Sarcoma,True,True,False,False,False,False,0,False,False,
MKN28,MKN28,ACH-002161,908139.0,SIDM00260,MKN28_STOMACH,,,Esophagus/Stomach,Esophagogastric Adenocarcinoma,True,True,False,False,False,False,0,True,False,
MMAC-SF,MMACSF,ACH-002162,925339.0,SIDM01242,MMACSF_SKIN,,,Skin,Melanoma,True,True,False,False,False,False,0,True,False,
MRK-nu-1,MRKNU1,ACH-002163,908151.0,SIDM00562,MRKNU1_BREAST,,,Breast,Invasive Breast Carcinoma,True,True,False,False,False,False,0,True,False,
MZ1-PC,MZ1PC,ACH-002164,753595.0,SIDM00053,MZ1PC_PANCREAS,,,Pancreas,Pancreatic Adenocarcinoma,True,True,False,False,False,False,0,True,False,
MZ2-MEL,MZ2MEL,ACH-002165,971777.0,SIDM00179,MZ2MEL_SKIN,,,Skin,Melanoma,True,True,False,False,False,False,0,True,False,
MZ7-mel,MZ7MEL,ACH-002166,753596.0,SIDM00516,MZ7MEL_SKIN,,,Skin,Melanoma,True,True,False,False,False,False,0,True,False,
NCC010,NCC010,ACH-002167,1509073.0,SIDM00231,NCC010_KIDNEY,,,Kidney,Renal Cell Carcinoma,True,True,False,False,False,False,0,True,False,
NCC021,NCC021,ACH-002168,1509074.0,SIDM00232,NCC021_KIDNEY,,,Kidney,Renal Cell Carcinoma,True,True,False,False,False,False,0,True,False,
NCI-H1304,NCIH1304,ACH-002169,753599.0,SIDM00648,NCIH1304_LUNG,,,Lung,Lung Neuroendocrine Tumor,True,False,False,False,False,False,0,True,False,
NCI-H1688,NCIH1688,ACH-002170,1298349.0,SIDM00792,NCIH1688_LUNG,,,Lung,Lung Neuroendocrine Tumor,True,True,False,False,False,False,0,True,True,
NCI-H250,NCIH250,ACH-002171,924241.0,SIDM00721,NCIH250_LUNG,,,Lung,Lung Neuroendocrine Tumor,True,True,False,False,False,False,0,True,False,
NCI-H322M,NCIH322M,ACH-002172,905967.0,SIDM00117,NCIH322M_LUNG,,,Lung,Non-Small Cell Lung Cancer,True,True,False,False,False,False,0,True,False,
NCI-H378,NCIH378,ACH-002173,688022.0,SIDM00915,NCIH378_LUNG,,,Lung,Lung Neuroendocrine Tumor,False,False,False,False,False,False,0,True,False,
NCI-H720,NCIH720,ACH-002174,687600.0,SIDM01120,NCIH720_LUNG,,,Lung,Lung Neuroendocrine Tumor,True,True,False,False,False,False,0,True,False,
NCI-H740,NCIH740,ACH-002175,1331055.0,SIDM01118,NCIH740_LUNG,,,Lung,Lung Neuroendocrine Tumor,False,True,False,False,False,False,0,True,False,
NCI-H835,NCIH835,ACH-002177,753607.0,SIDM01133,NCIH835_LUNG,,,Lung,Lung Neuroendocrine Tumor,True,True,False,False,False,False,0,True,False,
NY,NY,ACH-002178,910849.0,SIDM00569,NY_BONE,,,Bone,Osteosarcoma,True,True,False,False,False,False,0,True,True,
OCUB-M,OCUBM,ACH-002179,909256.0,SIDM00241,OCUBM_BREAST,,,Breast,Invasive Breast Carcinoma,True,True,False,False,False,False,0,True,False,
OMC-1,OMC1,ACH-002180,949154.0,SIDM00240,OMC1_CERVIX,,,Cervix,Cervical Squamous Cell Carcinoma,True,True,False,False,False,False,0,False,False,
OVCA420,OVCA420,ACH-002181,1480364.0,SIDM00967,OVCA420_OVARY,,,Ovary/Fallopian Tube,Ovarian Epithelial Tumor,True,True,False,False,False,False,0,True,False,
OVCA433,OVCA433,ACH-002182,1480367.0,SIDM00966,OVCA433_OVARY,,,Ovary/Fallopian Tube,Ovarian Epithelial Tumor,True,True,False,False,False,False,0,False,False,
OVMIU,OVMIU,ACH-002183,1240200.0,SIDM00465,OVMIU_OVARY,,,Ovary/Fallopian Tube,Ovarian Epithelial Tumor,True,True,False,False,False,False,0,True,False,
PC-3 [JPC-3],PC3JPC3,ACH-002184,1240202.0,SIDM00361,PC3JPC3_LUNG,,,Lung,Non-Small Cell Lung Cancer,True,True,False,False,False,False,0,True,False,
PL4,PL4,ACH-002186,1298533.0,SIDM00042,PL4_PANCREAS,,,Pancreas,Pancreatic Adenocarcinoma,True,True,False,False,False,False,0,True,False,
RCC-AB,RCCAB,ACH-002187,1524418.0,SIDM00821,RCCAB_KIDNEY,,,Kidney,Renal Cell Carcinoma,True,True,False,False,False,False,0,True,False,
RCC-ER,RCCER,ACH-002188,1524417.0,SIDM00820,RCCER_KIDNEY,,,Kidney,Renal Cell Carcinoma,True,True,False,False,False,False,0,True,False,
RCC-FG2,RCCFG2,ACH-002189,1524414.0,SIDM00819,RCCFG2_KIDNEY,,,Kidney,Renal Cell Carcinoma,True,True,False,False,False,False,0,True,False,
RCC-JF,RCCJF,ACH-002190,1524415.0,SIDM00818,RCCJF_KIDNEY,,,Kidney,Renal Cell Carcinoma,True,True,False,False,False,False,0,True,False,
RCC-JW,RCCJW,ACH-002191,1524416.0,SIDM00817,RCCJW_KIDNEY,,,Kidney,Renal Cell Carcinoma,True,True,False,False,False,False,0,True,False,
RCC-MF,RCCMF,ACH-002192,1524419.0,SIDM00816,RCCMF_KIDNEY,,,Kidney,Renal Cell Carcinoma,True,True,False,False,False,False,0,True,False,
RERF-LC-FM,RERFLCFM,ACH-002193,930081.0,SIDM00357,RERFLCFM_LUNG,,,Lung,Lung Neuroendocrine Tumor,False,False,False,False,False,False,0,False,False,
RXF393,RXF393,ACH-002195,905978.0,SIDM00086,RXF393_KIDNEY,,,Kidney,Renal Cell Carcinoma,True,True,False,False,False,False,0,True,False,
SBC-1,SBC1,ACH-002196,713885.0,SIDM00365,SBC1_LUNG,,,Lung,Lung Neuroendocrine Tumor,True,True,False,False,False,False,0,True,False,
SBC-3,SBC3,ACH-002197,753610.0,SIDM00367,SBC3_LUNG,,,Lung,Lung Neuroendocrine Tumor,True,True,False,False,False,False,0,True,False,
SCH,SCH,ACH-002198,909711.0,SIDM00383,SCH_STOMACH,,,Other,Extra Gonadal Germ Cell Tumor,True,True,False,False,False,False,0,True,False,
SN12C,SN12C,ACH-002199,905979.0,SIDM00094,SN12C_KIDNEY,,,Kidney,Renal Cell Carcinoma,True,True,False,False,False,False,0,True,False,
SW962,SW962,ACH-002200,909758.0,SIDM01178,SW962_VULVA,,,Vulva/Vagina,Mucosal Melanoma of the Vulva/Vagina,True,True,False,False,False,False,0,True,False,
TC-YIK,TCYIK,ACH-002201,946357.0,SIDM00234,TCYIK_CERVIX,,,Cervix,Small Cell Carcinoma of the Cervix,True,True,False,False,False,False,0,True,False,
TMK-1,TMK1,ACH-002202,1299069.0,SIDM00040,TMK1_STOMACH,,,Esophagus/Stomach,Esophagogastric Adenocarcinoma,True,True,False,False,False,False,0,False,False,
U-CH2,UCH2,ACH-002204,1503373.0,SIDM01185,UCH2_BONE,,,Bone,Chordoma,False,True,False,False,False,False,0,False,False,
WM1552C,WM1552C,ACH-002205,1299078.0,SIDM00976,WM1552C_SKIN,,,Skin,Melanoma,True,True,False,False,False,False,0,True,False,
WM278,WM278,ACH-002206,1240226.0,SIDM00975,WM278_SKIN,,,Skin,Melanoma,True,True,False,False,False,False,0,True,False,
WM35,WM35,ACH-002207,1299080.0,SIDM00974,WM35_SKIN,,,Skin,Melanoma,True,True,False,False,False,False,0,True,False,
YMB-1-E,YMB1E,ACH-002208,1303911.0,SIDM01261,YMB1E_BREAST,,,Breast,Invasive Breast Carcinoma,True,True,False,False,False,False,0,False,False,
ALL-PO,ALLPO,ACH-002209,910944.0,SIDM00211,ALLPO_HAEMATOPOIETIC_AND_LYMPHOID_TISSUE,,,Lymphoid,B-Cell Acute Lymphoblastic Leukemia,True,True,False,False,False,False,0,True,False,
ARH-77,ARH77,ACH-002210,906765.0,SIDM00900,ARH77_HAEMATOPOIETIC_AND_LYMPHOID_TISSUE,,,Myeloid,Non-Cancerous,True,True,False,False,False,False,0,True,False,
BALL-1,BALL1,ACH-002211,910705.0,SIDM00287,BALL1_HAEMATOPOIETIC_AND_LYMPHOID_TISSUE,,,Lymphoid,B-Cell Acute Lymphoblastic Leukemia,True,True,False,False,False,False,0,True,False,
BB30-HNC,BB30HNC,ACH-002212,753531.0,SIDM00172,BB30HNC_UPPER_AERODIGESTIVE_TRACT,,,Head and Neck,Head and Neck Squamous Cell Carcinoma,True,True,False,False,False,False,0,True,False,
BB49-HNC,BB49HNC,ACH-002213,753532.0,SIDM00174,BB49HNC_UPPER_AERODIGESTIVE_TRACT,,,Head and Neck,Head and Neck Squamous Cell Carcinoma,True,True,False,False,False,False,0,True,False,
BC-1,BC1,ACH-002214,910919.0,SIDM00896,BC1_HAEMATOPOIETIC_AND_LYMPHOID_TISSUE,,,Lymphoid,Mature B-Cell Neoplasms,True,True,False,False,False,False,0,True,True,
BC-3,BC3,ACH-002215,910918.0,SIDM00895,BC3_PLEURA,,,Lymphoid,Mature B-Cell Neoplasms,True,True,False,False,False,False,0,False,True,
BE-13,BE13,ACH-002216,906763.0,SIDM01245,BE13_HAEMATOPOIETIC_AND_LYMPHOID_TISSUE,,,Lymphoid,T-Lymphoblastic Leukemia/Lymphoma,True,True,False,False,False,False,0,True,False,
BE2-M17,BE2M17,ACH-002217,753616.0,SIDM01229,BE2M17_AUTONOMIC_GANGLIA,,,Peripheral Nervous System,Neuroblastoma,True,True,False,False,False,False,0,True,False,
CESS,CESS,ACH-002218,910688.0,SIDM00917,CESS_HAEMATOPOIETIC_AND_LYMPHOID_TISSUE,,,Myeloid,Acute Myeloid Leukemia,True,True,False,False,False,False,0,True,False,
COLO-320-HSR,COLO320HSR,ACH-002219,910569.0,SIDM00842,COLO320HSR_LARGE_INTESTINE,,,Bowel,Colorectal Adenocarcinoma,True,True,False,False,False,False,0,True,False,
CRO-AP2,CROAP2,ACH-002220,906807.0,SIDM00952,CROAP2_HAEMATOPOIETIC_AND_LYMPHOID_TISSUE,,,Lymphoid,Mature B-Cell Neoplasms,True,True,False,False,False,False,0,True,False,
CTB-1,CTB1,ACH-002221,949088.0,SIDM00283,CTB1_HAEMATOPOIETIC_AND_LYMPHOID_TISSUE,,,Lymphoid,Mature B-Cell Neoplasms,True,True,False,False,False,False,0,True,False,
CTV-1,CTV1,ACH-002222,753548.0,SIDM00951,CTV1_HAEMATOPOIETIC_AND_LYMPHOID_TISSUE,,,Lymphoid,T-Lymphoblastic Leukemia/Lymphoma,True,True,False,False,False,False,0,True,False,
D-245MG,D245MG,ACH-002223,946366.0,SIDM01021,D245MG_CENTRAL_NERVOUS_SYSTEM,,,CNS/Brain,Adult-Type Diffuse Glioma,False,True,False,False,False,False,0,False,False,
D-247MG,D247MG,ACH-002224,946367.0,SIDM00622,D247MG_CENTRAL_NERVOUS_SYSTEM,,,CNS/Brain,Diffuse Glioma,True,True,False,False,False,False,0,True,False,
D-263MG,D263MG,ACH-002225,946368.0,SIDM00732,D263MG_CENTRAL_NERVOUS_SYSTEM,,,CNS/Brain,Adult-Type Diffuse Glioma,True,True,False,False,False,False,0,True,False,
D-336MG,D336MG,ACH-002226,946369.0,SIDM00620,D336MG_CENTRAL_NERVOUS_SYSTEM,,,CNS/Brain,Diffuse Glioma,True,True,False,False,False,False,0,True,False,
D-392MG,D392MG,ACH-002227,946370.0,SIDM00542,D392MG_CENTRAL_NERVOUS_SYSTEM,,,CNS/Brain,Adult-Type Diffuse Glioma,True,True,False,False,False,False,0,True,False,
D-423MG,D423MG,ACH-002228,946372.0,SIDM00209,D423MG_CENTRAL_NERVOUS_SYSTEM,,,CNS/Brain,Adult-Type Diffuse Glioma,True,True,False,False,False,False,0,True,False,
D-502MG,D502MG,ACH-002229,946373.0,SIDM00208,D502MG_CENTRAL_NERVOUS_SYSTEM,,,CNS/Brain,Adult-Type Diffuse Glioma,True,True,False,False,False,False,0,True,False,
D-542MG,D542MG,ACH-002230,753549.0,SIDM00207,D542MG_CENTRAL_NERVOUS_SYSTEM,,,CNS/Brain,Adult-Type Diffuse Glioma,True,True,False,False,False,False,0,True,False,
D-566MG,D566MG,ACH-002231,946377.0,SIDM00206,D566MG_CENTRAL_NERVOUS_SYSTEM,,,CNS/Brain,Adult-Type Diffuse Glioma,True,True,False,False,False,False,0,True,False,
DG-75,DG75,ACH-002232,906838.0,SIDM00948,DG75_HAEMATOPOIETIC_AND_LYMPHOID_TISSUE,,,Lymphoid,Mature B-Cell Neoplasms,True,True,False,False,False,False,0,True,False,
DIFI,DIFI,ACH-002233,1789883.0,SIDM00049,DIFI_LARGE_INTESTINE,,,Bowel,Colorectal Adenocarcinoma,True,True,False,False,False,False,0,False,False,
DOK,DOK,ACH-002234,910936.0,SIDM00540,DOK_UPPER_AERODIGESTIVE_TRACT,,,Head and Neck,"Head and Neck Carcinoma, Other",True,True,False,False,False,False,0,True,False,
DSH1,DSH1,ACH-002235,753552.0,SIDM00970,DSH1_URINARY_TRACT,,,Bladder/Urinary Tract,Bladder Urothelial Carcinoma,True,True,False,False,False,False,0,True,False,
EB-3,EB3,ACH-002236,906847.0,SIDM00793,EB3_HAEMATOPOIETIC_AND_LYMPHOID_TISSUE,,,Lymphoid,Mature B-Cell Neoplasms,True,True,False,False,False,False,0,True,False,
ETK-1,ETK1,ACH-002237,906861.0,SIDM00276,ETK1_BILIARY_TRACT,,,Biliary Tract,Intraductal Papillary Neoplasm of the Bile Duct,True,True,False,False,False,False,0,True,False,
GR-ST,GRST,ACH-002238,906877.0,SIDM01259,GRST_HAEMATOPOIETIC_AND_LYMPHOID_TISSUE,,,Lymphoid,B-Cell Acute Lymphoblastic Leukemia,True,True,False,False,False,False,0,True,False,
H3118,H3118,ACH-002239,1240140.0,SIDM00517,H3118_UPPER_AERODIGESTIVE_TRACT,,,Head and Neck,Salivary Carcinoma,True,True,False,False,False,False,0,True,False,
H9,H9,ACH-002240,907043.0,SIDM01251,H9_HAEMATOPOIETIC_AND_LYMPHOID_TISSUE,,,Lymphoid,Mature T and NK Neoplasms,True,True,False,False,False,False,0,True,False,
HAL-01,HAL01,ACH-002241,949153.0,SIDM00289,HAL01_HAEMATOPOIETIC_AND_LYMPHOID_TISSUE,,,Lymphoid,B-Cell Acute Lymphoblastic Leukemia,True,True,False,False,False,False,0,True,False,
HC-1,HC1,ACH-002242,907044.0,SIDM01073,HC1_HAEMATOPOIETIC_AND_LYMPHOID_TISSUE,,,Lymphoid,Mature B-Cell Neoplasms,True,True,False,False,False,False,0,True,False,
HCE-4,HCE4,ACH-002243,753559.0,SIDM00052,HCE4_OESOPHAGUS,,,Esophagus/Stomach,Esophageal Squamous Cell Carcinoma,True,True,False,False,False,False,0,True,False,
HO-1-N-1,HO1N1,ACH-002244,924111.0,SIDM00592,HO1N1_UPPER_AERODIGESTIVE_TRACT,,,Head and Neck,Head and Neck Squamous Cell Carcinoma,True,True,False,False,False,False,0,True,False,
Hs-445,HS445,ACH-002245,1322218.0,SIDM00668,HS445_HAEMATOPOIETIC_AND_LYMPHOID_TISSUE,,,Lymphoid,Hodgkin Lymphoma,True,True,False,False,False,False,0,True,False,
Hs 633.T,HS633T,ACH-002246,1240149.0,SIDM00667,HS633T_SOFT_TISSUE,,,Soft Tissue,Fibrosarcoma,True,True,False,False,False,False,0,True,False,
IM-9,IM9,ACH-002247,753563.0,SIDM00632,IM9_HAEMATOPOIETIC_AND_LYMPHOID_TISSUE,,,Myeloid,Non-Cancerous,True,True,False,False,False,False,0,True,False,
IMR-5,IMR5,ACH-002248,907170.0,SIDM01206,IMR5_AUTONOMIC_GANGLIA,,,Peripheral Nervous System,Neuroblastoma,True,True,False,False,False,False,0,True,False,
JHU-011,JHU011,ACH-002249,1240161.0,SIDM00128,JHU011_UPPER_AERODIGESTIVE_TRACT,,,Head and Neck,Head and Neck Squamous Cell Carcinoma,True,True,False,False,False,False,0,True,False,
JHU-022,JHU022,ACH-002250,1240162.0,SIDM00127,JHU022_UPPER_AERODIGESTIVE_TRACT,,,Head and Neck,Head and Neck Squamous Cell Carcinoma,True,True,False,False,False,False,0,True,False,
JHU-029,JHU029,ACH-002251,1298156.0,SIDM00690,JHU029_UPPER_AERODIGESTIVE_TRACT,,,Head and Neck,Head and Neck Squamous Cell Carcinoma,True,True,False,False,False,False,0,True,False,
JiyoyeP-2003,JIYOYEP2003,ACH-002252,907268.0,SIDM00808,JIYOYEP2003_HAEMATOPOIETIC_AND_LYMPHOID_TISSUE,,,Lymphoid,Mature B-Cell Neoplasms,True,True,False,False,False,False,0,True,False,
JSC-1,JSC1,ACH-002253,1327769.0,SIDM00688,JSC1_HAEMATOPOIETIC_AND_LYMPHOID_TISSUE,,,Lymphoid,Mature B-Cell Neoplasms,True,True,False,False,False,False,0,True,False,
KARPAS-1106P,KARPAS1106P,ACH-002254,1327773.0,SIDM01011,KARPAS1106P_HAEMATOPOIETIC_AND_LYMPHOID_TISSUE,,,Lymphoid,Mature B-Cell Neoplasms,True,True,False,False,False,False,0,True,False,
KARPAS-231,KARPAS231,ACH-002255,1327774.0,SIDM01017,KARPAS231_HAEMATOPOIETIC_AND_LYMPHOID_TISSUE,,,Lymphoid,Mature B-Cell Neoplasms,True,True,False,False,False,False,0,True,False,
KARPAS-45,KARPAS45,ACH-002256,907272.0,SIDM01007,KARPAS45_HAEMATOPOIETIC_AND_LYMPHOID_TISSUE,,,Lymphoid,T-Lymphoblastic Leukemia/Lymphoma,True,True,False,False,False,False,0,True,False,
KINGS-1,KINGS1,ACH-002257,907279.0,SIDM00612,KINGS1_CENTRAL_NERVOUS_SYSTEM,,,CNS/Brain,Adult-Type Diffuse Glioma,True,True,False,False,False,False,0,True,False,
KMOE-2,KMOE2,ACH-002258,907280.0,SIDM01019,KMOE2_HAEMATOPOIETIC_AND_LYMPHOID_TISSUE,,,Myeloid,Acute Myeloid Leukemia,True,True,False,False,False,False,0,True,False,
KNS-81-FD,KNS81FD,ACH-002259,924188.0,SIDM01210,KNS81FD_CENTRAL_NERVOUS_SYSTEM,,,CNS/Brain,Adult-Type Diffuse Glioma,True,True,False,False,False,False,0,True,False,
KP-N-YS,KPNYS,ACH-002261,946363.0,SIDM00157,KPNYS_AUTONOMIC_GANGLIA,,,Peripheral Nervous System,Neuroblastoma,True,True,False,False,False,False,0,False,False,
KY821,KY821,ACH-002262,907300.0,SIDM00553,KY821_HAEMATOPOIETIC_AND_LYMPHOID_TISSUE,,,Myeloid,Acute Myeloid Leukemia,True,True,False,False,False,False,0,True,False,
KYSE-220,KYSE220,ACH-002263,1240167.0,SIDM00551,KYSE220_OESOPHAGUS,,,Esophagus/Stomach,Esophageal Squamous Cell Carcinoma,True,True,False,False,False,False,0,True,False,
KYSE-50,KYSE50,ACH-002264,1298222.0,SIDM00550,KYSE50_OESOPHAGUS,,,Esophagus/Stomach,Esophageal Squamous Cell Carcinoma,True,True,False,False,False,False,0,True,False,
LB771-HNC,LB771HNC,ACH-002265,753583.0,SIDM00182,LB771HNC_UPPER_AERODIGESTIVE_TRACT,,,Head and Neck,Head and Neck Squamous Cell Carcinoma,True,True,False,False,False,False,0,True,False,
LB831-BLC,LB831BLC,ACH-002266,753584.0,SIDM00181,LB831BLC_URINARY_TRACT,,,Bladder/Urinary Tract,Bladder Urothelial Carcinoma,True,True,False,False,False,False,0,True,False,
LC4-1,LC41,ACH-002267,907787.0,SIDM00549,LC41_HAEMATOPOIETIC_AND_LYMPHOID_TISSUE,,,Lymphoid,B-Cell Acute Lymphoblastic Leukemia,True,True,False,False,False,False,0,True,False,
LN-405,LN405,ACH-002268,910694.0,SIDM00343,LN405_CENTRAL_NERVOUS_SYSTEM,,,CNS/Brain,Adult-Type Diffuse Glioma,True,True,False,False,False,False,0,True,False,
LNZTA3WT4,LNZTA3WT4,ACH-002269,1240170.0,SIDM01220,LNZTA3WT4_CENTRAL_NERVOUS_SYSTEM,,,CNS/Brain,Adult-Type Diffuse Glioma,True,True,False,False,False,False,0,True,False,
MC-CAR,MCCAR,ACH-002270,683665.0,SIDM00636,MCCAR_HAEMATOPOIETIC_AND_LYMPHOID_TISSUE,,,Lymphoid,Non-Cancerous,False,False,False,False,False,False,0,True,False,
MFH-ino,MFHINO,ACH-002271,925343.0,SIDM00299,MFHINO_SOFT_TISSUE,,,Soft Tissue,Undifferentiated Pleomorphic Sarcoma/Malignant Fibrous Histiocytoma/High-Grade Spindle Cell Sarcoma,True,True,False,False,False,False,0,True,False,
MHH-PREB-1,MHHPREB1,ACH-002272,908136.0,SIDM00388,MHHPREB1_HAEMATOPOIETIC_AND_LYMPHOID_TISSUE,,,Lymphoid,Non-Hodgkin Lymphoma,True,True,False,False,False,False,0,True,False,
ML-2,ML2,ACH-002273,908141.0,SIDM00441,ML2_HAEMATOPOIETIC_AND_LYMPHOID_TISSUE,,,Myeloid,Acute Myeloid Leukemia,True,True,False,False,False,False,0,True,False,
MLMA,MLMA,ACH-002274,908142.0,SIDM00561,MLMA_HAEMATOPOIETIC_AND_LYMPHOID_TISSUE,,,Lymphoid,Mature B-Cell Neoplasms,True,True,False,False,False,False,0,True,False,
MN-60,MN60,ACH-002275,908143.0,SIDM00438,MN60_HAEMATOPOIETIC_AND_LYMPHOID_TISSUE,,,Lymphoid,Mature B-Cell Neoplasms,True,True,False,False,False,False,0,True,False,
MY-M12,MYM12,ACH-002276,1330960.0,SIDM01217,MYM12_HAEMATOPOIETIC_AND_LYMPHOID_TISSUE,,,Myeloid,Acute Leukemias of Ambiguous Lineage,True,True,False,False,False,False,0,False,False,
NB(TU)1-10,NBTU110,ACH-002277,1240181.0,SIDM00579,NBTU110_AUTONOMIC_GANGLIA,,,Peripheral Nervous System,Neuroblastoma,True,True,False,False,False,False,0,True,False,
NB10,NB10,ACH-002278,949171.0,SIDM00259,NB10_AUTONOMIC_GANGLIA,,,Peripheral Nervous System,Neuroblastoma,True,True,False,False,False,False,0,True,False,
NB12,NB12,ACH-002279,949172.0,SIDM00258,NB12_AUTONOMIC_GANGLIA,,,Peripheral Nervous System,Neuroblastoma,True,True,False,False,False,False,0,True,False,
NB13,NB13,ACH-002280,949177.0,SIDM00257,NB13_AUTONOMIC_GANGLIA,,,Peripheral Nervous System,Neuroblastoma,True,True,False,False,False,False,0,True,False,
NB14,NB14,ACH-002281,949178.0,SIDM00256,NB14_AUTONOMIC_GANGLIA,,,Peripheral Nervous System,Neuroblastoma,True,True,False,False,False,False,0,True,False,
NB17,NB17,ACH-002282,949175.0,SIDM00255,NB17_AUTONOMIC_GANGLIA,,,Peripheral Nervous System,Neuroblastoma,True,True,False,False,False,False,0,True,False,
NB5,NB5,ACH-002283,949176.0,SIDM00254,NB5_AUTONOMIC_GANGLIA,,,Peripheral Nervous System,Neuroblastoma,True,True,False,False,False,False,0,True,True,
NB6,NB6,ACH-002284,949173.0,SIDM00253,NB6_AUTONOMIC_GANGLIA,,,Peripheral Nervous System,Neuroblastoma,True,True,False,False,False,False,0,True,False,
NB7,NB7,ACH-002285,949174.0,SIDM00156,NB7_AUTONOMIC_GANGLIA,,,Peripheral Nervous System,Neuroblastoma,True,True,False,False,False,False,0,True,False,
NCI-H128,NCIH128,ACH-002286,753597.0,SIDM00650,NCIH128_LUNG,,ACH-001073,Lung,Lung Neuroendocrine Tumor,True,False,False,False,False,False,0,False,False,
NCI-H630,NCIH630,ACH-002287,908482.0,,NCIH630_LARGE_INTESTINE,,,Bowel,Colorectal Adenocarcinoma,False,False,False,False,False,False,0,True,False,
NEC8,NEC8,ACH-002288,910942.0,SIDM00243,NEC8_TESTIS,,,Testis,Non-Seminomatous Germ Cell Tumor,True,True,False,False,False,False,0,True,False,
NK-92MI,NK92MI,ACH-002289,1330981.0,SIDM01201,NK92MI_HAEMATOPOIETIC_AND_LYMPHOID_TISSUE,,,Lymphoid,T-Lymphoblastic Leukemia/Lymphoma,True,True,False,False,False,False,0,False,False,
NKM-1,NKM1,ACH-002290,908448.0,SIDM00576,NKM1_HAEMATOPOIETIC_AND_LYMPHOID_TISSUE,,,Myeloid,Acute Myeloid Leukemia,True,True,False,False,False,False,0,True,True,
NTERA-2 cl.D1,NTERA2CLD1,ACH-002291,908454.0,SIDM01203,NTERA2CLD1_TESTIS,,,Testis,Non-Seminomatous Germ Cell Tumor,True,True,False,False,False,False,0,True,True,
OACp4C,OACP4C,ACH-002292,1503362.0,SIDM00445,OACP4C_OESOPHAGUS,,,Esophagus/Stomach,Esophagogastric Adenocarcinoma,True,True,False,False,False,False,0,True,False,
P32-ISH,P32ISH,ACH-002293,1330987.0,SIDM00362,P32ISH_HAEMATOPOIETIC_AND_LYMPHOID_TISSUE,,,Lymphoid,Mature B-Cell Neoplasms,True,True,False,False,False,False,0,True,False,
PCI-15A,PCI15A,ACH-002294,1240204.0,SIDM00270,PCI15A_UPPER_AERODIGESTIVE_TRACT,,,Head and Neck,Head and Neck Squamous Cell Carcinoma,True,True,False,False,False,False,0,True,False,
PCI-30,PCI30,ACH-002295,1298529.0,SIDM00044,PCI30_UPPER_AERODIGESTIVE_TRACT,,,Head and Neck,Head and Neck Squamous Cell Carcinoma,True,True,False,False,False,False,0,True,False,
PCI-38,PCI38,ACH-002296,1240205.0,SIDM00155,PCI38_UPPER_AERODIGESTIVE_TRACT,,,Head and Neck,Head and Neck Squamous Cell Carcinoma,True,False,False,False,False,False,0,True,False,
PCI-4B,PCI4B,ACH-002297,1298531.0,SIDM00043,PCI4B_UPPER_AERODIGESTIVE_TRACT,,,Head and Neck,Head and Neck Squamous Cell Carcinoma,True,True,False,False,False,False,0,True,False,
PCI-6A,PCI6A,ACH-002298,1240206.0,SIDM00115,PCI6A_UPPER_AERODIGESTIVE_TRACT,,,Head and Neck,Head and Neck Squamous Cell Carcinoma,True,True,False,False,False,False,0,True,False,
QIMR-WIL,QIMRWIL,ACH-002299,910545.0,SIDM00467,QIMRWIL_HAEMATOPOIETIC_AND_LYMPHOID_TISSUE,,,Myeloid,Acute Myeloid Leukemia,True,True,False,False,False,False,0,True,False,
Ramos-2G6-4C10,RAMOS2G64C10,ACH-002300,910401.0,SIDM01247,RAMOS2G64C10_HAEMATOPOIETIC_AND_LYMPHOID_TISSUE,,,Lymphoid,Mature B-Cell Neoplasms,True,True,False,False,False,False,0,True,False,
RF-48,RF48,ACH-002301,909697.0,SIDM01092,RF48_HAEMATOPOIETIC_AND_LYMPHOID_TISSUE,,,Lymphoid,Non-Hodgkin Lymphoma,True,True,False,False,False,False,0,True,False,
RPMI-8866,RPMI8866,ACH-002302,910544.0,SIDM00482,RPMI8866_HAEMATOPOIETIC_AND_LYMPHOID_TISSUE,,,Myeloid,Myeloproliferative Neoplasms,True,True,False,False,False,False,0,True,False,
SK-MG-1,SKMG1,ACH-002304,909729.0,SIDM00379,SKMG1_CENTRAL_NERVOUS_SYSTEM,,,CNS/Brain,Adult-Type Diffuse Glioma,True,True,False,False,False,False,0,True,False,
SKN-3,SKN3,ACH-002305,1299059.0,SIDM00375,SKN3_UPPER_AERODIGESTIVE_TRACT,,,Head and Neck,Head and Neck Squamous Cell Carcinoma,True,True,False,False,False,False,0,True,False,
STS-0421,STS0421,ACH-002306,1299061.0,SIDM00041,STS0421_SOFT_TISSUE,,,Esophagus/Stomach,Esophagogastric Adenocarcinoma,True,True,False,False,False,False,0,True,False,
SU-DHL-16,SUDHL16,ACH-002307,1331034.0,SIDM00404,SUDHL16_HAEMATOPOIETIC_AND_LYMPHOID_TISSUE,,,Lymphoid,Non-Hodgkin Lymphoma,True,True,False,False,False,False,0,True,False,
SUP-B8,SUPB8,ACH-002308,910209.0,SIDM01177,SUPB8_HAEMATOPOIETIC_AND_LYMPHOID_TISSUE,,,Lymphoid,B-Cell Acute Lymphoblastic Leukemia,True,True,False,False,False,False,0,True,False,
SW684,SW684,ACH-002309,909754.0,SIDM01175,SW684_SOFT_TISSUE,,,Soft Tissue,Fibrosarcoma,True,True,False,False,False,False,0,True,False,
SW872,SW872,ACH-002310,909756.0,SIDM01159,SW872_SOFT_TISSUE,,,Soft Tissue,Liposarcoma,True,True,False,False,False,False,0,True,False,
TE-12,TE12,ACH-002311,946356.0,SIDM00023,TE12_OESOPHAGUS,,,Esophagus/Stomach,Esophageal Squamous Cell Carcinoma,True,True,False,False,False,False,0,True,False,
TGBC24TKB,TGBC24TKB,ACH-002312,910695.0,SIDM00267,TGBC24TKB_BILIARY_TRACT,,,Biliary Tract,Intracholecystic Papillary Neoplasm,True,True,False,False,False,False,0,True,False,
TK,TK,ACH-002313,1331045.0,SIDM00323,TK_HAEMATOPOIETIC_AND_LYMPHOID_TISSUE,,,Lymphoid,Non-Hodgkin Lymphoma,True,True,False,False,False,False,0,True,False,
TUR,TUR,ACH-002314,909773.0,SIDM01205,TUR_HAEMATOPOIETIC_AND_LYMPHOID_TISSUE,,,Myeloid,Acute Myeloid Leukemia,True,True,False,False,False,False,0,True,False,
WIL2-NS,WIL2NS,ACH-002316,1331049.0,SIDM01102,WIL2NS_HAEMATOPOIETIC_AND_LYMPHOID_TISSUE,,,Myeloid,Hereditary Spherocytosis,True,True,False,False,False,False,0,True,False,
YT,YT,ACH-002317,946358.0,SIDM00410,YT_HAEMATOPOIETIC_AND_LYMPHOID_TISSUE,,,Lymphoid,Non-Hodgkin Lymphoma,True,True,False,False,False,False,0,True,False,
600MPE,600MPE,ACH-002320,,,600MPE_BREAST,,,Breast,Invasive Breast Carcinoma,False,False,False,False,False,False,0,False,False,
HBL-100,HBL100,ACH-002321,,,HBL100_BREAST,,,Breast,Non-Cancerous,False,False,False,False,False,False,0,False,False,
HCC2185,HCC2185,ACH-002322,,,HCC2185_BREAST,,,Breast,Invasive Breast Carcinoma,False,False,False,False,False,False,0,False,False,
HCC2688,HCC2688,ACH-002323,,,HCC2688_BREAST,,,Breast,Breast Ductal Carcinoma In Situ,False,False,False,False,False,False,0,False,False,
HCC3153,HCC3153,ACH-002324,,,HCC3153_BREAST,,,Breast,Invasive Breast Carcinoma,False,False,False,False,False,False,0,False,False,
MACLS2,MACLS2,ACH-002326,,,MACLS2_BREAST,,,Breast,Invasive Breast Carcinoma,False,False,False,False,False,False,0,False,False,
MCF12A,MCF12A,ACH-002327,,,MCF12A_BREAST,,,Breast,Non-Cancerous,False,False,False,False,False,False,0,False,False,
MX1,MX1,ACH-002328,,,MX1_BREAST,,,Breast,"Breast Neoplasm, NOS",False,False,False,False,False,False,0,False,False,
SKBR5,SKBR5,ACH-002329,,,SKBR5_BREAST,,,Breast,"Breast Neoplasm, NOS",False,False,False,False,False,False,0,False,False,
SKBR7,SKBR7,ACH-002330,,,SKBR7_BREAST,,,Breast,"Breast Neoplasm, NOS",False,False,False,False,False,False,0,False,False,
ZR-75-B,ZR75B,ACH-002331,,,ZR75B_BREAST,,,Breast,Invasive Breast Carcinoma,False,False,False,False,False,False,0,False,False,
GISTT1,GISTT1,ACH-002332,,,GISTT1_STOMACH,,,Soft Tissue,Gastrointestinal Stromal Tumor,False,False,False,False,False,False,0,False,False,
HCC-827-GR,HCC827GR,ACH-002333,,,HCC827GR_LUNG,,,Lung,Non-Small Cell Lung Cancer,False,False,False,False,False,False,0,False,False,
SS1A,SS1A,ACH-002334,,,SS1A_SOFT_TISSUE,,,Soft Tissue,Synovial Sarcoma,False,False,False,False,False,False,0,False,False,
HCET,HCET,ACH-002336,,SIDM00075,HCET_UPPER_AERODIGESTIVE_TRACT,,,Eye,Non-Cancerous,False,False,False,False,False,False,0,False,False,
JHU-028,JHU028,ACH-002337,,SIDM00902,JHU028_LUNG,,,Lung,Non-Small Cell Lung Cancer,False,False,False,False,False,False,0,False,False,
M980513,M980513,ACH-002338,,SIDM00177,M980513_SKIN,,,Skin,Melanoma,False,False,False,False,False,False,0,False,False,
MOT,MOT,ACH-002339,,SIDM00623,MOT_HAEMATOPOIETIC_AND_LYMPHOID_TISSUE,,,Lymphoid,Mature B-Cell Neoplasms,False,False,False,False,False,False,0,False,False,
NBSUSSR,NBSUSSR,ACH-002340,,SIDM00002,NBSUSSR_AUTONOMIC_GANGLIA,,,Peripheral Nervous System,Neuroblastoma,False,False,False,False,False,False,0,False,False,
BB30P BL,BB30PBL,ACH-002342,,,BB30PBL_MATCHED_NORMAL_TISSUE,,,Lymphoid,Non-Cancerous,False,False,False,False,False,False,0,False,False,
BB49EBV,BB49EBV,ACH-002343,,,BB49EBV_MATCHED_NORMAL_TISSUE,,,Normal,Non-Cancerous,False,False,False,False,False,False,0,False,False,
BB65EBV,BB65EBV,ACH-002344,,,BB65EBV_MATCHED_NORMAL_TISSUE,,,Normal,Non-Cancerous,False,False,False,False,False,False,0,False,False,
CaR-1,CAR1,ACH-002345,,SIDM00488,CAR1_LARGE_INTESTINE,,,Bowel,Colorectal Adenocarcinoma,False,False,False,False,False,False,0,False,False,
CP50EBV,CP50EBV,ACH-002346,,SIDM01716,CP50EBV_MATCHED_NORMAL_TISSUE,,,Normal,Non-Cancerous,False,False,False,False,False,False,0,False,False,
CP66EBV,CP66EBV,ACH-002347,,SIDM01715,CP66EBV_MATCHED_NORMAL_TISSUE,,,Normal,Non-Cancerous,False,False,False,False,False,False,0,False,False,
HSJD-DIPG-007,HSJDDIPG007,ACH-002348,,SIDM01714,DIPG007_CENTRAL_NERVOUS_SYSTEM,,ACH-003094,CNS/Brain,Pediatric-Type Diffuse High-Grade Glioma,False,False,False,False,False,False,0,False,False,
GBM001,GBM001,ACH-002349,,,GBM001_CENTRAL_NERVOUS_SYSTEM,,,CNS/Brain,Adult-Type Diffuse Glioma,False,False,False,False,False,False,0,False,False,
HA7EBV,HA7EBV,ACH-002350,,SIDM01711,HA7EBV_MATCHED_NORMAL_TISSUE,,,Normal,Non-Cancerous,False,False,False,False,False,False,0,False,False,
L542,L542,ACH-002351,,,L542_MATCHED_NORMAL_TISSUE,,,Normal,Non-Cancerous,False,False,False,False,False,False,0,False,False,
LB1047EBV,LB1047EBV,ACH-002352,,,LB1047EBV_MATCHED_NORMAL_TISSUE,,,Normal,Non-Cancerous,False,False,False,False,False,False,0,False,False,
LB2241EBV,LB2241EBV,ACH-002353,,,LB2241EBV_MATCHED_NORMAL_TISSUE,,,Normal,Non-Cancerous,False,False,False,False,False,False,0,False,False,
LB2518EBV,LB2518EBV,ACH-002354,,,LB2518EBV_MATCHED_NORMAL_TISSUE,,,Normal,Non-Cancerous,False,False,False,False,False,False,0,False,False,
LB373EBV,LB373EBV,ACH-002355,,,LB373EBV_MATCHED_NORMAL_TISSUE,,,Normal,Non-Cancerous,False,False,False,False,False,False,0,False,False,
LB647P BL,LB647PBL,ACH-002356,,,LB647PBL_MATCHED_NORMAL_TISSUE,,,Lymphoid,Non-Cancerous,False,False,False,False,False,False,0,False,False,
LB771P BL,LB771PBL,ACH-002357,,,LB771PBL_MATCHED_NORMAL_TISSUE,,,Lymphoid,Non-Cancerous,False,False,False,False,False,False,0,False,False,
LB831-EBV,LB831EBV,ACH-002358,,,LB831EBV_MATCHED_NORMAL_TISSUE,,,Lymphoid,Non-Cancerous,False,False,False,False,False,False,0,False,False,
MZ1B,MZ1B,ACH-002360,,SIDM01878,MZ1B_MATCHED_NORMAL_TISSUE,,,Normal,Non-Cancerous,False,False,False,False,False,False,0,False,False,
MZ7B,MZ7B,ACH-002361,,SIDM01879,MZ7B_MATCHED_NORMAL_TISSUE,,,Normal,Non-Cancerous,False,False,False,False,False,False,0,False,False,
NCI-BL128,NCIBL128,ACH-002362,,,NCIBL128_MATCHED_NORMAL_TISSUE,,,Lymphoid,Non-Cancerous,False,False,False,False,False,False,0,False,False,
NCI-BL1395,NCIBL1395,ACH-002363,,SIDM00643,NCIBL1395_MATCHED_NORMAL_TISSUE,,,Lymphoid,Non-Cancerous,False,False,False,False,False,False,0,False,False,
NCI-BL1437,NCIBL1437,ACH-002364,,,NCIBL1437_MATCHED_NORMAL_TISSUE,,,Lymphoid,Non-Cancerous,False,False,False,False,False,False,0,False,False,
NCI-BL1770,NCIBL1770,ACH-002365,,SIDM00752,NCIBL1770_MATCHED_NORMAL_TISSUE,,,Lymphoid,Non-Cancerous,False,False,False,False,False,False,0,False,False,
NCI-BL2009,NCIBL2009,ACH-002366,,SIDM00736,NCIBL2009_MATCHED_NORMAL_TISSUE,,,Lymphoid,Non-Cancerous,False,False,False,False,False,False,0,False,False,
NCI-BL2052,NCIBL2052,ACH-002367,,SIDM00712,NCIBL2052_MATCHED_NORMAL_TISSUE,,,Lymphoid,Non-Cancerous,False,False,False,False,False,False,0,False,False,
NCI-BL2087,NCIBL2087,ACH-002368,,SIDM00707,NCIBL2087_MATCHED_NORMAL_TISSUE,,,Lymphoid,Non-Cancerous,False,False,False,False,False,False,0,False,False,
NCI-BL209,NCIBL209,ACH-002369,,SIDM00705,NCIBL209_MATCHED_NORMAL_TISSUE,,,Lymphoid,Non-Cancerous,False,False,False,False,False,False,0,False,False,
NCI-BL2122,NCIBL2122,ACH-002370,,SIDM00701,NCIBL2122_MATCHED_NORMAL_TISSUE,,,Lymphoid,Non-Cancerous,False,False,False,False,False,False,0,False,False,
NCI-BL2126,NCIBL2126,ACH-002371,,SIDM00790,NCIBL2126_MATCHED_NORMAL_TISSUE,,,Lymphoid,Non-Cancerous,False,False,False,False,False,False,0,False,False,
NCI-BL2171,NCIBL2171,ACH-002372,,SIDM00717,NCIBL2171_MATCHED_NORMAL_TISSUE,,,Lymphoid,Non-Cancerous,False,False,False,False,False,False,0,False,False,
HCC1187 BL,HCC1187BL,ACH-002373,,SIDM00869,HCC1187_MATCHED_NORMAL_TISSUE,,ACH-003287,Lymphoid,Non-Cancerous,False,False,False,False,False,False,0,False,False,
HCC1599BL,HCC1599BL,ACH-002374,,SIDM00876,HCC1599_MATCHED_NORMAL_TISSUE,,,Lymphoid,Non-Cancerous,False,False,False,False,False,False,0,False,False,
HCC1937 BL,HCC1937BL,ACH-002375,,SIDM00873,HCC1937_MATCHED_NORMAL_TISSUE,,,Lymphoid,Non-Cancerous,False,False,False,False,False,False,0,False,False,
LS1034-PBL,LS1034PBL,ACH-002376,,,LS1034_MATCHED_NORMAL_TISSUE,,,Lymphoid,Non-Cancerous,False,False,False,False,False,False,0,False,False,
HCC38 BL,HCC38BL,ACH-002377,,SIDM00674,HCC38_MATCHED_NORMAL_TISSUE,,,Lymphoid,Non-Cancerous,False,False,False,False,False,False,0,False,False,
HCC1143 BL,HCC1143BL,ACH-002378,,SIDM00868,HCC1143_MATCHED_NORMAL_TISSUE,,,Lymphoid,Non-Cancerous,False,False,False,False,False,False,0,False,False,
J82EBV,J82EBV,ACH-002379,,,J82_MATCHED_NORMAL_TISSUE,,,Normal,Non-Cancerous,False,False,False,False,False,False,0,False,False,
COLO829 BL,COLO829BL,ACH-002380,,SIDM00908,COLO829_MATCHED_NORMAL_TISSUE,,,Lymphoid,Non-Cancerous,False,False,False,False,False,False,0,False,False,
HCC2157 BL,HCC2157BL,ACH-002381,,SIDM00773,HCC2157_MATCHED_NORMAL_TISSUE,,,Lymphoid,Non-Cancerous,False,False,False,False,False,False,0,False,False,
HCC1395 BL,HCC1395BL,ACH-002382,,SIDM00883,HCC1395_MATCHED_NORMAL_TISSUE,,ACH-003294,Lymphoid,Non-Cancerous,False,False,False,False,False,False,0,False,False,
HCC2218 BL,HCC2218BL,ACH-002383,,SIDM00696,HCC2218_MATCHED_NORMAL_TISSUE,,,Lymphoid,Non-Cancerous,False,False,False,False,False,False,0,False,False,
HCC1954 BL,HCC1954BL,ACH-002384,,SIDM00871,HCC1954_MATCHED_NORMAL_TISSUE,,,Lymphoid,Non-Cancerous,False,False,False,False,False,False,0,False,False,
M00921,M00921,ACH-002386,,SIDM00178,M00921_SKIN,,,Skin,Melanoma,False,False,False,False,False,False,0,False,False,
M1203273,M1203273,ACH-002387,,SIDM00013,M1203273_SKIN,,,Skin,Melanoma,False,False,False,False,False,False,0,False,False,
MET2B,MET2B,ACH-002388,,SIDM00221,MET2B_SKIN,,,Skin,Melanoma,False,False,False,False,False,False,0,False,False,
ACN,ACN,ACH-002389,,SIDM00057,ACN_AUTONOMIC_GANGLIA,,,Peripheral Nervous System,Neuroblastoma,False,False,False,False,False,False,0,False,False,
SC-1,SC1,ACH-002392,,SIDM00400,SC1_HAEMATOPOIETIC_AND_LYMPHOID_TISSUE,,ACH-002303,Lymphoid,Mature B-Cell Neoplasms,True,False,False,False,False,False,0,False,False,
KMH-2,KMHDASH2,ACH-002397,2054094.0,SIDM00619,KMH2_THYROID,,,Thyroid,Anaplastic Thyroid Cancer,False,False,False,False,False,False,0,False,False,
21NT,21NT,ACH-002399,,,21NT_BREAST,,,Breast,Invasive Breast Carcinoma,False,False,False,False,False,False,0,False,True,
21MT-1,21MT1,ACH-002400,,,21MT1_BREAST,,,Breast,Invasive Breast Carcinoma,False,False,False,False,False,False,0,False,True,
21MT-2,21MT2,ACH-002401,,,21MT2_BREAST,,,Breast,Invasive Breast Carcinoma,False,False,False,False,False,False,0,False,True,
CCLF_MELM_0001_T,CCLFMELM0001T,ACH-002403,,,CCLFMELM0001T_SKIN,,,Skin,Melanoma,False,False,False,False,False,False,0,False,True,
CCLF_MELM_0002_T,CCLFMELM0002T,ACH-002404,,,CCLFMELM0002T_SKIN,,,Skin,Melanoma,False,False,False,False,False,False,0,False,True,
CCLF_MELM_0003_T,CCLFMELM0003T,ACH-002405,,,CCLFMELM0003T_SKIN,,,Skin,Melanoma,False,False,False,False,False,False,0,False,True,
CCLF_MELM_0005_T,CCLFMELM0005T,ACH-002407,,,CCLFMELM0005T_SKIN,,,Skin,Melanoma,False,False,False,False,False,False,0,False,False,
CCLF_NEURO_0006_T,CCLFNEURO0006T,ACH-002409,,,CCLFNEURO0006T_CENTRAL_NERVOUS_SYSTEM,,,CNS/Brain,Adult-Type Diffuse Glioma,False,False,False,False,False,False,0,False,True,
CCLF_NEURO_0010_T,CCLFNEURO0010T,ACH-002413,,,CCLFNEURO0010T_CENTRAL_NERVOUS_SYSTEM,,,Soft Tissue,Undifferentiated Pleomorphic Sarcoma/Malignant Fibrous Histiocytoma/High-Grade Spindle Cell Sarcoma,False,False,False,False,False,False,0,False,False,
CCLF_OVPA_0001_T,CCLFOVPA0001T,ACH-002419,,,CCLFOVPA0001T_OVARY,,,Uterus,Endometrial Carcinoma,False,False,False,False,False,False,0,False,True,
CCLF_PEDS_0014_T1,CCLFPEDS0014T1,ACH-002431,,,CCLFPEDS0014T1_AUTONOMIC_GANGLIA,,,Peripheral Nervous System,Neuroblastoma,False,False,False,False,False,False,0,False,True,
CCLF_PEDS_0019_T,CCLFPEDS0019T,ACH-002433,,,CCLFPEDS0019T_BONE,,,Bone,Osteosarcoma,False,False,False,False,False,False,0,False,True,
CCLF_PEDS_0022_T,CCLFPEDS0022T,ACH-002435,,,CCLFPEDS0022T_KIDNEY,,,Kidney,Wilms' Tumor,False,False,False,False,False,False,0,False,True,
CCLF_PEDS_0026_T,CCLFPEDS0026T,ACH-002438,,,CCLFPEDS0026T_KIDNEY,,,Kidney,Wilms' Tumor,False,False,False,False,False,False,0,False,True,
CCLF_THYR_0008_T,CCLFTHYR0008T,ACH-002440,,,CCLFTHYR0008T_THYROID,,,Thyroid,Well-Differentiated Thyroid Cancer,False,False,False,False,False,False,0,False,True,
CCLF_UPGI_0003_T,CCLFUPGI0003T,ACH-002444,,,CCLFUPGI0003T_STOMACH,,,Esophagus/Stomach,Esophagogastric Adenocarcinoma,False,False,False,False,False,False,0,False,False,
CCLF_UPGI_0004_T,CCLFUPGI0004T,ACH-002445,,,CCLFUPGI0004T_STOMACH,,,Esophagus/Stomach,Esophagogastric Adenocarcinoma,False,False,False,False,False,False,0,False,False,
CCLF_UPGI_0005_T,CCLFUPGI0005T,ACH-002446,,,CCLFUPGI0005T_STOMACH,,ACH-003021,Esophagus/Stomach,Esophagogastric Adenocarcinoma,False,False,False,False,False,False,0,False,True,
HT-144_DAB_R,HT144DABR,ACH-002458,,,HT144_SKIN_FV1_RESISTANT,,,Skin,Melanoma,False,False,False,False,False,False,0,False,True,
HT-144_DAB_TRAM_R,HT144DABTRAMR,ACH-002459,,,HT144_SKIN_FV3_RESISTANT,,,Skin,Melanoma,False,False,False,False,False,False,0,False,True,
HT-144_DAB_ROX_R,HT144DABROXR,ACH-002460,,,HT144_SKIN_FV2_RESISTANT,,,Skin,Melanoma,False,False,False,False,False,False,0,False,True,
RVH421_DAB_R,RVH42DABR,ACH-002461,,,RVH421_SKIN_FV1_RESISTANT,,,Skin,Melanoma,False,False,False,False,False,False,0,False,True,
RPE1-ss48,RPE1SS48,ACH-002462,,,RPE1SS48_ENGINEERED,,,Eye,Non-Cancerous,False,False,False,False,False,False,0,False,True,
RPE1-ss77,RPE1SS77,ACH-002463,,,RPE1SS77_ENGINEERED,,,Eye,Non-Cancerous,False,False,False,False,False,False,0,False,True,
RPE1-ss6,RPE1SS6,ACH-002464,,,RPE1SS6_ENGINEERED,,,Eye,Non-Cancerous,False,False,False,False,False,False,0,False,True,
RPE1-ss119,RPE1SS119,ACH-002465,,,RPE1SS119_ENGINEERED,,,Eye,Non-Cancerous,False,False,False,False,False,False,0,False,True,
RPE1-ss111,RPE1SS111,ACH-002466,,,RPE1SS111_ENGINEERED,,,Eye,Non-Cancerous,False,False,False,False,False,False,0,False,True,
RPE1-ss51,RPE1SS51,ACH-002467,,,RPE1SS51_ENGINEERED,,,Eye,Non-Cancerous,False,False,False,False,False,False,0,False,True,
OS186,OS186,ACH-002470,,,PSS089_BONE,,,Bone,Osteosarcoma,False,False,False,False,False,False,0,False,True,
OS052,OS052,ACH-002471,,,PSS008_BONE,,,Bone,Osteosarcoma,False,False,False,False,False,False,0,False,True,
HAP1,HAP1,ACH-002475,,,HAP1_ENGINEERED,,,Myeloid,Myeloproliferative Neoplasms,False,False,False,False,False,False,0,False,True,
BC-2,BC2,ACH-002478,,,BC2_HAEMATOPOIETIC_AND_LYMPHOID_TISSUE,,,Lymphoid,Mature B-Cell Neoplasms,False,False,False,False,False,False,0,False,True,
Hs 602,HS602,ACH-002483,,,HS602_HAEMATOPOIETIC_AND_LYMPHOID_TISSUE,,,Lymphoid,,False,False,False,False,False,False,0,False,False,
MAVER-1,MAVER1,ACH-002485,,,MAVER1_HAEMATOPOIETIC_AND_LYMPHOID_TISSUE,,,Lymphoid,Mature B-Cell Neoplasms,False,False,False,False,False,False,0,False,True,
MES-OV,MESOV,ACH-002486,,,MESOV_OVARY,,,Ovary/Fallopian Tube,Ovarian Epithelial Tumor,False,False,False,False,False,False,0,False,True,
NCI-H1882,NCIH1882,ACH-002490,,SIDM00764,NCIH1882_LUNG,,ACH-002997,Lung,Lung Neuroendocrine Tumor,False,False,False,False,False,False,0,False,True,
NCI-H920,NCIH920,ACH-002497,,,NCIH920_LUNG,,,Lung,Non-Small Cell Lung Cancer,False,False,False,False,False,False,0,False,True,
SU-DHL-2,SUDHL2,ACH-002498,,,SUDHL2_HAEMATOPOIETIC_AND_LYMPHOID_TISSUE,,,Lymphoid,Mature B-Cell Neoplasms,False,False,False,False,False,False,0,False,True,
UACC-3199,UACC3199,ACH-002499,,,UACC3199_BREAST,,,Breast,Invasive Breast Carcinoma,False,False,False,False,False,False,0,False,True,
Z-138,Z138,ACH-002500,,,Z138_HAEMATOPOIETIC_AND_LYMPHOID_TISSUE,,,Lymphoid,Mature B-Cell Neoplasms,False,False,False,False,False,False,0,False,True,
RMZ,RMZ,ACH-002501,,,RMZ_SOFT_TISSUE,,,Soft Tissue,Rhabdomyosarcoma,False,False,False,False,False,False,0,False,True,
WM3211,WM3211,ACH-002508,,,WM3211_SKIN,,,Skin,Melanoma,False,False,False,False,False,False,0,False,True,
WM4235,WM4235,ACH-002509,,,WM4235_SKIN,,,Skin,Melanoma,False,False,False,False,False,False,0,False,True,
M040416,M040416,ACH-002510,,,M040416_SKIN,,,Skin,Melanoma,False,False,False,False,False,False,0,False,True,
M104325,M104325,ACH-002511,,,M140325_SKIN,,,Skin,Melanoma,False,False,False,False,False,False,0,False,True,
MM160113,MM160113,ACH-002512,,,MM160113_SKIN,,,Skin,Melanoma,False,False,False,False,False,False,0,False,True,
1765-92,176592,ACH-002516,,,176592_SOFT_TISSUE,,,Soft Tissue,Liposarcoma,False,False,False,False,False,False,0,False,False,
SNU-2292,SNU2292,ACH-002522,,,SNU2292_LUNG,,,Lung,Non-Small Cell Lung Cancer,False,False,False,False,False,False,0,False,True,
SNU-739,SNU739,ACH-002523,,,SNU739_LIVER,,,Liver,Hepatocellular Carcinoma,False,False,False,False,False,False,0,False,True,
SNU-251,SNU251,ACH-002524,,,SNU251_OVARY,,,Ovary/Fallopian Tube,Ovarian Epithelial Tumor,False,False,False,False,False,False,0,False,True,
SNU-1327,SNU1327,ACH-002526,,,SNU1327_LUNG,,,Lung,Non-Small Cell Lung Cancer,False,False,False,False,False,False,0,False,True,
SNU-267,SNU267,ACH-002528,,,SNU267_KIDNEY,,,Kidney,Renal Cell Carcinoma,False,False,False,False,False,False,0,False,True,
SNU-1330,SNU1330,ACH-002529,,,SNU1330_LUNG,,,Lung,Non-Small Cell Lung Cancer,False,False,False,False,False,False,0,False,False,
SNU-977,SNU977,ACH-002530,,,SNU977_LARGE_INTESTINE,,,Bowel,Colorectal Adenocarcinoma,False,False,False,False,False,False,0,False,False,
SNU-2535,SNU2535,ACH-002531,,,SNU2535_LUNG,,,Lung,Non-Small Cell Lung Cancer,False,False,False,False,False,False,0,False,True,
SNU-1411,SNU1411,ACH-002532,,,SNU1411_LARGE_INTESTINE,,,Bowel,Colorectal Adenocarcinoma,False,False,False,False,False,False,0,False,True,
SNU-482,SNU482,ACH-002533,,,SNU482_KIDNEY,,,Kidney,Renal Cell Carcinoma,False,False,False,False,False,False,0,False,True,
SNU-254,SNU254,ACH-002535,,,SNU254_LARGE_INTESTINE,,,Bowel,Colorectal Adenocarcinoma,False,False,False,False,False,False,0,False,True,
SNU-1235,SNU1235,ACH-002538,,,SNU1235_LARGE_INTESTINE,,,Bowel,Colorectal Adenocarcinoma,False,False,False,False,False,False,0,False,True,
SNU-1460,SNU1460,ACH-002539,,,SNU1460_LARGE_INTESTINE,,,Bowel,Colorectal Adenocarcinoma,False,False,False,False,False,False,0,False,True,
SNU-1406,SNU1406,ACH-002543,,,SNU1406_COLON,,,Bowel,Colorectal Adenocarcinoma,False,False,False,False,False,False,0,False,True,
SNU-1750,SNU1750,ACH-002544,,,SNU1750_STOMACH,,,Esophagus/Stomach,Esophagogastric Adenocarcinoma,False,False,False,False,False,False,0,False,True,
GRANTA-452,GRANTA452,ACH-002643,,,GRANTA452_HAEMATOPOIETIC_AND_LYMPHOID_TISSUE,,,Lymphoid,B-Cell Acute Lymphoblastic Leukemia,False,False,False,False,False,False,0,False,True,
MEGAL,MEGAL,ACH-002644,,,MEGAL_HAEMATOPOIETIC_AND_LYMPHOID_TISSUE,,,Myeloid,Acute Myeloid Leukemia,False,False,False,False,False,False,0,False,True,
MHH-TALL-2,MHHTALL2,ACH-002645,,,MHHTALL2_HAEMATOPOIETIC_AND_LYMPHOID_TISSUE,,,Lymphoid,T-Lymphoblastic Leukemia/Lymphoma,False,False,False,False,False,False,0,False,False,
CCC-5,CCC5,ACH-002647,,,CCC5_BILIARY_TRACT,,,Biliary Tract,Intraductal Papillary Neoplasm of the Bile Duct,False,False,False,False,False,False,0,False,True,
CX-03,CX03,ACH-002648,,,CX03_ENDOMETRIUM,,,Uterus,Endometrial Carcinoma,False,False,False,False,False,False,0,False,True,
ETCC-016,ETCC016,ACH-002650,,,ETCC016_LUNG,,,Lung,Non-Small Cell Lung Cancer,False,False,False,False,False,False,0,False,True,
FKH-1,FKH1,ACH-002651,,,FKH1_HAEMATOPOIETIC_AND_LYMPHOID_TISSUE,,,Myeloid,Acute Myeloid Leukemia,False,False,False,False,False,False,0,False,True,
JIH-5,JIH5,ACH-002653,,,JIH5_HAEMATOPOIETIC_AND_LYMPHOID_TISSUE,,,Myeloid,Acute Leukemias of Ambiguous Lineage,False,False,False,False,False,False,0,False,True,
JVE-015,JVE015,ACH-002654,,,JVE015_COLON,,,Bowel,Colorectal Adenocarcinoma,False,False,False,False,False,False,0,False,True,
JVE-127,JVE127,ACH-002659,,,JVE127_COLON,,,Bowel,Colorectal Adenocarcinoma,False,False,False,False,False,False,0,False,True,
JVE-187,JVE187,ACH-002660,,,JVE187_COLON,,,Bowel,Colorectal Adenocarcinoma,False,False,False,False,False,False,0,False,True,
JVE-207,JVE207,ACH-002662,,,JVE207_COLON,,,Bowel,Colorectal Adenocarcinoma,False,False,False,False,False,False,0,False,True,
JVE-253,JVE253,ACH-002664,,,JVE253_COLON,,,Bowel,Colorectal Adenocarcinoma,False,False,False,False,False,False,0,False,True,
JVE-367,JVE367,ACH-002665,,,JVE367_COLON,,,Bowel,Gastrointestinal Neuroendocrine Tumors,False,False,False,False,False,False,0,False,True,
JVE-528,JVE528,ACH-002667,,,JVE528_COLON,,,Bowel,Colorectal Adenocarcinoma,False,False,False,False,False,False,0,False,True,
KASUMI-3,KASUMI3,ACH-002668,,,KASUMI3_HAEMATOPOIETIC_AND_LYMPHOID_TISSUE,,,Myeloid,Acute Myeloid Leukemia,False,False,False,False,False,False,0,False,True,
KP-363T,KP363T,ACH-002669,,,KP363T_COLON,,,Bowel,Colorectal Adenocarcinoma,False,False,False,False,False,False,0,False,True,
MAPAC-HS-77,MAPACHS77,ACH-002672,,,MAPACHS77_PANCREAS,,,Pancreas,Pancreatic Adenocarcinoma,False,False,False,False,False,False,0,False,True,
SH-2,SH2,ACH-002675,,,SH2_HAEMATOPOIETIC_AND_LYMPHOID_TISSUE,,,Myeloid,Acute Myeloid Leukemia,False,False,False,False,False,False,0,False,True,
TK-6,TK6,ACH-002676,,,TK6_HAEMATOPOIETIC_AND_LYMPHOID_TISSUE,,,Myeloid,Myeloproliferative Neoplasms,False,False,False,False,False,False,0,False,True,
U-2946,U2946,ACH-002677,,,U2946_HAEMATOPOIETIC_AND_LYMPHOID_TISSUE,,,Lymphoid,Mature B-Cell Neoplasms,False,False,False,False,False,False,0,False,True,
WILL-1,WILL1,ACH-002678,,,WILL1_HAEMATOPOIETIC_AND_LYMPHOID_TISSUE,,,Lymphoid,Mature B-Cell Neoplasms,False,False,False,False,False,False,0,False,True,
170-MG-BA,170MGBA,ACH-002680,,,170MGBA_CENTRAL_NERVOUS_SYSTEM,,,CNS/Brain,Adult-Type Diffuse Glioma,False,False,False,False,False,False,0,False,True,
538-MG-BA,538MGBA,ACH-002681,,,538MGBA_CENTRAL_NERVOUS_SYSTEM,,,CNS/Brain,Adult-Type Diffuse Glioma,False,False,False,False,False,False,0,False,True,
WM3772F,WM3772F,ACH-002687,,,WM3772F_EYE,,,Eye,Ocular Melanoma,False,False,False,False,False,False,0,False,True,
OS457,OS457,ACH-002688,,,PSS141_BONE,,,Bone,Osteosarcoma,False,False,False,False,False,False,0,False,True,
OS525,OS525,ACH-002689,,,PSS050_BONE,,,Bone,Osteosarcoma,False,False,False,False,False,False,0,False,True,
OS526,OS526,ACH-002690,,,PSS112_BONE,,,Bone,Osteosarcoma,False,False,False,False,False,False,0,False,True,
S462,S462,ACH-002693,,,S462_SOFT_TISSUE,,,Peripheral Nervous System,Nerve Sheath Tumor,False,False,False,False,False,False,0,False,True,
STS26T,STS26T,ACH-002695,,,STS26T_SOFT_TISSUE,,,Peripheral Nervous System,Nerve Sheath Tumor,False,False,False,False,False,False,0,False,True,
OANC1,OANC1,ACH-002703,,,OANC1_OESOPHAGUS,,,Esophagus/Stomach,Esophagogastric Adenocarcinoma,False,False,False,False,False,False,0,False,True,
IS076P,IS076P,ACH-002705,,,IS076P_OESOPHAGUS,,,Esophagus/Stomach,Esophagogastric Adenocarcinoma,False,False,False,False,False,False,0,False,True,
IS076A,IS076A,ACH-002706,,,IS076A_OESOPHAGUS,,,Esophagus/Stomach,Esophagogastric Adenocarcinoma,False,False,False,False,False,False,0,False,True,
DL-221,DL221,ACH-002708,,,DL221_SOFT_TISSUE,,,Soft Tissue,Liposarcoma,False,False,False,False,False,False,0,False,True,
CMS,CMS,ACH-002709,,,CMS_HAEMATOPOIETIC_AND_LYMPHOID_TISSUE,,,Myeloid,Acute Myeloid Leukemia,False,False,False,False,False,False,0,False,True,
MPNST-724,MPNST724,ACH-002710,,,MPNST724_SOFT_TISSUE,,,Peripheral Nervous System,Nerve Sheath Tumor,False,False,False,False,False,False,0,False,True,
UM-HACC-2A,UMHACC2A,ACH-002711,,,UMHACC2A_UPPER_AERODIGESTIVE_TRACT,,,Head and Neck,Salivary Carcinoma,False,False,False,False,False,False,0,False,True,
MO-91,MO91,ACH-002716,,,MO91_AML,,,Myeloid,Acute Myeloid Leukemia,False,False,False,False,False,False,0,False,True,
OSU-Des23,OSUDES23,ACH-002722,,,,,,Soft Tissue,Desmoid/Aggressive Fibromatosis,False,False,False,False,False,False,0,False,True,
CCLF_UPGI_0009_T,CCLFUPGI0009T,ACH-002730,,,CCLFUPGI0009T_GASTRIC,,,Esophagus/Stomach,Esophagogastric Adenocarcinoma,False,False,False,False,False,False,0,False,False,
HCM-BROD-0477-C16,HCMBROD0477C16,ACH-002733,,,,,,Esophagus/Stomach,Esophagogastric Adenocarcinoma,False,False,False,False,False,False,0,False,False,
CCLF_UPGI_0052_T,CCLFUPGI0052T,ACH-002736,,,,,,Esophagus/Stomach,Esophagogastric Adenocarcinoma,False,False,False,False,False,False,0,False,False,
PANFR0420,PANFR0420,ACH-002738,,,,,ACH-004272,Pancreas,Pancreatic Adenocarcinoma,False,False,False,False,False,False,0,False,False,
PANFR0233,PANFR0233,ACH-002742,,,,,,Pancreas,Pancreatic Adenocarcinoma,False,False,False,False,False,False,0,False,False,
PANFR0368,PANFR0368,ACH-002743,,,,,ACH-004264,Pancreas,Pancreatic Adenocarcinoma,False,False,False,False,False,False,0,False,False,
PANFR0402,PANFR0402,ACH-002744,,,,,,Pancreas,Pancreatic Adenocarcinoma,False,False,False,False,False,False,0,False,False,
PANFR0069,PANFR0069,ACH-002745,,,,,,Pancreas,Pancreatic Adenocarcinoma,False,False,False,False,False,False,0,False,False,
CCLF_UPGI_0068_T,CCLFUPGI0068T,ACH-002757,,,,,,Esophagus/Stomach,Esophagogastric Adenocarcinoma,False,False,False,False,False,False,0,False,False,
NCC-OS1-X2-C1,NCCOS1X2C1,ACH-002778,,,NCCOS1X2C1_BONE,,,Bone,Osteosarcoma,False,False,False,False,False,False,0,False,True,
NCC-ESOS1-C1,NCCESOS1C1,ACH-002779,,,,,,Bone,Osteosarcoma,False,False,False,False,False,False,0,False,True,
NCC-ES1-C1,NCCES1C1,ACH-002780,,,NCCES1C1_BONE,,,Bone,Ewing Sarcoma,False,False,False,False,False,False,0,False,True,
NCC-dCS1-C1,NCCDCS1C1,ACH-002781,,,NCCDCS1C1_BONE,,,Bone,Chondrosarcoma,False,False,False,False,False,False,0,False,True,
NCC-UPS1-C1,NCCUPS1C1,ACH-002782,,,,,,Soft Tissue,Undifferentiated Pleomorphic Sarcoma/Malignant Fibrous Histiocytoma/High-Grade Spindle Cell Sarcoma,False,False,False,False,False,False,0,False,True,
NCC-UPS2-C1,NCCUPS2C1,ACH-002784,,,NCCUPS2C1_SOFT_TISSUE,,,Soft Tissue,Undifferentiated Pleomorphic Sarcoma/Malignant Fibrous Histiocytoma/High-Grade Spindle Cell Sarcoma,False,False,False,False,False,False,0,False,True,
NCC-LMS1-C1,NCCLMS1C1,ACH-002785,,,,,,Soft Tissue,Leiomyosarcoma,False,False,False,False,False,False,0,False,True,
NCC-pRMS1-C1,NCCPRMS1C1,ACH-002787,,,NCCPRMS1C1_Sarcoma,,,Soft Tissue,Rhabdomyosarcoma,False,False,False,False,False,False,0,False,True,
NCC-SS1-C1,NCCSS1C1,ACH-002789,,,,,,Soft Tissue,Synovial Sarcoma,False,False,False,False,False,False,0,False,True,
NCC-SS2-C1,NCCSS2C1,ACH-002790,,,,,,Soft Tissue,Synovial Sarcoma,False,False,False,False,False,False,0,False,True,
NCC-CCS1B-C1,NCCCCS1BC1,ACH-002792,,,NCCCCS1BC1_Sarcoma_Clear_Cell,,,Soft Tissue,Clear Cell Sarcoma,False,False,False,False,False,False,0,False,True,
NCC-MFS1-C1,NCCMFS1C1,ACH-002794,,,,,,Soft Tissue,Myxofibrosarcoma,False,False,False,False,False,False,0,False,True,
NCC-CDS1-X1-C1,NCCCDS1X1C1,ACH-002795,,,,,,Soft Tissue,CIC-DUX4 Sarcoma,False,False,False,False,False,False,0,False,True,
NCC-CDS1-X3-C1,NCCCDS1X3C1,ACH-002796,,,,,,Soft Tissue,CIC-DUX4 Sarcoma,False,False,False,False,False,False,0,False,True,
NCC-DFSP2-C1,NCCDFSP2C1,ACH-002798,,,,,,Skin,Dermatofibrosarcoma Protuberans,False,False,False,False,False,False,0,False,True,
NCC-MPNST1-C1,NCCMPNST1C1,ACH-002799,,,,,,Peripheral Nervous System,Nerve Sheath Tumor,False,False,False,False,False,False,0,False,True,
NCC-MPNST2-C1,NCCMPNST2C1,ACH-002800,,,,,,Peripheral Nervous System,Nerve Sheath Tumor,False,False,False,False,False,False,0,False,True,
NCC-MPNST3-C1,NCCMPNST3C1,ACH-002801,,,NCCMPNST3C1_MPNST,,,Peripheral Nervous System,Nerve Sheath Tumor,False,False,False,False,False,False,0,False,True,
NCC-MPNST3-X2-C1,NCCMPNST3X2C1,ACH-002802,,,,,,Peripheral Nervous System,Nerve Sheath Tumor,False,False,False,False,False,False,0,False,True,
TB096,TB096,ACH-002806,,,TB096_BRAIN,,,CNS/Brain,Adult-Type Diffuse Glioma,False,False,False,False,False,False,0,False,True,
OS384,OS384,ACH-002834,,,PSS131R_Osteosarcoma,,,Bone,Osteosarcoma,False,False,False,False,False,False,0,False,True,
CCLF_UPGI_0011_T,CCLFUPGI0011T,ACH-002835,,,,,,Esophagus/Stomach,Esophagogastric Adenocarcinoma,False,False,False,False,False,False,0,False,False,
HCM-BROD-0100-C15,HCMBROD0100C15,ACH-002837,,,,,,Esophagus/Stomach,Esophagogastric Adenocarcinoma,False,False,False,False,False,False,0,False,False,
CCLF_CORE_0002_T,CCLFCORE0002T,ACH-002839,,,,,,Bowel,Colorectal Adenocarcinoma,False,False,False,False,False,False,0,False,False,
CCLF_RARE_0020_T,CCLFRARE0020T,ACH-002843,,,,,,Soft Tissue,Desmoid/Aggressive Fibromatosis,False,False,False,False,False,False,0,False,True,
CCLF_RARE_0025_T,CCLFRARE0025T,ACH-002844,,,,,,Soft Tissue,Desmoid/Aggressive Fibromatosis,False,False,False,False,False,False,0,False,True,
YUSEEP-M 16-3517,YUSEEPM163517,ACH-002846,,,,,,Skin,Melanoma,False,False,False,False,False,False,0,False,True,
YUHOIN,YUHOIN,ACH-002847,,,YUHOIN0650_Melanoma_Skin,,,Skin,Melanoma,False,False,False,False,False,False,0,False,True,
HCM-BROD-0489-C15,HCMBROD0489C15,ACH-002871,,,,,,Esophagus/Stomach,Esophagogastric Adenocarcinoma,False,False,False,False,False,False,0,False,False,
IPM-BO-053L,IPMBO053L,ACH-002883,,,,,,Breast,Invasive Breast Carcinoma,False,False,False,False,False,False,0,False,False,
IPM-BO-053R,IPMBO053R,ACH-002884,,,,,,Breast,Invasive Breast Carcinoma,False,False,False,False,False,False,0,False,False,
IPM-BO-056,IPMBO056,ACH-002885,,,,,,Breast,Invasive Breast Carcinoma,False,False,False,False,False,False,0,False,False,
VACO 432,VACO432,ACH-002886,,,,,,Bowel,Colorectal Adenocarcinoma,False,False,False,False,False,False,0,False,True,
BCK4,BCK4,ACH-002921,,,,,,Breast,Invasive Breast Carcinoma,False,False,False,False,False,False,0,False,True,
SK-N-MM,SKNMM,ACH-002922,,,SKNMM_BRAIN_BONE,,,Peripheral Nervous System,Neuroblastoma,False,False,False,False,False,False,0,False,True,
LAI-5S,LAI5S,ACH-002923,,,LAI5S_Neuro,,,Peripheral Nervous System,Neuroblastoma,False,False,False,False,False,False,0,False,True,
UPMM2,UPMM2,ACH-002924,,,,,,Eye,Ocular Melanoma,False,False,False,False,False,False,0,False,True,
UPMM3,UPMM3,ACH-002925,,,,,,Eye,Ocular Melanoma,False,False,False,False,False,False,0,False,True,
UPMD1,UPMD1,ACH-002926,,,UPMD1_Melanoma_Eye,,,Eye,Ocular Melanoma,False,False,False,False,False,False,0,False,True,
UPMD2,UPMD2,ACH-002927,,,,,,Eye,Ocular Melanoma,False,False,False,False,False,False,0,False,True,
MM100511,MM100511,ACH-002928,,,,,,Skin,Melanoma,False,False,False,False,False,False,0,False,True,
CCLF_NEURO_0001_T,CCLFNEURO0001T,ACH-002932,,,CCLFNEURO0001T_CENTRAL_NERVOUS_SYSTEM,,,Bowel,Colorectal Adenocarcinoma,False,False,False,False,False,False,0,False,True,
CCLF_PEDS_0043_T,CCLFPEDS0043T,ACH-002936,,,,,,Soft Tissue,Rhabdomyosarcoma,False,False,False,False,False,False,0,False,True,
CCLF_PEDS_0020_T,CCLFPEDS0020T,ACH-002937,,,,,,Kidney,Wilms' Tumor,False,False,False,False,False,False,0,False,True,
CCLF_RARE_0004_T,CCLFRARE0004T,ACH-002942,,,,,,Soft Tissue,Leiomyosarcoma,False,False,False,False,False,False,0,False,True,
UKE-1,UKE1,ACH-002946,,,,,,Myeloid,Acute Myeloid Leukemia,False,False,False,False,False,False,0,False,True,
NH93T,NH93T,ACH-002950,,,,,,Breast,Invasive Breast Carcinoma,False,False,False,False,False,False,0,False,False,
NH84T,NH84T,ACH-002951,,,,,,Breast,Invasive Breast Carcinoma,False,False,False,False,False,False,0,False,False,
CCLF_UPGI_0012_T,CCLFUPGI0012T,ACH-002954,,,,,,Esophagus/Stomach,Esophagogastric Adenocarcinoma,False,False,False,False,False,False,0,False,False,
CCLF_UPGI_0036_T,CCLFUPGI0036T,ACH-002967,,,,,,Esophagus/Stomach,Esophagogastric Adenocarcinoma,False,False,False,False,False,False,0,False,False,
CCLF_UPGI_0041_T,CCLFUPGI0041T,ACH-002968,,,,,,Esophagus/Stomach,Esophagogastric Adenocarcinoma,False,False,False,False,False,False,0,False,False,
CCLF_UPGI_0085_T,CCLFUPGI0085T,ACH-002972,,,,,,Esophagus/Stomach,Esophagogastric Adenocarcinoma,False,False,False,False,False,False,0,False,False,
CCLF_UPGI_0101_T,CCLFUPGI0101T,ACH-002979,,,,,,Esophagus/Stomach,Esophagogastric Adenocarcinoma,False,False,False,False,False,False,0,False,False,
HCM-BROD-0098-C15,HCMBROD0098C15,ACH-002981,,,,,,Esophagus/Stomach,Esophagogastric Adenocarcinoma,False,False,False,False,False,False,0,False,False,
WSU-AML,WSUAML,ACH-002994,,,WSU-AML_PROSTATE,,,Myeloid,Acute Myeloid Leukemia,False,False,False,False,False,False,0,False,True,
CI34601,CI34601,ACH-002996,,,CI34601_CENTRAL_NERVOUS_SYSTEM,,,Lung,Non-Small Cell Lung Cancer,False,False,False,False,False,False,0,False,False,
A549_CRAF_KD,A549CRAFKD,ACH-003012,,,A549H3_Lung,,,Lung,Non-Small Cell Lung Cancer,False,False,False,False,False,False,0,False,True,
LASCPC-01,LASCPC01,ACH-003019,,,LASCPC01_Prostate,,,Prostate,Prostate Neuroendocrine Carcinoma,False,False,False,False,False,False,0,False,False,
NCI-H774,NCIH774,ACH-003061,,,NCIH774_LUNG,,,Lung,Lung Neuroendocrine Tumor,False,False,False,False,False,False,0,False,True,
TE 130.T,TE130T,ACH-003064,,,TE130T_BONE,,,Bone,Other,False,False,False,False,False,False,0,False,True,
CHLA-02-ATRT,CHLA02ATRT,ACH-003065,,,CHLA02ATRT_BRAIN,,ACH-001025,CNS/Brain,Embryonal Tumor,False,False,False,False,False,False,0,False,True,
CHLA-01R-MED,CHLA01RMED,ACH-003067,,,CHLA01RMED_BRAIN,,,CNS/Brain,Embryonal Tumor,False,False,False,False,False,False,0,False,True,
NCI-H748,NCIH748,ACH-003071,,,NCIH748_LUNG,, ACH-002176,Lung,Lung Neuroendocrine Tumor,False,False,False,False,False,False,0,False,True,
UCSF-OT-1109,UCSFOT1109,ACH-003099,,,UCSFOT1109_UPPER_AERODIGESTIVE_TRACT,,,Head and Neck,Head and Neck Squamous Cell Carcinoma,False,False,False,False,False,False,0,False,True,
EJ-1,EJ1,ACH-003100,,,EJ1_HAEMATOPOIETIC_AND_LYMPHOID_TISSUE,,,Lymphoid,Mature B-Cell Neoplasms,False,False,False,False,False,False,0,False,True,
Z-119,Z119,ACH-003101,,,Z119_HAEMATOPOIETIC_AND_LYMPHOID_TISSUE,,,Lymphoid,B-Cell Acute Lymphoblastic Leukemia,False,False,False,False,False,False,0,False,True,
Z-181,Z181,ACH-003103,,,Z181_HAEMATOPOIETIC_AND_LYMPHOID_TISSUE,,,Lymphoid,B-Cell Acute Lymphoblastic Leukemia,False,False,False,False,False,False,0,False,True,
VMM917,VMM917,ACH-003105,,,VMM917_SKIN,,,Skin,Melanoma,False,False,False,False,False,False,0,False,True,
RC,RC,ACH-003106,,,RC_HAEMATOPOIETIC_AND_LYMPHOID_TISSUE,,,Lymphoid,Mature B-Cell Neoplasms,False,False,False,False,False,False,0,False,True,
JMP-1,JMP1,ACH-003107,,,JMP1_HAEMATOPOIETIC_AND_LYMPHOID_TISSUE,,,Lymphoid,Mature B-Cell Neoplasms,False,False,False,False,False,False,0,False,True,
HF,HF,ACH-003108,,,HF_HAEMATOPOIETIC_AND_LYMPHOID_TISSUE,,,Lymphoid,Mature B-Cell Neoplasms,False,False,False,False,False,False,0,False,True,
Hs 856.T,HS856T,ACH-003111,,,HS856T_SOFT_TISSUE,,,Soft Tissue,Undifferentiated Pleomorphic Sarcoma/Malignant Fibrous Histiocytoma/High-Grade Spindle Cell Sarcoma,False,False,False,False,False,False,0,False,True,
NCI-H1450,NCIH1450,ACH-003119,,,NCIH1450_LUNG,,,Lung,Lung Neuroendocrine Tumor,False,False,False,False,False,False,0,False,True,
NCI-H1607,NCIH1607,ACH-003120,,,NCIH1607_LUNG,,,Lung,Lung Neuroendocrine Tumor,False,False,False,False,False,False,0,False,True,
NCI-H2679,NCIH2679,ACH-003121,,,NCIH2679_LUNG,,,Lung,Lung Neuroendocrine Tumor,False,False,False,False,False,False,0,False,True,
ASPS-KY,ASPSKY,ACH-003125,,,,,,Soft Tissue,Alveolar Soft Part Sarcoma,False,False,False,False,False,False,0,False,True,
ABM-T0009,ABMT0009,ACH-003132,,,,,,,Non-Cancerous,False,False,False,False,False,False,0,False,True,
ABM-T0021,ABMT0021,ACH-003133,,,,,,,Non-Cancerous,False,False,False,False,False,False,0,False,True,
ABM-T0168,ABMT0168,ACH-003134,,,,,,,Non-Cancerous,False,False,False,False,False,False,0,False,True,
ABM-T0280,ABMT0280,ACH-003135,,,,,,CNS/Brain,Non-Cancerous,False,False,False,False,False,False,0,False,True,
ABM-T0023,ABMT0023,ACH-003136,,,,,,,Non-Cancerous,False,False,False,False,False,False,0,False,True,
ABM-T0281,ABMT0281,ACH-003137,,,,,,CNS/Brain,Non-Cancerous,False,False,False,False,False,False,0,False,True,
ABM-T0292,ABMT0292,ACH-003138,,,,,,CNS/Brain,Non-Cancerous,False,False,False,False,False,False,0,False,True,
ABM-T0457,ABMT0457,ACH-003139,,,,,,Muscle,Non-Cancerous,False,False,False,False,False,False,0,False,True,
ABM-T0557,ABMT0557,ACH-003141,,,,,,Muscle,Non-Cancerous,False,False,False,False,False,False,0,False,True,
ABM-T0558,ABMT0558,ACH-003142,,,,,,Muscle,Non-Cancerous,False,False,False,False,False,False,0,False,True,
ABM-T0616,ABMT0616,ACH-003143,,,,,,Kidney,Non-Cancerous,False,False,False,False,False,False,0,False,True,
ABM-T0725,ABMT0725,ACH-003145,,,,,,Embryonal,Non-Cancerous,False,False,False,False,False,False,0,False,True,
ABM-T0732,ABMT0732,ACH-003147,,,,,,,Non-Cancerous,False,False,False,False,False,False,0,False,False,
ABM-T0781,ABMT0781,ACH-003148,,,,,,CNS/Brain,Non-Cancerous,False,False,False,False,False,False,0,False,True,
ABM-T0782,ABMT0782,ACH-003149,,,,,,Muscle,Non-Cancerous,False,False,False,False,False,False,0,False,True,
ABM-T0783,ABMT0783,ACH-003150,,,,,,CNS/Brain,Non-Cancerous,False,False,False,False,False,False,0,False,True,
ABM-T0796,ABMT0796,ACH-003152,,,,,,Lung,Non-Cancerous,False,False,False,False,False,False,0,False,True,
ABM-T0794,ABMT0794,ACH-003153,,,,,,Lung,Non-Cancerous,False,False,False,False,False,False,0,False,True,
ABM-T0795,ABMT0795,ACH-003154,,,,,,Lung,Non-Cancerous,False,False,False,False,False,False,0,False,True,
ABM-T0789,ABMT0789,ACH-003155,,,,,,Liver,Non-Cancerous,False,False,False,False,False,False,0,False,True,
ABM-T0797,ABMT0797,ACH-003156,,,,,,Lung,Non-Cancerous,False,False,False,False,False,False,0,False,True,
ABM-T0822,ABMT0822,ACH-003157,,,,,,Lung,Non-Cancerous,False,False,False,False,False,False,0,False,True,
ABM-T9220,ABMT9220,ACH-003158,,,,,,Muscle,Non-Cancerous,False,False,False,False,False,False,0,False,True,
ABM-T9233,ABMT9233,ACH-003159,,,,,,Hair,Non-Cancerous,False,False,False,False,False,False,0,False,True,
ABM-T9249,ABMT9249,ACH-003160,,,,,,Hair,Non-Cancerous,False,False,False,False,False,False,0,False,True,
ABM-T9430,ABMT9430,ACH-003161,,,,,,Pancreas,Non-Cancerous,False,False,False,False,False,False,0,False,True,
NRH-OS1,NRHOS1,ACH-003171,,,NRH-OS1,,,Bone,Osteosarcoma,False,False,False,False,False,False,0,False,True,
NRH-GCT1,NRHGCT1,ACH-003176,,,NRH-GCT1,,,Bone,Osteosarcoma,False,False,False,False,False,False,0,False,True,
NRH-UPS1,NRHUPS1,ACH-003177,,,NRH-UPS1,,,Soft Tissue,Undifferentiated Pleomorphic Sarcoma/Malignant Fibrous Histiocytoma/High-Grade Spindle Cell Sarcoma,False,False,False,False,False,False,0,False,True,
NRH-OS2,NRHOS2,ACH-003178,,,NRH-OS2,,,Bone,Osteosarcoma,False,False,False,False,False,False,0,False,True,
NRH-UPS2,NRHUPS2,ACH-003180,,,NRH-UPS2,,,Soft Tissue,Undifferentiated Pleomorphic Sarcoma/Malignant Fibrous Histiocytoma/High-Grade Spindle Cell Sarcoma,False,False,False,False,False,False,0,False,True,
NRH-LMS1,NRHLMS1,ACH-003181,,,NRH-LMS1,,,Soft Tissue,Leiomyosarcoma,False,False,False,False,False,False,0,False,True,
NRH-MFS3,NRHMFS3,ACH-003183,,,NRH-MFS3,,,Soft Tissue,Myxofibrosarcoma,False,False,False,False,False,False,0,False,True,
NRH-LMS2,NRHLMS2,ACH-003184,,,NRH-LMS2,,,Soft Tissue,Leiomyosarcoma,False,False,False,False,False,False,0,False,True,
NRH-OS4,NRHOS4,ACH-003185,,,NRH-OS4,,,Bone,Osteosarcoma,False,False,False,False,False,False,0,False,True,
NRH-UPS3,NRHUPS3,ACH-003186,,,NRH-UPS3,,,Soft Tissue,Undifferentiated Pleomorphic Sarcoma/Malignant Fibrous Histiocytoma/High-Grade Spindle Cell Sarcoma,False,False,False,False,False,False,0,False,True,
NRH-UPS4,NRHUPS4,ACH-003187,,,NRH-UPS4,,,Soft Tissue,Undifferentiated Pleomorphic Sarcoma/Malignant Fibrous Histiocytoma/High-Grade Spindle Cell Sarcoma,False,False,False,False,False,False,0,False,True,
NRH-LS3,NRHLS3,ACH-003189,,,NRH-LS3,,,Soft Tissue,Liposarcoma,False,False,False,False,False,False,0,False,True,
NRH-UPS7,NRHUPS7,ACH-003190,,,NRH-UPS7,,,Soft Tissue,Undifferentiated Pleomorphic Sarcoma/Malignant Fibrous Histiocytoma/High-Grade Spindle Cell Sarcoma,False,False,False,False,False,False,0,False,True,
NRH-GCT2,NRHGCT2,ACH-003191,,,NRH-GCT2,,,Bone,Giant Cell Tumor of Bone,False,False,False,False,False,False,0,False,True,
Hs 38.T,HS38T,ACH-003221,,,,,,Fibroblast,Non-Cancerous,False,False,False,False,False,False,0,False,True,
U-CH11-R,UCH11R,ACH-003226,,,,,,Bone,Chordoma,False,False,False,False,False,False,0,False,True,
U-CH17M,UCH17M,ACH-003227,,,,,,Bone,Chordoma,False,False,False,False,False,False,0,False,True,
CCLF_RARE_0010_T,CCLFRARE0010T,ACH-003265,,,,,ACH-003482,Soft Tissue,Leiomyosarcoma,False,False,False,False,False,False,0,False,True,
CCLF_RARE_0021_T,CCLFRARE0021T,ACH-003266,,,,, ACH-003483,Soft Tissue,Leiomyosarcoma,False,False,False,False,False,False,0,False,True,
CCLF_RARE_0009_T,CCLFRARE0009T,ACH-003267,,,,,"ACH-002768, ACH-003484",Soft Tissue,Leiomyosarcoma,False,False,False,False,False,False,0,False,True,
CCLF_RARE_0022_T,CCLFRARE0022T,ACH-003268,,,,,ACH-003485,Soft Tissue,Leiomyosarcoma,False,False,False,False,False,False,0,False,True,
CCLF_RARE_0019_T,CCLFRARE0019T,ACH-003269,,,,,ACH-003269,Soft Tissue,Leiomyosarcoma,False,False,False,False,False,False,0,False,True,
CHRF-288-11,CHRF28811,ACH-003273,,,,,,Myeloid,Acute Myeloid Leukemia,False,False,False,False,False,False,0,False,True,
BJ,BJ,ACH-003283,,,,,,Fibroblast,Non-Cancerous,False,False,False,False,False,False,0,False,True,
WI-38,WI38,ACH-003284,,,,,,Fibroblast,Non-Cancerous,False,False,False,False,False,False,0,False,True,
C-20/A4,C20A4,ACH-003295,,,,,,,Non-Cancerous,False,False,False,False,False,False,0,False,True,
T/C28a2,TC28a2,ACH-003296,,,,,,,Non-Cancerous,False,False,False,False,False,False,0,False,True,
C28/I2,C28I2,ACH-003297,,,,,,,Non-Cancerous,False,False,False,False,False,False,0,False,True,
HBEC3-KT,HBEC3KT,ACH-003305,,,,,,,Non-Cancerous,False,False,False,False,False,False,0,False,True,
Het-1A,Het1A,ACH-003307,,,,,,,Non-Cancerous,False,False,False,False,False,False,0,False,True,
THLE-3,THLE3,ACH-003308,,,,,,,Non-Cancerous,False,False,False,False,False,False,0,False,True,
HuLa-PC,HuLaPC,ACH-003313,,,,,,,Non-Cancerous,False,False,False,False,False,False,0,False,True,
U-CHCF365,UCHCF365,ACH-003410,,,,,,Bone,Chordoma,False,False,False,False,False,False,0,False,True,
CCLF_NEURO_0046_T,CCLFNEURO0046T,ACH-003426,,,,,,Esophagus/Stomach,Esophagogastric Adenocarcinoma,False,False,False,False,False,False,0,False,True,
CCLF_PANC_0074_T,CCLFPANC0074T,ACH-003429,,,,,,Pancreas,Pancreatic Adenocarcinoma,False,False,False,False,False,False,0,False,False,
CCLF_PANC_0002_T,CCLFPANC0002T,ACH-003430,,,,,,Pancreas,Pancreatic Adenocarcinoma,False,False,False,False,False,False,0,False,False,
CCLF_PANC_0019_T,CCLFPANC0019T,ACH-003433,,,,,,Pancreas,Pancreatic Adenocarcinoma,False,False,False,False,False,False,0,False,True,
CCLF_UPGI_0078_T,CCLFUPGI0078T,ACH-003437,,,,,,Esophagus/Stomach,Esophagogastric Adenocarcinoma,False,False,False,False,False,False,0,False,True,
CCLF_NEURO_0005_T,CCLFNEURO0005T,ACH-003438,,,,,,CNS/Brain,Adult-Type Diffuse Glioma,False,False,False,False,False,False,0,False,True,
CCLF_PEDS_0048_T,CCLFPEDS0048T,ACH-003451,,,,,,Kidney,Wilms' Tumor,False,False,False,False,False,False,0,False,True,
CCLF_MELM_0004_T,CCLFMELM0004T,ACH-003455,,,,,,Skin,Melanoma,False,False,False,False,False,False,0,False,True,
CCLF_MELM_0006_T,CCLFMELM0006T,ACH-003456,,,,,,Skin,Melanoma,False,False,False,False,False,False,0,False,True,
CCLF_MELM_0038_T,CCLFMELM0038T,ACH-003457,,,,,,Skin,Melanoma,False,False,False,False,False,False,0,False,True,
CCLF_MELM_0010_T,CCLFMELM0010T,ACH-003458,,,,,,Skin,Melanoma,False,False,False,False,False,False,0,False,True,
CCLF_MELM_0011_T,CCLFMELM0011T,ACH-003459,,,,,,Skin,Melanoma,False,False,False,False,False,False,0,False,True,
CCLF_HEME_0001_T,CCLFHEME0001T,ACH-003460,,,,,,Lymphoid,Mature B-Cell Neoplasms,False,False,False,False,False,False,0,False,True,
CCLF_HEME_0004_T,CCLFHEME0004T,ACH-003463,,,,,,Lymphoid,Mature T and NK Neoplasms,False,False,False,False,False,False,0,False,True,
CCLF_NPDX_0008_T,CCLFNPDX0008T,ACH-003464,,,,,,Soft Tissue,Liposarcoma,False,False,False,False,False,False,0,False,True,
CCLF_HNSC_0004_T,CCLFHNSC0004T,ACH-003465,,,,,,Head and Neck,Head and Neck Squamous Cell Carcinoma,False,False,False,False,False,False,0,False,True,
CCLF_THYR_0003_T,CCLFTHYR0003T,ACH-003468,,,,,,Thyroid,Anaplastic Thyroid Cancer,False,False,False,False,False,False,0,False,True,
CCLF_THYR_0004_T,CCLFTHYR0004T,ACH-003469,,,,,,Thyroid,Anaplastic Thyroid Cancer,False,False,False,False,False,False,0,False,True,
CCLF_THYR_0005_T,CCLFTHYR0005T,ACH-003470,,,,,,Thyroid,Anaplastic Thyroid Cancer,False,False,False,False,False,False,0,False,True,
CCLF_THYR_0006_T,CCLFTHYR0006T,ACH-003471,,,,,,Thyroid,Well-Differentiated Thyroid Cancer,False,False,False,False,False,False,0,False,True,
CCLF_THYR_0009_T,CCLFTHYR0009T,ACH-003472,,,,,,Thyroid,Medullary Thyroid Cancer,False,False,False,False,False,False,0,False,True,
CCLF_PEDS_0013_T,CCLFPEDS0013T,ACH-003473,,,,,,Soft Tissue,Rhabdomyosarcoma,False,False,False,False,False,False,0,False,True,
CCLF_HNSC_0001_T,CCLFHNSC0001T,ACH-003474,,,,,,Head and Neck,Head and Neck Squamous Cell Carcinoma,False,False,False,False,False,False,0,False,True,
CCLF_HNSC_0003_T,CCLFHNSC0003T,ACH-003475,,,,,,Head and Neck,Head and Neck Squamous Cell Carcinoma,False,False,False,False,False,False,0,False,True,
CCLF_HNSC_0002_T,CCLFHNSC0002T,ACH-003476,,,,,,Esophagus/Stomach,Esophageal Squamous Cell Carcinoma,False,False,False,False,False,False,0,False,True,
CCLF_THYR_0001_T,CCLFTHYR0001T,ACH-003480,,,,,,Thyroid,Anaplastic Thyroid Cancer,False,False,False,False,False,False,0,False,False,
C337,C337,ACH-003573,,,,,,Bone,Osteosarcoma,False,False,False,False,False,False,0,False,True,
531MII,531MII,ACH-003587,,,,,,Bone,Osteosarcoma,False,False,False,False,False,False,0,False,True,
YCUB-2,YCUB2,ACH-003590,,,,,ACH-003533,Lymphoid,B-Cell Acute Lymphoblastic Leukemia,False,False,False,False,False,False,0,False,True,
